code10,univtxt,univsearch
1005550110,旭川医科大学 医 医,旭川医大 医学部 医学科 
1005550210,旭川医科大学 医 看護,旭川医大 医学部 看護学科 
1010200010,小樽商科大学 商 ,小樽商大 商学部 
1010240010,小樽商科大学 商夜 ,小樽商大 商学部夜間主コース 
1015740510,帯広畜産大学 畜産 畜産科学,帯広畜産大 畜産学部 畜産科学課程 
1015740610,帯広畜産大学 畜産 共同獣医学,帯広畜産大 畜産学部 共同獣医学課程 
1020461210,北見工業大学 工 先進工,北見工大 工学部 先進工学科 
1025010110,北海道大学 文 人文科学,北海道大北大 HU 文学部 人文科学科 
1025120110,北海道大学 法 法学,北海道大北大 HU 法学部 法学課程 
1025180010,北海道大学 経済 ,北海道大北大 HU 経済学部 
1025300110,北海道大学 教育 教育,北海道大北大 HU 教育学部 教育学科 
1025420120,北海道大学 理 化学,北海道大北大 HU北海道大学 理 化学
1025420320,北海道大学 理 数学,北海道大北大 HU北海道大学 理 数学
1025420720,北海道大学 理 地球惑星科学,北海道大北大 HU北海道大学 理 地球惑星科学
1025420820,北海道大学 理 物理,北海道大北大 HU北海道大学 理 物理
1025421320,北海道大学 理 生物／生物学,北海道大北大 HU北海道大学 理 生物／生物学
1025421420,北海道大学 理 生物／高分子,北海道大北大 HU北海道大学 理 生物／高分子
1025461120,北海道大学 工 環境社会工,北海道大北大 HU北海道大学 工 環境社会工
1025461220,北海道大学 工 情報エレクト,北海道大北大 HU北海道大学 工 情報エレクト
1025461820,北海道大学 工 応用理工系,北海道大北大 HU北海道大学 工 応用理工系
1025461920,北海道大学 工 機械知能工,北海道大北大 HU北海道大学 工 機械知能工
1025550110,北海道大学 医 医,北海道大北大 HU 医学部 医学科 
1025550310,北海道大学 医 保健／看護学,北海道大北大 HU 医学部 保健学科 看護学専攻 
1025550410,北海道大学 医 保健／放射線,北海道大北大 HU 医学部 保健学科 放射線技術科学専攻 
1025550510,北海道大学 医 保健／検査技,北海道大北大 HU 医学部 保健学科 検査技術科学専攻 
1025550610,北海道大学 医 保健／理学療,北海道大北大 HU 医学部 保健学科 理学療法学専攻 
1025550710,北海道大学 医 保健／作業療,北海道大北大 HU 医学部 保健学科 作業療法学専攻 
1025580110,北海道大学 歯 歯,北海道大北大 HU 歯学部 歯学科 
1025610020,北海道大学 薬 ,北海道大北大 HU北海道大学 薬 
1025720020,北海道大学 農 ,北海道大北大 HU北海道大学 農 
1025730010,北海道大学 水産 ,北海道大北大 HU 水産学部 
1025740210,北海道大学 獣医 共同獣医学,北海道大北大 HU 獣医学部 共同獣医学課程 
1025910010,北海道大学 総合文系 ,北海道大北大 HU 総合入試文系 
1025920010,北海道大学 総合理系 ,北海道大北大 HU 総合入試理系 
1030301710,北海道教育大学旭川校 教育 教員／教育発,北教大旭川校 教育学部 教員養成課程 教育発達専攻 
1030301910,北海道教育大学旭川校 教育 教員／国語,北教大旭川校 教育学部 教員養成課程 国語教育専攻 
1030302010,北海道教育大学旭川校 教育 教員／英語,北教大旭川校 教育学部 教員養成課程 英語教育専攻 
1030302710,北海道教育大学旭川校 教育 教員／社会,北教大旭川校 教育学部 教員養成課程 社会科教育専攻 
1030302810,北海道教育大学旭川校 教育 教員／数学,北教大旭川校 教育学部 教員養成課程 数学教育専攻 
1030302910,北海道教育大学旭川校 教育 教員／理科,北教大旭川校 教育学部 教員養成課程 理科教育専攻 
1030303010,北海道教育大学旭川校 教育 教員／生活技,北教大旭川校 教育学部 教員養成課程 生活・技術教育専攻 
1030303210,北海道教育大学旭川校 教育 教員／音楽,北教大旭川校 教育学部 教員養成課程 芸術・保健体育教育専攻 音楽分野
1030303310,北海道教育大学旭川校 教育 教員／美術,北教大旭川校 教育学部 教員養成課程 芸術・保健体育教育専攻 美術分野
1030303410,北海道教育大学旭川校 教育 教員／保健体,北教大旭川校 教育学部 教員養成課程 芸術・保健体育教育専攻 保健体育分野
1035302110,北海道教育大学岩見沢校 教育 芸術／芸術ス,北教大岩見沢校 教育学部 芸術・スポーツ文化学科 芸術・スポーツビジネス専攻 
1035302210,北海道教育大学岩見沢校 教育 芸術／声楽,北教大岩見沢校 教育学部 芸術・スポーツ文化学科 音楽文化専攻 声楽コース
1035302310,北海道教育大学岩見沢校 教育 芸術／鍵・作,北教大岩見沢校 教育学部 芸術・スポーツ文化学科 音楽文化専攻 鍵盤楽器・作曲コース
1035302410,北海道教育大学岩見沢校 教育 芸術／管弦打,北教大岩見沢校 教育学部 芸術・スポーツ文化学科 音楽文化専攻 管弦打楽器コース
1035302510,北海道教育大学岩見沢校 教育 芸術／音楽教,北教大岩見沢校 教育学部 芸術・スポーツ文化学科 音楽文化専攻 音楽教育・音楽文化コース
1035303220,北海道教育大学岩見沢校 教育 芸術／音楽文,北教大岩見沢校北海道教育大学岩見沢校 教育 芸術／音楽文
1035303310,北海道教育大学岩見沢校 教育 芸術／美術文,北教大岩見沢校 教育学部 芸術・スポーツ文化学科 美術文化専攻 
1035303410,北海道教育大学岩見沢校 教育 芸術／スポー,北教大岩見沢校 教育学部 芸術・スポーツ文化学科 スポーツ文化専攻 
1040303210,北海道教育大学釧路校 教育 教員／地域学,北教大釧路校 教育学部 教員養成課程 地域学校教育実践専攻 
1045302010,北海道教育大学札幌校 教育 教員／特別支,北教大札幌校 教育学部 教員養成課程 特別支援教育専攻 
1045302110,北海道教育大学札幌校 教育 教員／養護教,北教大札幌校 教育学部 教員養成課程 養護教育専攻 
1045302410,北海道教育大学札幌校 教育 教員／学校教,北教大札幌校 教育学部 教員養成課程 学校教育専攻 
1045302510,北海道教育大学札幌校 教育 教員／言語社,北教大札幌校 教育学部 教員養成課程 言語・社会教育専攻 
1045302610,北海道教育大学札幌校 教育 教員／理数教,北教大札幌校 教育学部 教員養成課程 理数教育専攻 
1045302710,北海道教育大学札幌校 教育 教員／生活創,北教大札幌校 教育学部 教員養成課程 生活創造教育専攻 
1045302810,北海道教育大学札幌校 教育 教員／図画工,北教大札幌校 教育学部 教員養成課程 芸術体育教育専攻 図画工作・美術教育分野
1045302910,北海道教育大学札幌校 教育 教員／音楽,北教大札幌校 教育学部 教員養成課程 芸術体育教育専攻 音楽教育分野
1045303010,北海道教育大学札幌校 教育 教員／保健体,北教大札幌校 教育学部 教員養成課程 芸術体育教育専攻 保健体育教育分野
1050303210,北海道教育大学函館校 教育 国際／国際協,北教大函館校 教育学部 国際地域学科 地域協働専攻 国際協働グループ
1050303310,北海道教育大学函館校 教育 国際／地域政,北教大函館校 教育学部 国際地域学科 地域協働専攻 地域政策グループ
1050303410,北海道教育大学函館校 教育 国際／地域環,北教大函館校 教育学部 国際地域学科 地域協働専攻 地域環境科学グループ
1050303510,北海道教育大学函館校 教育 国際／地域教,北教大函館校 教育学部 国際地域学科 地域教育専攻 
1055470110,室蘭工業大学 理工 創造工,室蘭工大 理工学部 創造工学科 
1055470210,室蘭工業大学 理工 システム理化,室蘭工大 理工学部 システム理化学科 
1055530110,室蘭工業大学 理工夜 創造工,室蘭工大 理工学部夜間主コース 創造工学科 
1060270110,弘前大学 人文社会 文化創生,弘前大 人文社会科学部 文化創生課程 
1060270211,弘前大学 人文社会 社会経営,弘前大 人文社会科学部 社会経営課程 
1060301510,弘前大学 教育 養護教諭,弘前大 教育学部 養護教諭養成課程 
1060304810,弘前大学 教育 学校／特別支,弘前大 教育学部 学校教育教員養成課程 特別支援教育専攻 
1060304910,弘前大学 教育 学校／小学校,弘前大 教育学部 学校教育教員養成課程 初等中等教育専攻 小学校コース
1060305010,弘前大学 教育 学校／国語,弘前大 教育学部 学校教育教員養成課程 初等中等教育専攻 中学校コース・国語専修
1060305110,弘前大学 教育 学校／社会,弘前大 教育学部 学校教育教員養成課程 初等中等教育専攻 中学校コース・社会専修
1060305210,弘前大学 教育 学校／数学,弘前大 教育学部 学校教育教員養成課程 初等中等教育専攻 中学校コース・数学専修
1060305310,弘前大学 教育 学校／理科,弘前大 教育学部 学校教育教員養成課程 初等中等教育専攻 中学校コース・理科専修
1060305810,弘前大学 教育 学校／家庭,弘前大弘前大学 教育 学校／家庭
1060305910,弘前大学 教育 学校／英語,弘前大 教育学部 学校教育教員養成課程 初等中等教育専攻 中学校コース・英語専修
1060470710,弘前大学 理工 物質創成化,弘前大 理工学部 物質創成化学科 
1060470810,弘前大学 理工 電子情報工,弘前大 理工学部 電子情報工学科 
1060470911,弘前大学 理工 数物科学,弘前大 理工学部 数物科学科 
1060471010,弘前大学 理工 地球環境防災,弘前大 理工学部 地球環境防災学科 
1060471110,弘前大学 理工 機械科学,弘前大 理工学部 機械科学科 
1060471210,弘前大学 理工 自然エネルギ,弘前大 理工学部 自然エネルギー学科 
1060550111,弘前大学 医 医,弘前大 医学部 医学科 
1060550310,弘前大学 医 保健／看護学,弘前大 医学部 保健学科 看護学専攻 
1060550410,弘前大学 医 保健／放射線,弘前大 医学部 保健学科 放射線技術科学専攻 
1060550510,弘前大学 医 保健／検査技,弘前大 医学部 保健学科 検査技術科学専攻 
1060550610,弘前大学 医 保健／理学療,弘前大 医学部 保健学科 理学療法学専攻 
1060550710,弘前大学 医 保健／作業療,弘前大 医学部 保健学科 作業療法学専攻 
1060550810,弘前大学 医 心理支援科学,弘前大 医学部 心理支援科学科 
1060740510,弘前大学 農学生命 生物,弘前大 農学生命科学部 生物学科 
1060740610,弘前大学 農学生命 分子生命科学,弘前大 農学生命科学部 分子生命科学科 
1060740710,弘前大学 農学生命 食料資源,弘前大 農学生命科学部 食料資源学科 
1060740810,弘前大学 農学生命 国際園芸農,弘前大 農学生命科学部 国際園芸農学科 
1060740910,弘前大学 農学生命 地域環境工,弘前大 農学生命科学部 地域環境工学科 
1065270610,岩手大学 人文社会 人間文化,岩手大 人文社会科学部 人間文化課程 
1065270710,岩手大学 人文社会 地域政策,岩手大 人文社会科学部 地域政策課程 
1065301510,岩手大学 教育 学校／小学校,岩手大 教育学部 学校教育教員養成課程 小学校教育コース 
1065302710,岩手大学 教育 学校／特別支,岩手大 教育学部 学校教育教員養成課程 特別支援教育コース 
1065304010,岩手大学 教育 学校／国語,岩手大 教育学部 学校教育教員養成課程 中学校教育コース 国語サブコース
1065304110,岩手大学 教育 学校／社会,岩手大 教育学部 学校教育教員養成課程 中学校教育コース 社会サブコース
1065304410,岩手大学 教育 学校／英語,岩手大 教育学部 学校教育教員養成課程 中学校教育コース 英語サブコース
1065304510,岩手大学 教育 学校／音楽,岩手大 教育学部 学校教育教員養成課程 中学校教育コース 音楽サブコース
1065304610,岩手大学 教育 学校／美術,岩手大 教育学部 学校教育教員養成課程 中学校教育コース 美術サブコース
1065304710,岩手大学 教育 学校／保健体,岩手大 教育学部 学校教育教員養成課程 中学校教育コース 保健体育サブコース
1065304810,岩手大学 教育 学校／数学,岩手大 教育学部 学校教育教員養成課程 理数教育コース 数学サブコース
1065304910,岩手大学 教育 学校／理科,岩手大 教育学部 学校教育教員養成課程 理数教育コース 理科サブコース
1065471210,岩手大学 理工 理工／化学,岩手大 理工学部 理工学科 化学クラス 
1065471310,岩手大学 理工 理工／数理物,岩手大 理工学部 理工学科 数理・物理クラス 
1065471410,岩手大学 理工 理工／材料科,岩手大 理工学部 理工学科 材料科学クラス 
1065471510,岩手大学 理工 理工／情報系,岩手大 理工学部 理工学科 情報系クラス 
1065471610,岩手大学 理工 理工／電気電,岩手大 理工学部 理工学科 電気電子・情報通信クラス 
1065471710,岩手大学 理工 理工／機械知,岩手大 理工学部 理工学科 機械知能航空クラス 
1065471810,岩手大学 理工 理工／社会基,岩手大 理工学部 理工学科 社会基盤・環境工学クラス 
1065471910,岩手大学 理工 理工／データ,岩手大 理工学部 理工学科 データサイエンス応用オープンクラス 
1065721910,岩手大学 農 食料／農学,岩手大 農学部 食料農学科 農学コース 
1065722010,岩手大学 農 食料／食品健,岩手大 農学部 食料農学科 食品健康科学コース 
1065722110,岩手大学 農 生命／機能学,岩手大 農学部 生命科学科 分子生物機能学コース 
1065722210,岩手大学 農 生命／医科学,岩手大 農学部 生命科学科 分子生命医科学コース 
1065722310,岩手大学 農 地域／革新農,岩手大 農学部 地域環境科学科 革新農業コース 
1065722410,岩手大学 農 地域／森林科,岩手大 農学部 地域環境科学科 森林科学コース 
1065722510,岩手大学 農 動物／動物科,岩手大 農学部 動物科学・水産科学科 動物科学コース 
1065722610,岩手大学 農 動物／水産シ,岩手大 農学部 動物科学・水産科学科 水産システム学コース 
1065740110,岩手大学 獣医 共同獣医,岩手大 獣医学部 共同獣医学科 
1070010610,東北大学 文 人文社会,東北大TU 文学部 人文社会学科 
1070120110,東北大学 法 法,東北大TU 法学部 法学科 
1070180010,東北大学 経済 ,東北大TU 経済学部 
1070300310,東北大学 教育 教育科学,東北大TU 教育学部 教育科学科 
1070420310,東北大学 理 化学系,東北大TU 理学部 化学系 
1070420510,東北大学 理 数学系,東北大TU 理学部 数学系 
1070420710,東北大学 理 生物系,東北大TU 理学部 生物系 
1070420810,東北大学 理 地球科学系,東北大TU 理学部 地球科学系 
1070421210,東北大学 理 物理系,東北大TU 理学部 物理系 
1070461810,東北大学 工 機械知能・航,東北大TU 工学部 機械知能・航空工学科 
1070461910,東北大学 工 電気情報物理,東北大TU 工学部 電気情報物理工学科 
1070462010,東北大学 工 化学・バイオ,東北大TU 工学部 化学・バイオ工学科 
1070462110,東北大学 工 材料科学総合,東北大TU 工学部 材料科学総合学科 
1070462210,東北大学 工 建築・社会環,東北大TU 工学部 建築・社会環境工学科 
1070550110,東北大学 医 医,東北大TU 医学部 医学科 
1070550310,東北大学 医 保健／看護学,東北大TU 医学部 保健学科 看護学専攻 
1070550410,東北大学 医 保健／放射線,東北大TU 医学部 保健学科 放射線技術科学専攻 
1070550510,東北大学 医 保健／検査技,東北大TU 医学部 保健学科 検査技術科学専攻 
1070580110,東北大学 歯 歯,東北大TU 歯学部 歯学科 
1070610010,東北大学 薬 ,東北大TU 薬学部 
1070720010,東北大学 農 ,東北大TU 農学部 
1075307811,宮城教育大学 教育 学校／初等教,宮城教育大 教育学部 学校教育教員養成課程 初等教育専攻 
1075307910,宮城教育大学 教育 学校／国語,宮城教育大 教育学部 学校教育教員養成課程 中等教育専攻 国語
1075308010,宮城教育大学 教育 学校／社会,宮城教育大 教育学部 学校教育教員養成課程 中等教育専攻 社会
1075308110,宮城教育大学 教育 学校／英語,宮城教育大 教育学部 学校教育教員養成課程 中等教育専攻 英語
1075308210,宮城教育大学 教育 学校／数学,宮城教育大 教育学部 学校教育教員養成課程 中等教育専攻 数学
1075308310,宮城教育大学 教育 学校／理科,宮城教育大 教育学部 学校教育教員養成課程 中等教育専攻 理科
1075308911,宮城教育大学 教育 学校／特別支,宮城教育大 教育学部 学校教育教員養成課程 特別支援教育専攻 
1080311010,秋田大学 教育文化 学校／特別支,秋田大 教育文化学部 学校教育課程 特別支援教育コース 
1080311110,秋田大学 教育文化 学校／こども,秋田大 教育文化学部 学校教育課程 こども発達コース 
1080311210,秋田大学 教育文化 地域文化,秋田大 教育文化学部 地域文化学科 
1080311312,秋田大学 教育文化 学校／初等中,秋田大 教育文化学部 学校教育課程 初等中等教育コース 
1080370210,秋田大学 国際資源 国際／資源政,秋田大 国際資源学部 国際資源学科 資源政策コース 
1080370310,秋田大学 国際資源 国際／資源地,秋田大 国際資源学部 国際資源学科 資源地球科学コース 
1080370410,秋田大学 国際資源 国際／資源開,秋田大 国際資源学部 国際資源学科 資源開発環境コース 
1080390111,秋田大学 情報デー 情報データ科,秋田大 情報データ科学部 情報データ科学科 
1080480111,秋田大学 総合環境 応用化学生物,秋田大 総合環境理工学部 応用化学生物学科 
1080480211,秋田大学 総合環境 環境数物科学,秋田大 総合環境理工学部 環境数物科学科 
1080480311,秋田大学 総合環境 社会シス工,秋田大 総合環境理工学部 社会システム工学科 
1080550110,秋田大学 医 医,秋田大 医学部 医学科 
1080550310,秋田大学 医 保健／看護学,秋田大 医学部 保健学科 看護学専攻 
1080550410,秋田大学 医 保健／理学療,秋田大 医学部 保健学科 理学療法学専攻 
1080550510,秋田大学 医 保健／作業療,秋田大 医学部 保健学科 作業療法学専攻 
1085270110,山形大学 人文社会 人文／人間文,山形大 人文社会科学部 人文社会科学科 人間文化コース 
1085270210,山形大学 人文社会 人文／グロー,山形大 人文社会科学部 人文社会科学科 グローバル・スタディーズコース 
1085270310,山形大学 人文社会 人文／法政経,山形大 人文社会科学部 人文社会科学科 総合法律・地域公共政策・経済マネジメント 
1085303910,山形大学 教育 学校／小学校,山形大 教育学部 学校教育教員養成課程 小学校教員養成コース 
1085304010,山形大学 教育 学校／中学校,山形大 教育学部 学校教育教員養成課程 中学校教員養成コース 
1085304110,山形大学 教育 学校／理数系,山形大 教育学部 学校教育教員養成課程 理数系教員養成コース 
1085304210,山形大学 教育 学校／心理支,山形大 教育学部 学校教育教員養成課程 心理支援系教員養成コース 
1085420610,山形大学 理 理,山形大 理学部 理学科 
1085460110,山形大学 工 機械シス工,山形大 工学部 機械システム工学科 
1085461010,山形大学 工 高分子・有機,山形大 工学部 高分子・有機材料工学科 
1085461310,山形大学 工 建築・デザイ,山形大 工学部 建築・デザイン学科 
1085461410,山形大学 工 化学／応用化,山形大 工学部 化学・バイオ工学科 応用化学・化学工学コース 
1085461510,山形大学 工 化学／バイオ,山形大 工学部 化学・バイオ工学科 バイオ化学工学コース 
1085461610,山形大学 工 情報／情報知,山形大 工学部 情報・エレクトロニクス学科 情報・知能コース 
1085461710,山形大学 工 情報／電気電,山形大 工学部 情報・エレクトロニクス学科 電気・電子通信コース 
1085540910,山形大学 工フレ システム創成,山形大 工学部フレックスコース システム創成工学科 
1085550111,山形大学 医 医,山形大 医学部 医学科 
1085550210,山形大学 医 看護,山形大 医学部 看護学科 
1085720410,山形大学 農 食料生命環境,山形大 農学部 食料生命環境学科 
1085880010,山形大学 社会共創 ,山形大 社会共創デジタル学環 
1090270410,福島大学 人文社会 行政政策学類,福島大福島大学 人文社会 行政政策学類
1090270510,福島大学 人文社会 経済経営学類,福島大福島大学 人文社会 経済経営学類
1090270621,福島大学 人文社会 人間発達文化,福島大福島大学 人文社会 人間発達文化
1090271210,福島大学 人文社会 人間／教育実,福島大福島大学 人文社会 人間／教育実
1090271311,福島大学 人文社会 人間／心理学,福島大福島大学 人文社会 人間／心理学
1090271410,福島大学 人文社会 人間／特別支,福島大福島大学 人文社会 人間／特別支
1090271510,福島大学 人文社会 人間／数理自,福島大福島大学 人文社会 人間／数理自
1090271610,福島大学 人文社会 人間／スポー,福島大福島大学 人文社会 人間／スポー
1090271711,福島大学 人文社会 人間／人文科,福島大福島大学 人文社会 人間／人文科
1090271811,福島大学 人文社会 人間／芸術表,福島大福島大学 人文社会 人間／芸術表
1090470110,福島大学 理工 共生システム,福島大 理工学部 共生システム理工学科 
1090740110,福島大学 農 食農学類,福島大 食農学部 食農学科 
1093270110,筑波技術大学 共生社会 共生／視覚障,筑波技大 共生社会創成学部 共生社会創成学科 視覚障害コース 
1093270210,筑波技術大学 共生社会 共生／聴覚障,筑波技大 共生社会創成学部 共生社会創成学科 聴覚障害コース 
1093470110,筑波技術大学 産業技術 産業情報,筑波技大 産業技術学部 産業情報学科 
1093470210,筑波技術大学 産業技術 総合デザイン,筑波技大 産業技術学部 総合デザイン学科 
1093640310,筑波技術大学 保健科学 情報システム,筑波技大 保健科学部 情報システム学科 
1093640410,筑波技術大学 保健科学 保健,筑波技大 保健科学部 保健学科 
1095270110,茨城大学 人文社会 現代社会,茨城大 人文社会科学部 現代社会学科 
1095270210,茨城大学 人文社会 法律経済,茨城大 人文社会科学部 法律経済学科 
1095270310,茨城大学 人文社会 人間文化,茨城大 人文社会科学部 人間文化学科 
1095302010,茨城大学 教育 養護教諭,茨城大 教育学部 養護教諭養成課程 
1095304910,茨城大学 教育 学校／国語,茨城大 教育学部 学校教育教員養成課程 教科教育コース 国語選修
1095305010,茨城大学 教育 学校／社会,茨城大 教育学部 学校教育教員養成課程 教科教育コース 社会選修
1095305110,茨城大学 教育 学校／英語,茨城大 教育学部 学校教育教員養成課程 教科教育コース 英語選修
1095305210,茨城大学 教育 学校／数学,茨城大 教育学部 学校教育教員養成課程 教科教育コース 数学選修
1095305310,茨城大学 教育 学校／理科,茨城大 教育学部 学校教育教員養成課程 教科教育コース 理科選修
1095305410,茨城大学 教育 学校／音楽,茨城大 教育学部 学校教育教員養成課程 教科教育コース 音楽選修
1095305510,茨城大学 教育 学校／美術,茨城大 教育学部 学校教育教員養成課程 教科教育コース 美術選修
1095305610,茨城大学 教育 学校／保健体,茨城大 教育学部 学校教育教員養成課程 教科教育コース 保健体育選修
1095305710,茨城大学 教育 学校／技術,茨城大 教育学部 学校教育教員養成課程 教科教育コース 技術選修
1095305810,茨城大学 教育 学校／家庭,茨城大 教育学部 学校教育教員養成課程 教科教育コース 家庭選修
1095306010,茨城大学 教育 学校／特別支,茨城大 教育学部 学校教育教員養成課程 特別支援教育コース 
1095306610,茨城大学 教育 学校／教育実,茨城大 教育学部 学校教育教員養成課程 教育実践科学コース 
1095420610,茨城大学 理 理／数学・情,茨城大 理学部 理学科 数学・情報数理コース 
1095420710,茨城大学 理 理／物理学,茨城大 理学部 理学科 物理学コース 
1095420810,茨城大学 理 理／化学,茨城大 理学部 理学科 化学コース 
1095420910,茨城大学 理 理／生物科学,茨城大 理学部 理学科 生物科学コース 
1095421010,茨城大学 理 理／地球環境,茨城大 理学部 理学科 地球環境科学コース 
1095421110,茨城大学 理 理／総合理学,茨城大 理学部 理学科 総合理学コース 
1095460310,茨城大学 工 情報工,茨城大 工学部 情報工学科 
1095460510,茨城大学 工 都市シス工,茨城大 工学部 都市システム工学科 
1095461010,茨城大学 工 機械シス工,茨城大 工学部 機械システム工学科 
1095461110,茨城大学 工 電気電子シス,茨城大 工学部 電気電子システム工学科 
1095461210,茨城大学 工 物質科学工,茨城大 工学部 物質科学工学科 
1095720410,茨城大学 農 食生命科学,茨城大 農学部 食生命科学科 
1095720510,茨城大学 農 地域／応用植,茨城大 農学部 地域総合農学科 応用植物科学コース 
1095720610,茨城大学 農 地域／地域共,茨城大 農学部 地域総合農学科 地域共生コース 
1095880010,茨城大学 地域未来 ,茨城大 地域未来共創学環 
1100030110,筑波大学 人文文化 人文学類,筑波大 人文・文化学群 人文学類 
1100030210,筑波大学 人文文化 比較文化学類,筑波大 人文・文化学群 比較文化学類 
1100030310,筑波大学 人文文化 日本語・日本,筑波大 人文・文化学群 日本語・日本文化学類 
1100270110,筑波大学 社会国際 社会学類,筑波大 社会・国際学群 社会学類 
1100270210,筑波大学 社会国際 国際総合学類,筑波大 社会・国際学群 国際総合学類 
1100380110,筑波大学 人間 教育学類,筑波大 人間学群 教育学類 
1100380210,筑波大学 人間 心理学類,筑波大 人間学群 心理学類 
1100380310,筑波大学 人間 障害科学類,筑波大 人間学群 障害科学類 
1100390110,筑波大学 情報 情報科学類,筑波大 情報学群 情報科学類 
1100390210,筑波大学 情報 メディア創成,筑波大 情報学群 情報メディア創成学類 
1100390320,筑波大学 情報 知識情報・図,筑波大 情報学群 知識情報・図書館学類 
1100470110,筑波大学 理工 数学類,筑波大 理工学群 数学類 
1100470210,筑波大学 理工 物理学類,筑波大 理工学群 物理学類 
1100470310,筑波大学 理工 化学類,筑波大 理工学群 化学類 
1100470410,筑波大学 理工 応用理工学類,筑波大 理工学群 応用理工学類 
1100470510,筑波大学 理工 工学システム,筑波大 理工学群 工学システム学類 
1100470610,筑波大学 理工 社会工学類,筑波大 理工学群 社会工学類 
1100550111,筑波大学 医 医学類,筑波大 医学群 医学類 
1100550510,筑波大学 医 看護学類,筑波大 医学群 看護学類 
1100550610,筑波大学 医 医療科学類,筑波大 医学群 医療科学類 
1100640010,筑波大学 体育 ,筑波大 体育専門学群 
1100740110,筑波大学 生命環境 生物学類,筑波大 生命環境学群 生物学類 
1100740210,筑波大学 生命環境 生物資源学類,筑波大 生命環境学群 生物資源学類 
1100740310,筑波大学 生命環境 地球学類,筑波大 生命環境学群 地球学類 
1100830010,筑波大学 芸術 ,筑波大 芸術専門学群 
1100940010,筑波大学 総合文系 ,筑波大 総合選抜文系 
1100950010,筑波大学 総合理Ⅰ ,筑波大 総合選抜理系Ⅰ 
1100960010,筑波大学 総合理Ⅱ ,筑波大 総合選抜理系Ⅱ 
1100970010,筑波大学 総合理Ⅲ ,筑波大 総合選抜理系Ⅲ 
1110311110,宇都宮大学 共同教育 学校／音楽,宇都宮大 共同教育学部 学校教育教員養成課程 芸術・生活・健康系 音楽分野
1110311210,宇都宮大学 共同教育 学校／美術,宇都宮大 共同教育学部 学校教育教員養成課程 芸術・生活・健康系 美術分野
1110311310,宇都宮大学 共同教育 学校／保健体,宇都宮大 共同教育学部 学校教育教員養成課程 芸術・生活・健康系 保健体育分野
1110311410,宇都宮大学 共同教育 学校／家政,宇都宮大 共同教育学部 学校教育教員養成課程 芸術・生活・健康系 家政分野
1110311510,宇都宮大学 共同教育 学校／教育人,宇都宮大 共同教育学部 学校教育教員養成課程 教育人間科学系 
1110311610,宇都宮大学 共同教育 学校／人文社,宇都宮大 共同教育学部 学校教育教員養成課程 人文社会系 
1110311710,宇都宮大学 共同教育 学校／自然科,宇都宮大 共同教育学部 学校教育教員養成課程 自然科学系 
1110330310,宇都宮大学 国際 国際,宇都宮大 国際学部 国際学科 
1110370110,宇都宮大学 地域デザ コミュニティ,宇都宮大 地域デザイン科学部 コミュニティデザイン学科 
1110370210,宇都宮大学 地域デザ 建築都市デザ,宇都宮大 地域デザイン科学部 建築都市デザイン学科 
1110370310,宇都宮大学 地域デザ 社会基盤デザ,宇都宮大 地域デザイン科学部 社会基盤デザイン学科 
1110380110,宇都宮大学 データサ データサイエ,宇都宮大 データサイエンス経営学部 データサイエンス経営学科 
1110461020,宇都宮大学 工 基盤工,宇都宮大宇都宮大学 工 基盤工
1110461110,宇都宮大学 工 基盤／化学系,宇都宮大 工学部 基盤工学科 化学系 
1110461210,宇都宮大学 工 基盤／機械情,宇都宮大 工学部 基盤工学科 機械・情報電子系 
1110720410,宇都宮大学 農 エコロジカル,宇都宮大 農学部 エコロジカル社会経済学科 
1110720510,宇都宮大学 農 生物生産イノ,宇都宮大 農学部 生物生産イノベーション科学科 
1110720610,宇都宮大学 農 フロンティア,宇都宮大 農学部 フロンティア食品科学科 
1110720710,宇都宮大学 農 環境システム,宇都宮大 農学部 環境システム科学科 
1115310110,群馬大学 共同教育 学校／国語,群馬大 共同教育学部 学校教育教員養成課程 人文社会系 国語専攻
1115310210,群馬大学 共同教育 学校／社会,群馬大 共同教育学部 学校教育教員養成課程 人文社会系 社会専攻
1115310310,群馬大学 共同教育 学校／英語,群馬大 共同教育学部 学校教育教員養成課程 人文社会系 英語専攻
1115310410,群馬大学 共同教育 学校／数学,群馬大 共同教育学部 学校教育教員養成課程 自然科学系 数学専攻
1115310510,群馬大学 共同教育 学校／理科,群馬大 共同教育学部 学校教育教員養成課程 自然科学系 理科専攻
1115310610,群馬大学 共同教育 学校／技術,群馬大 共同教育学部 学校教育教員養成課程 自然科学系 技術専攻
1115310710,群馬大学 共同教育 学校／音楽,群馬大 共同教育学部 学校教育教員養成課程 芸術・生活・健康系 音楽専攻
1115310810,群馬大学 共同教育 学校／美術,群馬大 共同教育学部 学校教育教員養成課程 芸術・生活・健康系 美術専攻
1115310910,群馬大学 共同教育 学校／家政,群馬大 共同教育学部 学校教育教員養成課程 芸術・生活・健康系 家政専攻
1115311010,群馬大学 共同教育 学校／保健体,群馬大 共同教育学部 学校教育教員養成課程 芸術・生活・健康系 保健体育専攻
1115311110,群馬大学 共同教育 学校／教育,群馬大 共同教育学部 学校教育教員養成課程 教育人間科学系 教育専攻
1115311210,群馬大学 共同教育 学校／教育心,群馬大 共同教育学部 学校教育教員養成課程 教育人間科学系 教育心理専攻
1115311310,群馬大学 共同教育 学校／特別支,群馬大 共同教育学部 学校教育教員養成課程 教育人間科学系 特別支援教育専攻
1115370110,群馬大学 情報 情報,群馬大 情報学部 情報学科 
1115470610,群馬大学 理工 物質・環境類,群馬大 理工学部 物質・環境類 
1115470710,群馬大学 理工 電子・機械類,群馬大 理工学部 電子・機械類 
1115550111,群馬大学 医 医,群馬大 医学部 医学科 
1115550310,群馬大学 医 保健／看護学,群馬大 医学部 保健学科 看護学専攻 
1115550410,群馬大学 医 保健／検査技,群馬大 医学部 保健学科 検査技術科学専攻 
1115550510,群馬大学 医 保健／理学療,群馬大 医学部 保健学科 理学療法学専攻 
1115550610,群馬大学 医 保健／作業療,群馬大 医学部 保健学科 作業療法学専攻 
1120180213,埼玉大学 経済 経済,埼玉大 経済学部 経済学科 
1120300610,埼玉大学 教育 養護教諭,埼玉大 教育学部 養護教諭養成課程 
1120303310,埼玉大学 教育 学校／国語,埼玉大 教育学部 学校教育教員養成課程 教科教育コース 国語専修
1120303410,埼玉大学 教育 学校／社会,埼玉大 教育学部 学校教育教員養成課程 教科教育コース 社会専修
1120303610,埼玉大学 教育 学校／理科,埼玉大 教育学部 学校教育教員養成課程 教科教育コース 理科専修
1120303710,埼玉大学 教育 学校／音楽,埼玉大 教育学部 学校教育教員養成課程 教科教育コース 音楽専修
1120303910,埼玉大学 教育 学校／保健体,埼玉大 教育学部 学校教育教員養成課程 教科教育コース 保健体育専修
1120304210,埼玉大学 教育 学校／英語,埼玉大 教育学部 学校教育教員養成課程 教科教育コース 英語専修
1120307710,埼玉大学 教育 学校／算数数,埼玉大 教育学部 学校教育教員養成課程 教科教育コース 算数・数学専修
1120307810,埼玉大学 教育 学校／図工美,埼玉大 教育学部 学校教育教員養成課程 教科教育コース 図画工作・美術専修
1120307910,埼玉大学 教育 学校／技術情,埼玉大 教育学部 学校教育教員養成課程 教科教育コース 技術・情報専修
1120308010,埼玉大学 教育 学校／家庭科,埼玉大 教育学部 学校教育教員養成課程 教科教育コース 家庭科専修
1120308110,埼玉大学 教育 学校／教育学,埼玉大 教育学部 学校教育教員養成課程 学校教育コース 教育学専修
1120308210,埼玉大学 教育 学校／臨床教,埼玉大 教育学部 学校教育教員養成課程 学校教育コース 臨床教育実践学専修
1120308310,埼玉大学 教育 学校／心理発,埼玉大 教育学部 学校教育教員養成課程 学校教育コース 心理発達支援専修
1120308410,埼玉大学 教育 学校／乳幼児,埼玉大 教育学部 学校教育教員養成課程 学校教育コース 乳幼児教育専修
1120308510,埼玉大学 教育 学校／特別支,埼玉大 教育学部 学校教育教員養成課程 学校教育コース 特別支援教育専修
1120370110,埼玉大学 教養 教養,埼玉大 教養学部 教養学科 
1120420110,埼玉大学 理 基礎化,埼玉大 理学部 基礎化学科 
1120420210,埼玉大学 理 数学,埼玉大 理学部 数学科 
1120420310,埼玉大学 理 分子生物,埼玉大 理学部 分子生物学科 
1120420410,埼玉大学 理 生体制御,埼玉大 理学部 生体制御学科 
1120420510,埼玉大学 理 物理,埼玉大 理学部 物理学科 
1120460110,埼玉大学 工 応用化,埼玉大 工学部 応用化学科 
1120460810,埼玉大学 工 機械工学・シ,埼玉大 工学部 機械工学・システムデザイン学科 
1120460910,埼玉大学 工 電気電子物理,埼玉大 工学部 電気電子物理工学科 
1120461010,埼玉大学 工 情報工,埼玉大 工学部 情報工学科 
1120461110,埼玉大学 工 環境社会デザ,埼玉大 工学部 環境社会デザイン学科 
1125010510,千葉大学 文 人文／行動科,千葉大 文学部 人文学科 行動科学コース 
1125010610,千葉大学 文 人文／歴史学,千葉大 文学部 人文学科 歴史学コース 
1125010710,千葉大学 文 人文／日本ユ,千葉大 文学部 人文学科 日本・ユーラシア文化コース 
1125010810,千葉大学 文 人文／国際言,千葉大 文学部 人文学科 国際言語文化学コース 
1125140110,千葉大学 法政経 法政経,千葉大 法政経学部 法政経学科 
1125305310,千葉大学 教育 学校／小学校,千葉大 教育学部 学校教員養成課程 小学校コース 
1125305410,千葉大学 教育 学校／国語,千葉大 教育学部 学校教員養成課程 中学校コース 国語科教育分野
1125305510,千葉大学 教育 学校／社会,千葉大 教育学部 学校教員養成課程 中学校コース 社会科教育分野
1125305610,千葉大学 教育 学校／数学,千葉大 教育学部 学校教員養成課程 中学校コース 数学科教育分野
1125305710,千葉大学 教育 学校／理科,千葉大 教育学部 学校教員養成課程 中学校コース 理科教育分野
1125305810,千葉大学 教育 学校／技術,千葉大 教育学部 学校教員養成課程 中学校コース 技術科教育分野
1125305910,千葉大学 教育 学校／特別支,千葉大 教育学部 学校教員養成課程 特別支援教育コース 
1125306010,千葉大学 教育 学校／乳幼児,千葉大 教育学部 学校教員養成課程 乳幼児教育コース 
1125306110,千葉大学 教育 学校／養護教,千葉大 教育学部 学校教員養成課程 養護教諭コース 
1125306210,千葉大学 教育 学校／音楽,千葉大 教育学部 学校教員養成課程 小中専門教科コース 音楽科教育分野
1125306310,千葉大学 教育 学校／図・美,千葉大 教育学部 学校教員養成課程 小中専門教科コース 図画工作・美術科教育分野
1125306410,千葉大学 教育 学校／保健体,千葉大 教育学部 学校教員養成課程 小中専門教科コース 保健体育科教育分野
1125306510,千葉大学 教育 学校／家庭,千葉大 教育学部 学校教員養成課程 小中専門教科コース 家庭科教育分野
1125306610,千葉大学 教育 学校／英語教,千葉大 教育学部 学校教員養成課程 英語教育コース 
1125370110,千葉大学 国際教養 国際教養,千葉大 国際教養学部 国際教養学科 
1125420110,千葉大学 理 化学,千葉大 理学部 化学科 
1125420210,千葉大学 理 数学・情報数,千葉大 理学部 数学・情報数理学科 
1125420310,千葉大学 理 生物,千葉大 理学部 生物学科 
1125420410,千葉大学 理 地球科学,千葉大 理学部 地球科学科 
1125420510,千葉大学 理 物理,千葉大 理学部 物理学科 
1125462410,千葉大学 工 総合／建築学,千葉大 工学部 総合工学科 建築学コース 
1125462510,千葉大学 工 総合／都市工,千葉大 工学部 総合工学科 都市工学コース 
1125462610,千葉大学 工 総合／デザイ,千葉大 工学部 総合工学科 デザインコース 
1125462710,千葉大学 工 総合／機械工,千葉大 工学部 総合工学科 機械工学コース 
1125462810,千葉大学 工 総合／医工学,千葉大 工学部 総合工学科 医工学コース 
1125462910,千葉大学 工 総合／電気電,千葉大 工学部 総合工学科 電気電子工学コース 
1125463010,千葉大学 工 総合／物質科,千葉大 工学部 総合工学科 物質科学コース 
1125463110,千葉大学 工 総合／共生応,千葉大 工学部 総合工学科 共生応用化学コース 
1125470110,千葉大学 情報・データサイエンス,千葉大 情報・データサイエンス学部 情報・データサイエンス学科 
1125550111,千葉大学 医 医,千葉大 医学部 医学科 
1125610010,千葉大学 薬 前,千葉大 薬学部 
1125610020,千葉大学 薬 後,千葉大 薬学部 
1125610220,千葉大学 薬 薬科学,千葉大千葉大学 薬 薬科学
1125640110,千葉大学 看護 看護,千葉大 看護学部 看護学科 
1125740310,千葉大学 園芸 緑地環境,千葉大 園芸学部 緑地環境学科 
1125740410,千葉大学 園芸 園芸,千葉大 園芸学部 園芸学科 
1125740510,千葉大学 園芸 応用生命化,千葉大 園芸学部 応用生命化学科 
1125740610,千葉大学 園芸 食料資源経済,千葉大 園芸学部 食料資源経済学科 
1128470110,東京海洋大学 海洋工 海洋電子機械,東京海洋大 海洋工学部 海洋電子機械工学科 
1128470210,東京海洋大学 海洋工 海事シス工,東京海洋大 海洋工学部 海事システム工学科 
1128470310,東京海洋大学 海洋工 流通情報工,東京海洋大 海洋工学部 流通情報工学科 
1128750110,東京海洋大学 海洋生命 海洋生物資源,東京海洋大 海洋生命科学部 海洋生物資源学科 
1128750210,東京海洋大学 海洋生命 食品生産科学,東京海洋大 海洋生命科学部 食品生産科学科 
1128750310,東京海洋大学 海洋生命 海洋政策文化,東京海洋大 海洋生命科学部 海洋政策文化学科 
1128760110,東京海洋大学 海洋資源 海洋環境科学,東京海洋大 海洋資源環境学部 海洋環境科学科 
1128760210,東京海洋大学 海洋資源 海洋資源エネ,東京海洋大 海洋資源環境学部 海洋資源エネルギー学科 
1130031210,お茶の水女子大学 文教育 人文科学,お茶の水女子大 文教育学部 人文科学科 
1130031310,お茶の水女子大学 文教育 言語文化,お茶の水女子大 文教育学部 言語文化学科 
1130031410,お茶の水女子大学 文教育 人間社会科学,お茶の水女子大 文教育学部 人間社会科学科 
1130031610,お茶の水女子大学 文教育 芸術／舞踊教,お茶の水女子大 文教育学部 芸術・表現行動学科 舞踊教育学専修プログラム 
1130031710,お茶の水女子大学 文教育 芸術／音楽表,お茶の水女子大 文教育学部 芸術・表現行動学科 音楽表現専修プログラム 
1130031810,お茶の水女子大学 文教育 人間／教・子,お茶の水女子大 文教育学部 人間社会科学科 教育科学・子ども学コース 
1130420110,お茶の水女子大学 理 化学,お茶の水女子大 理学部 化学科 
1130420210,お茶の水女子大学 理 情報科学,お茶の水女子大 理学部 情報科学科 
1130420310,お茶の水女子大学 理 数学,お茶の水女子大 理学部 数学科 
1130420410,お茶の水女子大学 理 生物,お茶の水女子大 理学部 生物学科 
1130420510,お茶の水女子大学 理 物理,お茶の水女子大 理学部 物理学科 
1130470110,お茶の水女子大学 共創工 人間環境工,お茶の水女子大 共創工学部 人間環境工学科 
1130470210,お茶の水女子大学 共創工 文化情報工,お茶の水女子大 共創工学部 文化情報工学科 
1130790210,お茶の水女子大学 生活科学 人間生活,お茶の水女子大 生活科学部 人間生活学科 
1130790310,お茶の水女子大学 生活科学 食物栄養,お茶の水女子大 生活科学部 食物栄養学科 
1130790510,お茶の水女子大学 生活科学 心理,お茶の水女子大 生活科学部 心理学科 
1135471410,電気通信大学 情報理工 Ⅰ類・情報系,電気通信大 UEC 情報理工学域 Ⅰ類（情報系） 
1135471510,電気通信大学 情報理工 Ⅱ類・融合系,電気通信大 UEC 情報理工学域 Ⅱ類（融合系） 
1135471610,電気通信大学 情報理工 Ⅲ類・理工系,電気通信大 UEC 情報理工学域 Ⅲ類（理工系） 
1140910010,東京大学 文科一類 ,東京大東大 UT 文科一類 
1140920010,東京大学 文科二類 ,東京大東大 UT 文科二類 
1140930010,東京大学 文科三類 ,東京大東大 UT 文科三類 
1140940010,東京大学 理科一類 ,東京大東大 UT 理科一類 
1140950010,東京大学 理科二類 ,東京大東大 UT 理科二類 
1140960010,東京大学 理科三類 ,東京大東大 UT 理科三類 
1150030110,東京外国語大学 言語文化 言文／英語,東京外大 言語文化学部 言語文化学科 英語 
1150030210,東京外国語大学 言語文化 言文／ドイツ,東京外大 言語文化学部 言語文化学科 ドイツ語 
1150030510,東京外国語大学 言語文化 言文／フラン,東京外大 言語文化学部 言語文化学科 フランス語 
1150030610,東京外国語大学 言語文化 言文／イタリ,東京外大 言語文化学部 言語文化学科 イタリア語 
1150030710,東京外国語大学 言語文化 言文／スペイ,東京外大 言語文化学部 言語文化学科 スペイン語 
1150030810,東京外国語大学 言語文化 言文／ポルト,東京外大 言語文化学部 言語文化学科 ポルトガル語 
1150030910,東京外国語大学 言語文化 言文／ロシア,東京外大 言語文化学部 言語文化学科 ロシア語 
1150031210,東京外国語大学 言語文化 言文／中国語,東京外大 言語文化学部 言語文化学科 中国語 
1150031310,東京外国語大学 言語文化 言文／朝鮮語,東京外大 言語文化学部 言語文化学科 朝鮮語 
1150032810,東京外国語大学 言語文化 言文／中欧,東京外大 言語文化学部 言語文化学科 中欧 
1150032910,東京外国語大学 言語文化 言文／中央ア,東京外大 言語文化学部 言語文化学科 中央アジア 
1150033010,東京外国語大学 言語文化 言文／東南１,東京外大 言語文化学部 言語文化学科 東南アジア１ 
1150033110,東京外国語大学 言語文化 言文／東南２,東京外大 言語文化学部 言語文化学科 東南アジア２ 
1150033210,東京外国語大学 言語文化 言文／南アジ,東京外大 言語文化学部 言語文化学科 南アジア 
1150033310,東京外国語大学 言語文化 言文／中東,東京外大 言語文化学部 言語文化学科 中東 
1150271810,東京外国語大学 国際社会 国社／中央ヨ,東京外大 国際社会学部 国際社会学科 中央ヨーロッパ 
1150271910,東京外国語大学 国際社会 国社／西南ヨ,東京外大 国際社会学部 国際社会学科 西南ヨーロッパ 
1150272510,東京外国語大学 国際社会 国社／東アジ,東京外大 国際社会学部 国際社会学科 東アジア 
1150272710,東京外国語大学 国際社会 国社／東南１,東京外大 国際社会学部 国際社会学科 東南アジア第１ 
1150272810,東京外国語大学 国際社会 国社／東南２,東京外大 国際社会学部 国際社会学科 東南アジア第２ 
1150272910,東京外国語大学 国際社会 国社／南アジ,東京外大 国際社会学部 国際社会学科 南アジア 
1150273010,東京外国語大学 国際社会 国社／中東,東京外大 国際社会学部 国際社会学科 中東 
1150273110,東京外国語大学 国際社会 国社／アフリ,東京外大 国際社会学部 国際社会学科 アフリカ 
1150273210,東京外国語大学 国際社会 国社／オセア,東京外大 国際社会学部 国際社会学科 オセアニア 
1150273310,東京外国語大学 国際社会 国社／北西ヨ,東京外大 国際社会学部 国際社会学科 北西ヨーロッパ・北アメリカ 
1150273410,東京外国語大学 国際社会 国社／イベラ,東京外大 国際社会学部 国際社会学科 イベリア・ラテンアメリカ 
1150273520,東京外国語大学 国際社会 国社／ロ・中,東京外大東京外国語大学 国際社会 国社／ロ・中
1150273610,東京外国語大学 国際社会 国社／ロシア,東京外大 国際社会学部 国際社会学科 ロシア・中央アジア ロシア
1150273710,東京外国語大学 国際社会 国社／中央ア,東京外大 国際社会学部 国際社会学科 ロシア・中央アジア 中央アジア
1150330110,東京外国語大学 国際日本 国際日本,東京外大 国際日本学部 国際日本学科 
1155300110,東京学芸大学 教育 学校／中音楽,東京学芸大 東学大 教育学部 学校教育教員養成課程 中等教育専攻・音楽コース 
1155300210,東京学芸大学 教育 学校／中美術,東京学芸大 東学大 教育学部 学校教育教員養成課程 中等教育専攻・美術コース 
1155300310,東京学芸大学 教育 学校／中保健,東京学芸大 東学大 教育学部 学校教育教員養成課程 中等教育専攻・保健体育コース 
1155300410,東京学芸大学 教育 学校／中家庭,東京学芸大 東学大 教育学部 学校教育教員養成課程 中等教育専攻・家庭コース 
1155300510,東京学芸大学 教育 学校／中技術,東京学芸大 東学大 教育学部 学校教育教員養成課程 中等教育専攻・技術コース 
1155300610,東京学芸大学 教育 学校／中英語,東京学芸大 東学大 教育学部 学校教育教員養成課程 中等教育専攻・英語コース 
1155300710,東京学芸大学 教育 学校／中書道,東京学芸大 東学大 教育学部 学校教育教員養成課程 中等教育専攻・書道コース 
1155301810,東京学芸大学 教育 学校／中情報,東京学芸大 東学大 教育学部 学校教育教員養成課程 中等教育専攻・情報コース 
1155301910,東京学芸大学 教育 学校／特別支,東京学芸大 東学大 教育学部 学校教育教員養成課程 特別支援教育専攻 
1155302010,東京学芸大学 教育 学校／養護教,東京学芸大 東学大 教育学部 学校教育教員養成課程 養護教育専攻 
1155305610,東京学芸大学 教育 教育／生涯学,東京学芸大 東学大 教育学部 教育支援課程 教育支援専攻 生涯学習・文化遺産教育コース
1155305710,東京学芸大学 教育 教育／カウン,東京学芸大 東学大 教育学部 教育支援課程 教育支援専攻 カウンセリングコース
1155305810,東京学芸大学 教育 教育／ソーシ,東京学芸大 東学大 教育学部 教育支援課程 教育支援専攻 ソーシャルワークコース
1155305910,東京学芸大学 教育 教育／多文化,東京学芸大 東学大 教育学部 教育支援課程 教育支援専攻 多文化共生教育コース
1155306010,東京学芸大学 教育 教育／情報教,東京学芸大 東学大 教育学部 教育支援課程 教育支援専攻 情報教育コース
1155306110,東京学芸大学 教育 教育／表現教,東京学芸大 東学大 教育学部 教育支援課程 教育支援専攻 表現教育コース
1155306210,東京学芸大学 教育 教育／生涯ス,東京学芸大 東学大 教育学部 教育支援課程 教育支援専攻 生涯スポーツコース
1155306310,東京学芸大学 教育 学校／初国語,東京学芸大 東学大 教育学部 学校教育教員養成課程 初等教育専攻・国語コース 
1155306410,東京学芸大学 教育 学校／初社会,東京学芸大 東学大 教育学部 学校教育教員養成課程 初等教育専攻・社会コース 
1155306510,東京学芸大学 教育 学校／初数学,東京学芸大 東学大 教育学部 学校教育教員養成課程 初等教育専攻・数学コース 
1155306610,東京学芸大学 教育 学校／初理科,東京学芸大 東学大 教育学部 学校教育教員養成課程 初等教育専攻・理科コース 
1155306710,東京学芸大学 教育 学校／初音楽,東京学芸大 東学大 教育学部 学校教育教員養成課程 初等教育専攻・音楽コース 
1155306810,東京学芸大学 教育 学校／初美術,東京学芸大 東学大 教育学部 学校教育教員養成課程 初等教育専攻・美術コース 
1155306910,東京学芸大学 教育 学校／初保健,東京学芸大 東学大 教育学部 学校教育教員養成課程 初等教育専攻・保健体育コース 
1155307010,東京学芸大学 教育 学校／初家庭,東京学芸大 東学大 教育学部 学校教育教員養成課程 初等教育専攻・家庭コース 
1155307110,東京学芸大学 教育 学校／初英語,東京学芸大 東学大 教育学部 学校教育教員養成課程 初等教育専攻・英語コース 
1155307210,東京学芸大学 教育 学校／学校教,東京学芸大 東学大 教育学部 学校教育教員養成課程 初等教育専攻・現代教育実践コース 学校教育プログラム
1155307310,東京学芸大学 教育 学校／学校心,東京学芸大 東学大 教育学部 学校教育教員養成課程 初等教育専攻・現代教育実践コース 学校心理プログラム
1155307410,東京学芸大学 教育 学校／国際教,東京学芸大 東学大 教育学部 学校教育教員養成課程 初等教育専攻・現代教育実践コース 国際教育プログラム
1155308310,東京学芸大学 教育 学校／環境教,東京学芸大 東学大 教育学部 学校教育教員養成課程 初等教育専攻・現代教育実践コース 環境教育プログラム
1155308410,東京学芸大学 教育 学校／初もの,東京学芸大 東学大 教育学部 学校教育教員養成課程 初等教育専攻・ものづくり技術コース 
1155308510,東京学芸大学 教育 学校／初幼児,東京学芸大 東学大 教育学部 学校教育教員養成課程 初等教育専攻・幼児教育コース 
1155308610,東京学芸大学 教育 学校／中国語,東京学芸大 東学大 教育学部 学校教育教員養成課程 中等教育専攻・国語コース 
1155309710,東京学芸大学 教育 学校／中社会,東京学芸大 東学大 教育学部 学校教育教員養成課程 中等教育専攻・社会コース 
1155309810,東京学芸大学 教育 学校／中数学,東京学芸大 東学大 教育学部 学校教育教員養成課程 中等教育専攻・数学コース 
1155309910,東京学芸大学 教育 学校／中理科,東京学芸大 東学大 教育学部 学校教育教員養成課程 中等教育専攻・理科コース 
1160830110,東京芸術大学 美術 絵画／油画,東京芸大 美術学部 絵画科 油画専攻 
1160830210,東京芸術大学 美術 絵画／日本画,東京芸大 美術学部 絵画科 日本画専攻 
1160830310,東京芸術大学 美術 建築,東京芸大 美術学部 建築科 
1160830410,東京芸術大学 美術 芸術,東京芸大 美術学部 芸術学科 
1160830510,東京芸術大学 美術 工芸,東京芸大 美術学部 工芸科 
1160830610,東京芸術大学 美術 彫刻,東京芸大 美術学部 彫刻科 
1160830710,東京芸術大学 美術 デザイン,東京芸大 美術学部 デザイン科 
1160830810,東京芸術大学 美術 先端芸術表現,東京芸大 美術学部 先端芸術表現科 
1160840110,東京芸術大学 音楽 楽理,東京芸大 音楽学部 楽理科 
1160840610,東京芸術大学 音楽 作曲,東京芸大 音楽学部 作曲科 
1160840710,東京芸術大学 音楽 指揮,東京芸大 音楽学部 指揮科 
1160840810,東京芸術大学 音楽 声楽,東京芸大 音楽学部 声楽科 
1160840910,東京芸術大学 音楽 邦楽,東京芸大 音楽学部 邦楽科 
1160841110,東京芸術大学 音楽 音楽環境創造,東京芸大 音楽学部 音楽環境創造科 
1160841210,東京芸術大学 音楽 器楽,東京芸大 音楽学部 器楽科 
1165430010,東京科学大学 理 ,東京科学大 東科大 理学院 
1165480010,東京科学大学 工 ,東京科学大 東科大 工学院 
1165490010,東京科学大学 物質理工 ,東京科学大 東科大 物質理工学院 
1165500010,東京科学大学 情報理工 ,東京科学大 東科大 情報理工学院 
1165510110,東京科学大学 生命理工 生命理工学系,東京科学大 東科大 生命理工学院 生命理工学系 
1165520010,東京科学大学 環境社会 ,東京科学大 東科大 環境・社会理工学院 
1165550110,東京科学大学 医 医,東京科学大 東科大 医学部 医学科 
1165550210,東京科学大学 医 保健／看護学,東京科学大 東科大 医学部 保健衛生学科 看護学専攻 
1165550310,東京科学大学 医 保健／検査技,東京科学大 東科大 医学部 保健衛生学科 検査技術学専攻 
1165580110,東京科学大学 歯 歯,東京科学大 東科大 歯学部 歯学科 
1165580210,東京科学大学 歯 口腔／保健衛,東京科学大 東科大 歯学部 口腔保健学科 口腔保健衛生学専攻 
1165580310,東京科学大学 歯 口腔／保健工,東京科学大 東科大 歯学部 口腔保健学科 口腔保健工学専攻 
1180460110,東京農工大学 工 機械シス工,東京農工大 工学部 機械システム工学科 
1180460410,東京農工大学 工 生命工,東京農工大 工学部 生命工学科 
1180461110,東京農工大学 工 応用化,東京農工大 工学部 応用化学科 
1180461210,東京農工大学 工 化学物理工,東京農工大 工学部 化学物理工学科 
1180461310,東京農工大学 工 生体医用シス,東京農工大 工学部 生体医用システム工学科 
1180461410,東京農工大学 工 知能情報シス,東京農工大 工学部 知能情報システム工学科 
1180720110,東京農工大学 農 応用生物科学,東京農工大 農学部 応用生物科学科 
1180720510,東京農工大学 農 地域生態シス,東京農工大 農学部 地域生態システム学科 
1180721010,東京農工大学 農 生物生産,東京農工大 農学部 生物生産学科 
1180721510,東京農工大学 農 環境資源科学,東京農工大 農学部 環境資源科学科 
1180721610,東京農工大学 農 共同獣医,東京農工大 農学部 共同獣医学科 
1185120410,一橋大学 法 法律,一橋大 法学部 法律学科 
1185180310,一橋大学 経済 経済,一橋大 経済学部 経済学科 
1185200010,一橋大学 商 ,一橋大 商学部 
1185250410,一橋大学 社会 社会,一橋大 社会学部 社会学科 
1185370110,一橋大学 ソーシャ ソーシャルデ,一橋大 ソーシャル・データサイエンス学部 ソーシャル・データサイエンス学科 
1190180610,横浜国立大学 経済 経済,横国大 YNU 経済学部 経済学科 
1190180710,横浜国立大学 経済 経済／ＤＳＥ,横国大 YNU 経済学部 経済学科 ＤＳＥＰ 
1190180810,横浜国立大学 経済 経済／ＬＢＥ,横国大 YNU 経済学部 経済学科 ＬＢＥＥＰ 
1190190210,横浜国立大学 経営 経営,横国大 YNU 経営学部 経営学科 
1190190510,横浜国立大学 経営 経営／ＤＳＥ,横国大 YNU 経営学部 経営学科 ＤＳＥＰ 
1190300310,横浜国立大学 教育 学校／言文社,横国大 YNU 教育学部 学校教員養成課程 言語・文化・社会系教育コース 
1190300410,横浜国立大学 教育 学校／自然生,横国大 YNU 教育学部 学校教員養成課程 自然・生活系教育コース 
1190300510,横浜国立大学 教育 学校／音楽,横国大 YNU 教育学部 学校教員養成課程 芸術・身体・発達支援系教育コース 音楽専門領域
1190300610,横浜国立大学 教育 学校／美術,横国大 YNU 教育学部 学校教員養成課程 芸術・身体・発達支援系教育コース 美術専門領域
1190300710,横浜国立大学 教育 学校／保健体,横国大 YNU 教育学部 学校教員養成課程 芸術・身体・発達支援系教育コース 保健体育専門領域
1190300810,横浜国立大学 教育 学校／心理学,横国大 YNU 教育学部 学校教員養成課程 芸術・身体・発達支援系教育コース 心理学専門領域
1190300910,横浜国立大学 教育 学校／特別支,横国大 YNU 教育学部 学校教員養成課程 芸術・身体・発達支援系教育コース 特別支援教育専門領域
1190370110,横浜国立大学 都市科学 都市社会共生,横国大 YNU 都市科学部 都市社会共生学科 
1190370210,横浜国立大学 都市科学 建築,横国大 YNU 都市科学部 建築学科 
1190370310,横浜国立大学 都市科学 都市基盤,横国大 YNU 都市科学部 都市基盤学科 
1190370410,横浜国立大学 都市科学 環境リスク共,横国大 YNU 都市科学部 環境リスク共生学科 
1190470810,横浜国立大学 理工 数物／数理科,横国大 YNU 理工学部 数物・電子情報系学科 数理科学教育プログラム 
1190470910,横浜国立大学 理工 数物／物理工,横国大 YNU 理工学部 数物・電子情報系学科 物理工学教育プログラム 
1190471010,横浜国立大学 理工 数物／電子情,横国大 YNU 理工学部 数物・電子情報系学科 電子情報システム教育プログラム 
1190471110,横浜国立大学 理工 数物／情報工,横国大 YNU 理工学部 数物・電子情報系学科 情報工学教育プログラム 
1190471310,横浜国立大学 理工 機械／機械工,横国大 YNU 理工学部 機械・材料・海洋系学科 機械工学教育プログラム 
1190471410,横浜国立大学 理工 機械／材料工,横国大 YNU 理工学部 機械・材料・海洋系学科 材料工学教育プログラム 
1190471510,横浜国立大学 理工 機械／海洋空,横国大 YNU 理工学部 機械・材料・海洋系学科 海洋空間のシステムデザイン教育プログラム 
1190471610,横浜国立大学 理工 化学・生命系,横国大 YNU 理工学部 化学・生命系学科 
1195310110,上越教育大学 学校教育 初等教育,上越教育大 学校教育学部 初等教育教員養成課程 
1200461310,長岡技術科学大学 工 工学,長岡技術科学大 工学部 工学課程 
1205020410,新潟大学 人文 人文,新潟大 人文学部 人文学科 
1205120110,新潟大学 法 法,新潟大 法学部 法学科 
1205210110,新潟大学 経済科学 総合経済,新潟大 経済科学部 総合経済学科 
1205300110,新潟大学 教育 学校／数学,新潟大 教育学部 学校教員養成課程 教科教育コース 数学教育専修
1205300210,新潟大学 教育 学校／社会科,新潟大 教育学部 学校教員養成課程 教科教育コース 社会科教育専修
1205300310,新潟大学 教育 学校／理科,新潟大 教育学部 学校教員養成課程 教科教育コース 理科教育専修
1205300410,新潟大学 教育 学校／音楽,新潟大 教育学部 学校教員養成課程 教科教育コース 音楽教育専修
1205300510,新潟大学 教育 学校／美術,新潟大 教育学部 学校教員養成課程 教科教育コース 美術教育専修
1205300610,新潟大学 教育 学校／保健体,新潟大 教育学部 学校教員養成課程 教科教育コース 保健体育専修
1205300710,新潟大学 教育 学校／国語,新潟大 教育学部 学校教員養成課程 教科教育コース 国語教育専修
1205300810,新潟大学 教育 学校／英語,新潟大 教育学部 学校教員養成課程 教科教育コース 英語教育専修
1205300910,新潟大学 教育 学校／技術科,新潟大 教育学部 学校教員養成課程 教科教育コース 技術科教育専修
1205301010,新潟大学 教育 学校／家庭科,新潟大 教育学部 学校教員養成課程 教科教育コース 家庭科教育専修
1205301110,新潟大学 教育 学校／特別支,新潟大 教育学部 学校教員養成課程 学校教育コース 特別支援教育専修
1205301310,新潟大学 教育 学校／教育学,新潟大 教育学部 学校教員養成課程 学校教育コース 学校教育学専修
1205301410,新潟大学 教育 学校／教育心,新潟大 教育学部 学校教員養成課程 学校教育コース 教育心理学専修
1205370211,新潟大学 創生 創生／創生学,新潟大 創生学部 創生学修課程 創生学修コース 
1205370311,新潟大学 創生 創生／ＤＸ共,新潟大 創生学部 創生学修課程 ＤＸ共創コース 
1205420711,新潟大学 理 理,新潟大 理学部 理学科 
1205460816,新潟大学 工 工,新潟大 工学部 工学科 
1205550110,新潟大学 医 医,新潟大 医学部 医学科 
1205550310,新潟大学 医 保健／看護学,新潟大 医学部 保健学科 看護学専攻 
1205550410,新潟大学 医 保健／放射線,新潟大 医学部 保健学科 放射線技術科学専攻 
1205550510,新潟大学 医 保健／検査技,新潟大 医学部 保健学科 検査技術科学専攻 
1205580110,新潟大学 歯 歯,新潟大 歯学部 歯学科 
1205580210,新潟大学 歯 口腔生命福祉,新潟大 歯学部 口腔生命福祉学科 
1205720410,新潟大学 農 農,新潟大 農学部 農学科 
1210020310,富山大学 人文 人文,富山大 人文学部 人文学科 
1210180410,富山大学 経済 経済経営,富山大 経済学部 経済経営学科 
1210303310,富山大学 教育 共同教員養成,富山大 教育学部 共同教員養成課程 
1210420711,富山大学 理 理,富山大 理学部 理学科 
1210461211,富山大学 工 工／電気電子,富山大 工学部 工学科 電気電子工学コース 
1210461310,富山大学 工 工／知能情報,富山大 工学部 工学科 知能情報工学コース 
1210461410,富山大学 工 工／機械工学,富山大 工学部 工学科 機械工学コース 
1210461510,富山大学 工 工／生命工学,富山大 工学部 工学科 生命工学コース 
1210461610,富山大学 工 工／応用化学,富山大 工学部 工学科 応用化学コース 
1210470110,富山大学 都市デザ 地球システム,富山大 都市デザイン学部 地球システム科学科 
1210470210,富山大学 都市デザ 都市・交通デ,富山大 都市デザイン学部 都市・交通デザイン学科 
1210470310,富山大学 都市デザ 材料デザイン,富山大 都市デザイン学部 材料デザイン工学科 
1210550110,富山大学 医 医,富山大 医学部 医学科 
1210550210,富山大学 医 看護,富山大 医学部 看護学科 
1210610110,富山大学 薬 薬,富山大 薬学部 薬学科 
1210610210,富山大学 薬 創薬科学,富山大 薬学部 創薬科学科 
1210830111,富山大学 芸術文化 芸術文化,富山大 芸術文化学部 芸術文化学科 
1220370111,金沢大学 融合学域 先導学類,金沢大 融合学域 先導学類 
1220370211,金沢大学 融合学域 観光デザイン,金沢大 融合学域 観光デザイン学類 
1220370311,金沢大学 融合学域 スマート創成,金沢大 融合学域 スマート創成科学類 
1220910110,金沢大学 人間社会 人文学類,金沢大 人間社会学域 人文学類 
1220910210,金沢大学 人間社会 法学類,金沢大 人間社会学域 法学類 
1220910310,金沢大学 人間社会 経済学類,金沢大 人間社会学域 経済学類 
1220910411,金沢大学 人間社会 学校教育学類,金沢大 人間社会学域 学校教育学類共同教員養成課程 
1220910510,金沢大学 人間社会 地域創造学類,金沢大 人間社会学域 地域創造学類 
1220910610,金沢大学 人間社会 国際学類,金沢大 人間社会学域 国際学類 
1220920110,金沢大学 理工学域 数物科学類,金沢大 理工学域 数物科学類 
1220920210,金沢大学 理工学域 物質化学類,金沢大 理工学域 物質化学類 
1220920310,金沢大学 理工学域 機械工学類,金沢大 理工学域 機械工学類 
1220921110,金沢大学 理工学域 地球社会基盤,金沢大 理工学域 地球社会基盤学類 
1220921210,金沢大学 理工学域 生命理工学類,金沢大 理工学域 生命理工学類 
1220921310,金沢大学 理工学域 フロンティア,金沢大 理工学域 フロンティア工学類 
1220921410,金沢大学 理工学域 電子情報通信,金沢大 理工学域 電子情報通信学類 
1220930110,金沢大学 医薬保健 医学類,金沢大 医薬保健学域 医学類 
1220930310,金沢大学 医薬保健 保健／看護学,金沢大 医薬保健学域 保健学類 看護学専攻 
1220930410,金沢大学 医薬保健 保健／診療放,金沢大 医薬保健学域 保健学類 診療放射線技術学専攻 
1220930510,金沢大学 医薬保健 保健／医療検,金沢大 医薬保健学域 保健学類 医療検査技術学専攻 
1220930810,金沢大学 医薬保健 薬学類,金沢大 医薬保健学域 薬学類 
1220930910,金沢大学 医薬保健 医薬科学類,金沢大 医薬保健学域 医薬科学類 
1220931010,金沢大学 医薬保健 保健／理・作,金沢大 医薬保健学域 保健学類 理学療法学・作業療法学専攻 
1220940010,金沢大学 文系一括 ,金沢大 文系一括入試 
1220950010,金沢大学 理系一括 ,金沢大 理系一括入試 
1225300215,福井大学 教育 学校／中等教,福井大 教育学部 学校教育課程 中等教育コース 
1225300311,福井大学 教育 学校／初等教,福井大 教育学部 学校教育課程 初等教育コース 
1225330110,福井大学 国際地域 国際地域,福井大 国際地域学部 国際地域学科 
1225461010,福井大学 工 機械・シス工,福井大 工学部 機械・システム工学科 
1225461110,福井大学 工 電気電子情報,福井大 工学部 電気電子情報工学科 
1225461210,福井大学 工 建築・都市環,福井大 工学部 建築・都市環境工学科 
1225461310,福井大学 工 物質・生命化,福井大 工学部 物質・生命化学科 
1225461410,福井大学 工 応用物理,福井大 工学部 応用物理学科 
1225550110,福井大学 医 医,福井大 医学部 医学科 
1225550210,福井大学 医 看護,福井大 医学部 看護学科 
1235300110,山梨大学 教育 学校／幼児教,山梨大 教育学部 学校教育課程 幼児教育コース 
1235300210,山梨大学 教育 学校／障害児,山梨大 教育学部 学校教育課程 障害児教育コース 
1235300310,山梨大学 教育 学校／言語教,山梨大 教育学部 学校教育課程 言語教育コース 
1235300410,山梨大学 教育 学校／生活社,山梨大 教育学部 学校教育課程 生活社会教育コース 
1235300510,山梨大学 教育 学校／科学教,山梨大 教育学部 学校教育課程 科学教育コース 
1235300610,山梨大学 教育 学校／芸術身,山梨大 教育学部 学校教育課程 芸術身体教育コース 
1235370110,山梨大学 生命環境 生命工,山梨大 生命環境学部 生命工学科 
1235370210,山梨大学 生命環境 地域食物科学,山梨大 生命環境学部 地域食物科学科 
1235370310,山梨大学 生命環境 食物／ワイン,山梨大 生命環境学部 地域食物科学科 ワイン科学特別コース 
1235370410,山梨大学 生命環境 環境科学,山梨大 生命環境学部 環境科学科 
1235370510,山梨大学 生命環境 地域社会シス,山梨大 生命環境学部 地域社会システム学科 
1235370610,山梨大学 生命環境 社会／観光政,山梨大 生命環境学部 地域社会システム学科 観光政策科学特別コース 
1235461910,山梨大学 工 工／クリーン,山梨大 工学部 工学科 クリーンエネルギー化学コース 
1235462010,山梨大学 工 工／応用化学,山梨大 工学部 工学科 応用化学コース 
1235462110,山梨大学 工 工／土木環境,山梨大 工学部 工学科 土木環境工学コース 
1235462210,山梨大学 工 工／コンピュ,山梨大 工学部 工学科 コンピュータ理工学コース 
1235462310,山梨大学 工 工／機械工学,山梨大 工学部 工学科 機械工学コース 
1235462410,山梨大学 工 工／メカトロ,山梨大 工学部 工学科 メカトロニクスコース 
1235462510,山梨大学 工 工／電気電子,山梨大 工学部 工学科 電気電子工学コース 
1235462610,山梨大学 工 工／総合工学,山梨大 工学部 工学科 総合工学枠 
1235550120,山梨大学 医 医,山梨大 医学部 医学科 
1235550210,山梨大学 医 看護,山梨大 医学部 看護学科 
1245020410,信州大学 人文 人文,信州大 人文学部 人文学科 
1245210110,信州大学 経法 応用経済,信州大 経法学部 応用経済学科 
1245210210,信州大学 経法 総合法律,信州大 経法学部 総合法律学科 
1245303010,信州大学 教育 学校／社会,信州大 教育学部 学校教育教員養成課程 社会科教育コース 
1245303310,信州大学 教育 学校／保健体,信州大 教育学部 学校教育教員養成課程 保健体育コース 
1245303510,信州大学 教育 学校／現代教,信州大 教育学部 学校教育教員養成課程 現代教育コース 
1245303810,信州大学 教育 学校／国語,信州大 教育学部 学校教育教員養成課程 国語教育コース 
1245303910,信州大学 教育 学校／英語,信州大 教育学部 学校教育教員養成課程 英語教育コース 
1245304010,信州大学 教育 学校／数学,信州大 教育学部 学校教育教員養成課程 数学教育コース 
1245304110,信州大学 教育 学校／理科,信州大 教育学部 学校教育教員養成課程 理科教育コース 
1245304210,信州大学 教育 学校／音楽,信州大 教育学部 学校教育教員養成課程 音楽教育コース 
1245304310,信州大学 教育 学校／図・美,信州大 教育学部 学校教育教員養成課程 図画工作・美術教育コース 
1245304410,信州大学 教育 学校／ものづ,信州大 教育学部 学校教育教員養成課程 ものづくり・技術教育コース 
1245304510,信州大学 教育 学校／家庭,信州大 教育学部 学校教育教員養成課程 家庭科教育コース 
1245304610,信州大学 教育 学校／野外教,信州大 教育学部 学校教育教員養成課程 野外教育コース 
1245304710,信州大学 教育 学校／特別支,信州大 教育学部 学校教育教員養成課程 特別支援教育コース 
1245304810,信州大学 教育 学校／心理支,信州大 教育学部 学校教育教員養成課程 心理支援教育コース 
1245420710,信州大学 理 数学,信州大 理学部 数学科 
1245420810,信州大学 理 理／物理学,信州大 理学部 理学科 物理学コース 
1245420910,信州大学 理 理／化学,信州大 理学部 理学科 化学コース 
1245421010,信州大学 理 理／地球学,信州大 理学部 理学科 地球学コース 
1245421110,信州大学 理 理／生物学,信州大 理学部 理学科 生物学コース 
1245421210,信州大学 理 理／物質循環,信州大信州大学 理 理／物質循環
1245461210,信州大学 工 工／応用化学,信州大 工学部 工学科 応用化学コース 
1245461310,信州大学 工 工／環境・エ,信州大 工学部 工学科 環境・エネルギー材料コース 
1245461410,信州大学 工 工／水環境土,信州大 工学部 工学科 水環境・土木コース 
1245461510,信州大学 工 工／電気電子,信州大 工学部 工学科 電気電子コース 
1245461610,信州大学 工 工／機械物理,信州大 工学部 工学科 機械物理コース 
1245461710,信州大学 工 工／知能機械,信州大 工学部 工学科 知能機械コース 
1245461810,信州大学 工 工／建築学,信州大 工学部 工学科 建築学コース 
1245461910,信州大学 工 工／情報サイ,信州大 工学部 工学科 情報サイエンスコース 
1245462010,信州大学 工 工／情報デザ,信州大 工学部 工学科 情報デザインコース 
1245470110,信州大学 繊維 応用生物科学,信州大 繊維学部 応用生物科学科 
1245472110,信州大学 繊維 先進繊維・感,信州大 繊維学部 先進繊維・感性工学科 
1245472210,信州大学 繊維 機械・ロボッ,信州大 繊維学部 機械・ロボット学科 
1245472310,信州大学 繊維 化学・材料,信州大 繊維学部 化学・材料学科 
1245550110,信州大学 医 医,信州大 医学部 医学科 
1245550310,信州大学 医 保健／看護学,信州大 医学部 保健学科 看護学専攻 
1245550410,信州大学 医 保健／検査技,信州大 医学部 保健学科 検査技術科学専攻 
1245550510,信州大学 医 保健／理学療,信州大 医学部 保健学科 理学療法学専攻 
1245550610,信州大学 医 保健／作業療,信州大 医学部 保健学科 作業療法学専攻 
1245720410,信州大学 農 農学／生命食,信州大 農学部 農学生命科学科 生命・食品科学コース 
1245720710,信州大学 農 農学／山岳圏,信州大 農学部 農学生命科学科 山岳圏森林・環境共生学コース 
1245720910,信州大学 農 農学／食料生,信州大 農学部 農学生命科学科 食料生産システム科学コース 
1245721010,信州大学 農 農学／地域協,信州大 農学部 農学生命科学科 地域協創特別コース 
1250210010,岐阜大学 社会シス ,岐阜大 社会システム経営学環 
1250306210,岐阜大学 教育 学校／国語,岐阜大 教育学部 学校教育教員養成課程 国語教育講座 
1250306710,岐阜大学 教育 学校／数学,岐阜大 教育学部 学校教育教員養成課程 数学教育講座 
1250307210,岐阜大学 教育 学校／音楽,岐阜大 教育学部 学校教育教員養成課程 音楽教育講座 
1250307310,岐阜大学 教育 学校／美術,岐阜大 教育学部 学校教育教員養成課程 美術教育講座 
1250307410,岐阜大学 教育 学校／保健体,岐阜大 教育学部 学校教育教員養成課程 保健体育講座 
1250307510,岐阜大学 教育 学校／技術,岐阜大 教育学部 学校教育教員養成課程 技術教育講座 
1250307610,岐阜大学 教育 学校／家政,岐阜大 教育学部 学校教育教員養成課程 家政教育講座 
1250307710,岐阜大学 教育 学校／英語,岐阜大 教育学部 学校教育教員養成課程 英語教育講座 
1250308410,岐阜大学 教育 学校／教育心,岐阜大 教育学部 学校教育教員養成課程 学校教育講座 教育心理コース
1250308510,岐阜大学 教育 学校／学校教,岐阜大 教育学部 学校教育教員養成課程 学校教育講座 学校教育実践コース
1250308710,岐阜大学 教育 学校／理科,岐阜大 教育学部 学校教育教員養成課程 理科教育講座 
1250308810,岐阜大学 教育 学校／特別支,岐阜大 教育学部 学校教育教員養成課程 特別支援教育講座 
1250308910,岐阜大学 教育 学校／社会科,岐阜大 教育学部 学校教育教員養成課程 社会科教育講座 
1250370010,岐阜大学 地域科学 ,岐阜大 地域科学部 
1250460410,岐阜大学 工 社会基盤工,岐阜大 工学部 社会基盤工学科 
1250461210,岐阜大学 工 機械／機械,岐阜大 工学部 機械工学科 機械コース 
1250461310,岐阜大学 工 機械／知能機,岐阜大 工学部 機械工学科 知能機械コース 
1250461410,岐阜大学 工 化学／物質化,岐阜大 工学部 化学・生命工学科 物質化学コース 
1250461510,岐阜大学 工 化学／生命化,岐阜大 工学部 化学・生命工学科 生命化学コース 
1250461810,岐阜大学 工 電気／電気電,岐阜大 工学部 電気電子・情報工学科 電気電子コース 
1250461910,岐阜大学 工 電気／情報,岐阜大 工学部 電気電子・情報工学科 情報コース 
1250462010,岐阜大学 工 電気／応用物,岐阜大 工学部 電気電子・情報工学科 応用物理コース 
1250550110,岐阜大学 医 医,岐阜大 医学部 医学科 
1250550210,岐阜大学 医 看護,岐阜大 医学部 看護学科 
1250740410,岐阜大学 応用生物 共同獣医,岐阜大 応用生物科学部 共同獣医学科 
1250740510,岐阜大学 応用生物 応用生命化,岐阜大 応用生物科学部 応用生命化学科 
1250740610,岐阜大学 応用生物 食農生命科学,岐阜大 応用生物科学部 食農生命科学科 
1250740710,岐阜大学 応用生物 生物圏環境,岐阜大 応用生物科学部 生物圏環境学科 
1255270110,静岡大学 人文社会 社会,静岡大 人文社会科学部 社会学科 
1255270210,静岡大学 人文社会 言語文化,静岡大 人文社会科学部 言語文化学科 
1255270310,静岡大学 人文社会 法,静岡大 人文社会科学部 法学科 
1255270410,静岡大学 人文社会 経済,静岡大 人文社会科学部 経済学科 
1255303710,静岡大学 教育 学校／教育実,静岡大 教育学部 学校教育教員養成課程 発達教育学専攻 教育実践学専修
1255303810,静岡大学 教育 学校／教育心,静岡大 教育学部 学校教育教員養成課程 発達教育学専攻 教育心理学専修
1255304010,静岡大学 教育 学校／幼児教,静岡大 教育学部 学校教育教員養成課程 発達教育学専攻 幼児教育専修
1255304310,静岡大学 教育 学校／特別支,静岡大 教育学部 学校教育教員養成課程 特別支援教育専攻 
1255304410,静岡大学 教育 学校／国語,静岡大 教育学部 学校教育教員養成課程 教科教育学専攻 国語教育専修
1255304510,静岡大学 教育 学校／社会科,静岡大 教育学部 学校教育教員養成課程 教科教育学専攻 社会科教育専修
1255304610,静岡大学 教育 学校／数学,静岡大 教育学部 学校教育教員養成課程 教科教育学専攻 数学教育専修
1255304710,静岡大学 教育 学校／理科,静岡大 教育学部 学校教育教員養成課程 教科教育学専攻 理科教育専修
1255304810,静岡大学 教育 学校／音楽,静岡大 教育学部 学校教育教員養成課程 教科教育学専攻 音楽教育専修
1255304910,静岡大学 教育 学校／美術,静岡大 教育学部 学校教育教員養成課程 教科教育学専攻 美術教育専修
1255305010,静岡大学 教育 学校／保健体,静岡大 教育学部 学校教育教員養成課程 教科教育学専攻 保健体育教育専修
1255305110,静岡大学 教育 学校／技術,静岡大 教育学部 学校教育教員養成課程 教科教育学専攻 技術教育専修
1255305210,静岡大学 教育 学校／家庭科,静岡大 教育学部 学校教育教員養成課程 教科教育学専攻 家庭科教育専修
1255305310,静岡大学 教育 学校／英語,静岡大 教育学部 学校教育教員養成課程 教科教育学専攻 英語教育専修
1255306310,静岡大学 教育 学校／初等学,静岡大 教育学部 学校教育教員養成課程 初等学習開発学専攻 
1255306410,静岡大学 教育 学校／養護教,静岡大 教育学部 学校教育教員養成課程 養護教育専攻 
1255370110,静岡大学 情報 情報科学,静岡大 情報学部 情報科学科 
1255370210,静岡大学 情報 情報社会,静岡大 情報学部 情報社会学科 
1255370310,静岡大学 情報 行動情報,静岡大 情報学部 行動情報学科 
1255390110,静岡大学 グローバ グローバル共,静岡大 グローバル共創科学部 グローバル共創科学科 
1255420110,静岡大学 理 化学,静岡大 理学部 化学科 
1255420210,静岡大学 理 数学,静岡大 理学部 数学科 
1255420310,静岡大学 理 生物科学,静岡大 理学部 生物科学科 
1255420410,静岡大学 理 地球科学,静岡大 理学部 地球科学科 
1255420510,静岡大学 理 物理,静岡大 理学部 物理学科 
1255420710,静岡大学 理 創造理学,静岡大 理学部 創造理学コース 
1255460210,静岡大学 工 機械工,静岡大 工学部 機械工学科 
1255460610,静岡大学 工 電気電子工,静岡大 工学部 電気電子工学科 
1255460910,静岡大学 工 電子物質科学,静岡大 工学部 電子物質科学科 
1255461010,静岡大学 工 化学バイオ工,静岡大 工学部 化学バイオ工学科 
1255461110,静岡大学 工 数理シス工,静岡大 工学部 数理システム工学科 
1255720610,静岡大学 農 生物資源科学,静岡大 農学部 生物資源科学科 
1255720710,静岡大学 農 応用生命科学,静岡大 農学部 応用生命科学科 
1260550111,浜松医科大学 医 医,浜松医大 医学部 医学科 
1260550210,浜松医科大学 医 看護,浜松医大 医学部 看護学科 
1265300210,愛知教育大学 教育 学校／義音楽,愛知教育大 教育学部 学校教員養成課程 義務教育専攻・音楽専修 
1265300310,愛知教育大学 教育 学校／義図画,愛知教育大 教育学部 学校教員養成課程 義務教育専攻・図画工作・美術専修 
1265300410,愛知教育大学 教育 学校／義保健,愛知教育大 教育学部 学校教員養成課程 義務教育専攻・保健体育専修 
1265300510,愛知教育大学 教育 学校／義もの,愛知教育大 教育学部 学校教員養成課程 義務教育専攻・ものづくり・技術専修 
1265300610,愛知教育大学 教育 学校／義家庭,愛知教育大 教育学部 学校教員養成課程 義務教育専攻・家庭専修 
1265300710,愛知教育大学 教育 学校／義英語,愛知教育大 教育学部 学校教員養成課程 義務教育専攻・英語専修 
1265300810,愛知教育大学 教育 学校／高国語,愛知教育大 教育学部 学校教員養成課程 高等学校教育専攻・国語・書道専修 
1265300910,愛知教育大学 教育 学校／高地歴,愛知教育大 教育学部 学校教員養成課程 高等学校教育専攻・地歴・公民専修 
1265301010,愛知教育大学 教育 学校／高数学,愛知教育大 教育学部 学校教員養成課程 高等学校教育専攻・数学専修 
1265301110,愛知教育大学 教育 学校／高理科,愛知教育大 教育学部 学校教員養成課程 高等学校教育専攻・理科専修 
1265301210,愛知教育大学 教育 学校／高英語,愛知教育大 教育学部 学校教員養成課程 高等学校教育専攻・英語専修 
1265306710,愛知教育大学 教育 教育／心理,愛知教育大 教育学部 教育支援専門職養成課程 心理コース 
1265306810,愛知教育大学 教育 教育／福祉,愛知教育大 教育学部 教育支援専門職養成課程 福祉コース 
1265306910,愛知教育大学 教育 教育／教育ガ,愛知教育大 教育学部 教育支援専門職養成課程 教育ガバナンスコース 
1265307010,愛知教育大学 教育 学校／幼児教,愛知教育大 教育学部 学校教員養成課程 幼児教育専攻 
1265309010,愛知教育大学 教育 学校／特別支,愛知教育大 教育学部 学校教員養成課程 特別支援教育専攻 
1265309110,愛知教育大学 教育 学校／養護教,愛知教育大 教育学部 学校教員養成課程 養護教育専攻 
1265309210,愛知教育大学 教育 学校／義学校,愛知教育大 教育学部 学校教員養成課程 義務教育専攻・学校教育科学専修 
1265309310,愛知教育大学 教育 学校／義生活,愛知教育大 教育学部 学校教員養成課程 義務教育専攻・生活・総合専修 
1265309410,愛知教育大学 教育 学校／義ＩＣ,愛知教育大 教育学部 学校教員養成課程 義務教育専攻・ＩＣＴ活用支援専修 
1265309510,愛知教育大学 教育 学校／義日本,愛知教育大 教育学部 学校教員養成課程 義務教育専攻・日本語支援専修 
1265309610,愛知教育大学 教育 学校／義国語,愛知教育大 教育学部 学校教員養成課程 義務教育専攻・国語専修 
1265309710,愛知教育大学 教育 学校／義社会,愛知教育大 教育学部 学校教員養成課程 義務教育専攻・社会専修 
1265309810,愛知教育大学 教育 学校／義算数,愛知教育大 教育学部 学校教員養成課程 義務教育専攻・算数・数学専修 
1265309910,愛知教育大学 教育 学校／義理科,愛知教育大 教育学部 学校教員養成課程 義務教育専攻・理科専修 
1270460010,豊橋技術科学大学 工 ,豊橋技術科学大豊橋技術科学大学 工 
1275010410,名古屋大学 文 人文,名古屋大名大 NU 文学部 人文学科 
1275120310,名古屋大学 法 法律・政治,名古屋大名大 NU 法学部 法律・政治学科 
1275180010,名古屋大学 経済 ,名古屋大名大 NU 経済学部 
1275300310,名古屋大学 教育 人間発達科学,名古屋大名大 NU 教育学部 人間発達科学科 
1275380110,名古屋大学 情報 自然情報,名古屋大名大 NU 情報学部 自然情報学科 
1275380210,名古屋大学 情報 人間・社会情,名古屋大名大 NU 情報学部 人間・社会情報学科 
1275380310,名古屋大学 情報 コンピュータ,名古屋大名大 NU 情報学部 コンピュータ科学科 
1275420010,名古屋大学 理 ,名古屋大名大 NU 理学部 
1275461310,名古屋大学 工 物理工,名古屋大名大 NU 工学部 物理工学科 
1275461410,名古屋大学 工 環境土木・建,名古屋大名大 NU 工学部 環境土木・建築学科 
1275461510,名古屋大学 工 化学生命工,名古屋大名大 NU 工学部 化学生命工学科 
1275461610,名古屋大学 工 マテリアル工,名古屋大名大 NU 工学部 マテリアル工学科 
1275461710,名古屋大学 工 電気電子情報,名古屋大名大 NU 工学部 電気電子情報工学科 
1275461810,名古屋大学 工 機械・航空宇,名古屋大名大 NU 工学部 機械・航空宇宙工学科 
1275461910,名古屋大学 工 エネルギー理,名古屋大名大 NU 工学部 エネルギー理工学科 
1275550111,名古屋大学 医 医,名古屋大名大 NU 医学部 医学科 
1275550310,名古屋大学 医 保健／看護学,名古屋大名大 NU 医学部 保健学科 看護学専攻 
1275550410,名古屋大学 医 保健／放射線,名古屋大名大 NU 医学部 保健学科 放射線技術科学専攻 
1275550510,名古屋大学 医 保健／検査技,名古屋大名大 NU 医学部 保健学科 検査技術科学専攻 
1275550610,名古屋大学 医 保健／理学療,名古屋大名大 NU 医学部 保健学科 理学療法学専攻 
1275550710,名古屋大学 医 保健／作業療,名古屋大名大 NU 医学部 保健学科 作業療法学専攻 
1275720310,名古屋大学 農 生物環境科学,名古屋大名大 NU 農学部 生物環境科学科 
1275720410,名古屋大学 農 資源生物科学,名古屋大名大 NU 農学部 資源生物科学科 
1275720510,名古屋大学 農 応用生命科学,名古屋大名大 NU 農学部 応用生命科学科 
1280461310,名古屋工業大学 工 情報工,名古屋工大 工学部 情報工学科 
1280461610,名古屋工業大学 工 生命・応用化,名古屋工大 工学部 生命・応用化学科 
1280461710,名古屋工業大学 工 物理工,名古屋工大 工学部 物理工学科 
1280461810,名古屋工業大学 工 電気・機械工,名古屋工大 工学部 電気・機械工学科 
1280461910,名古屋工業大学 工 社会／建築デ,名古屋工大 工学部 社会工学科 建築・デザイン分野 
1280462010,名古屋工業大学 工 社会／環境都,名古屋工大 工学部 社会工学科 環境都市分野 
1280462110,名古屋工業大学 工 社会／経営シ,名古屋工大 工学部 社会工学科 経営システム分野 
1280462310,名古屋工業大学 工 創造／材料エ,名古屋工大 工学部 創造工学教育課程 材料・エネルギーコース 
1280462410,名古屋工業大学 工 創造／情報社,名古屋工大 工学部 創造工学教育課程 情報・社会コース 
1285020110,三重大学 人文 法律経済,三重大 人文学部 法律経済学科 
1285020210,三重大学 人文 文化,三重大 人文学部 文化学科 
1285303810,三重大学 教育 学校／特別支,三重大 教育学部 学校教育教員養成課程 特別支援教育コース 
1285303910,三重大学 教育 学校／幼児教,三重大 教育学部 学校教育教員養成課程 幼児教育コース 
1285305010,三重大学 教育 学校／国語初,三重大 教育学部 学校教育教員養成課程 国語教育コース・初等教育選修 
1285305110,三重大学 教育 学校／国語中,三重大 教育学部 学校教育教員養成課程 国語教育コース・中等教育選修 
1285305210,三重大学 教育 学校／社会初,三重大 教育学部 学校教育教員養成課程 社会科教育コース・初等教育選修 
1285305310,三重大学 教育 学校／社会中,三重大 教育学部 学校教育教員養成課程 社会科教育コース・中等教育選修 
1285305410,三重大学 教育 学校／理科初,三重大 教育学部 学校教育教員養成課程 理科教育コース・初等教育選修 
1285305510,三重大学 教育 学校／理科中,三重大 教育学部 学校教育教員養成課程 理科教育コース・中等教育選修 
1285305610,三重大学 教育 学校／音楽初,三重大 教育学部 学校教育教員養成課程 音楽教育コース・初等教育選修 
1285305710,三重大学 教育 学校／音楽中,三重大 教育学部 学校教育教員養成課程 音楽教育コース・中等教育選修 
1285305810,三重大学 教育 学校／美術初,三重大 教育学部 学校教育教員養成課程 美術教育コース・初等教育選修 
1285305910,三重大学 教育 学校／美術中,三重大 教育学部 学校教育教員養成課程 美術教育コース・中等教育選修 
1285306010,三重大学 教育 学校／保体初,三重大 教育学部 学校教育教員養成課程 保健体育コース・初等教育選修 
1285306110,三重大学 教育 学校／保体中,三重大 教育学部 学校教育教員養成課程 保健体育コース・中等教育選修 
1285306210,三重大学 教育 学校／技術初,三重大 教育学部 学校教育教員養成課程 技術・ものづくり教育コース・初等教育選修 
1285306310,三重大学 教育 学校／技術中,三重大 教育学部 学校教育教員養成課程 技術・ものづくり教育コース・中等教育選修 
1285306410,三重大学 教育 学校／家政初,三重大 教育学部 学校教育教員養成課程 家政教育コース・初等教育選修 
1285306510,三重大学 教育 学校／家政中,三重大 教育学部 学校教育教員養成課程 家政教育コース・中等教育選修 
1285306610,三重大学 教育 学校／英語初,三重大 教育学部 学校教育教員養成課程 英語教育コース・初等教育選修 
1285306710,三重大学 教育 学校／英語中,三重大 教育学部 学校教育教員養成課程 英語教育コース・中等教育選修 
1285306810,三重大学 教育 学校／教育学,三重大 教育学部 学校教育教員養成課程 学校教育コース 教育学専攻
1285306910,三重大学 教育 学校／教育心,三重大 教育学部 学校教育教員養成課程 学校教育コース 教育心理学専攻
1285307010,三重大学 教育 学校／数学初,三重大 教育学部 学校教育教員養成課程 数学教育コース・初等教育選修 
1285307110,三重大学 教育 学校／数学中,三重大 教育学部 学校教育教員養成課程 数学教育コース・中等教育選修 
1285460810,三重大学 工 総合／機械工,三重大 工学部 総合工学科 機械工学コース 
1285460910,三重大学 工 総合／電気電,三重大 工学部 総合工学科 電気電子工学コース 
1285461010,三重大学 工 総合／応用化,三重大 工学部 総合工学科 応用化学コース 
1285461110,三重大学 工 総合／建築学,三重大 工学部 総合工学科 建築学コース 
1285461210,三重大学 工 総合／情報工,三重大 工学部 総合工学科 情報工学コース 
1285461310,三重大学 工 総合／電子情,三重大 工学部 総合工学科 電子情報工学コース 
1285550111,三重大学 医 医,三重大 医学部 医学科 
1285550210,三重大学 医 看護,三重大 医学部 看護学科 
1285740710,三重大学 生物資源 生物／生物資,三重大 生物資源学部 生物資源学科 生物資源総合科学コース 
1285740810,三重大学 生物資源 生物／農林環,三重大 生物資源学部 生物資源学科 農林環境科学コース 
1285740910,三重大学 生物資源 生物／海洋生,三重大 生物資源学部 生物資源学科 海洋生物資源学コース 
1285741010,三重大学 生物資源 生物／生命化,三重大 生物資源学部 生物資源学科 生命化学コース 
1290180711,滋賀大学 経済 総合経済,滋賀大 経済学部 総合経済学科 
1290303810,滋賀大学 教育 学校／障害児,滋賀大 教育学部 学校教育教員養成課程 障害児教育コース 
1290305611,滋賀大学 教育 学校教育,滋賀大 教育学部 学校教育教員養成課程 
1290370110,滋賀大学 データサ データサイエ,滋賀大 データサイエンス学部 データサイエンス学科 
1295550111,滋賀医科大学 医 医,滋賀医大 医学部 医学科 
1295550211,滋賀医科大学 医 看護,滋賀医大 医学部 看護学科 
1300010110,京都大学 文 人文,京都大京大 KU 文学部 人文学科 
1300120010,京都大学 法 ,京都大京大 KU 法学部 
1300180311,京都大学 経済 経済経営,京都大京大 KU 経済学部 経済経営学科 
1300300411,京都大学 教育 教育科学,京都大京大 KU 教育学部 教育科学科 
1300370711,京都大学 総合人間 総合人間,京都大京大 KU 総合人間学部 総合人間学科 
1300420110,京都大学 理 理,京都大京大 KU 理学部 理学科 
1300460210,京都大学 工 建築,京都大京大 KU 工学部 建築学科 
1300460410,京都大学 工 理工化,京都大京大 KU 工学部 理工化学科 
1300460710,京都大学 工 情報,京都大京大 KU 工学部 情報学科 
1300460910,京都大学 工 電気電子工,京都大京大 KU 工学部 電気電子工学科 
1300461110,京都大学 工 物理工,京都大京大 KU 工学部 物理工学科 
1300461210,京都大学 工 地球工,京都大京大 KU 工学部 地球工学科 
1300550110,京都大学 医 医,京都大京大 KU 医学部 医学科 
1300550210,京都大学 医 人間健康科学,京都大京大 KU 医学部 人間健康科学科 
1300610010,京都大学 薬 ,京都大京大 KU 薬学部 
1300721110,京都大学 農 資源生物科学,京都大京大 KU 農学部 資源生物科学科 
1300721210,京都大学 農 応用生命科学,京都大京大 KU 農学部 応用生命科学科 
1300721310,京都大学 農 地域環境工,京都大京大 KU 農学部 地域環境工学科 
1300721410,京都大学 農 食料・環境経,京都大京大 KU 農学部 食料・環境経済学科 
1300721510,京都大学 農 森林科学,京都大京大 KU 農学部 森林科学科 
1300721610,京都大学 農 食品生物科学,京都大京大 KU 農学部 食品生物科学科 
1305308110,京都教育大学 教育 学校／教育学,京都教育大 教育学部 学校教育教員養成課程 教育学専攻 
1305308210,京都教育大学 教育 学校／幼児教,京都教育大 教育学部 学校教育教員養成課程 幼児教育専攻 
1305308310,京都教育大学 教育 学校／発達障,京都教育大 教育学部 学校教育教員養成課程 発達障害教育専攻 
1305308410,京都教育大学 教育 学校／国語,京都教育大 教育学部 学校教育教員養成課程 国語領域専攻 
1305308510,京都教育大学 教育 学校／社会,京都教育大 教育学部 学校教育教員養成課程 社会領域専攻 
1305308610,京都教育大学 教育 学校／英語,京都教育大 教育学部 学校教育教員養成課程 英語領域専攻 
1305308710,京都教育大学 教育 学校／数学,京都教育大 教育学部 学校教育教員養成課程 数学領域専攻 
1305308810,京都教育大学 教育 学校／理科,京都教育大 教育学部 学校教育教員養成課程 理科領域専攻 
1305308910,京都教育大学 教育 学校／技術,京都教育大 教育学部 学校教育教員養成課程 技術領域専攻 
1305309010,京都教育大学 教育 学校／家庭,京都教育大 教育学部 学校教育教員養成課程 家庭領域専攻 
1305309110,京都教育大学 教育 学校／美術,京都教育大 教育学部 学校教育教員養成課程 美術領域専攻 美術分野
1305309210,京都教育大学 教育 学校／書道,京都教育大 教育学部 学校教育教員養成課程 美術領域専攻 書道分野
1305309310,京都教育大学 教育 学校／音楽,京都教育大 教育学部 学校教育教員養成課程 音楽領域専攻 
1305309410,京都教育大学 教育 学校／体育,京都教育大 教育学部 学校教育教員養成課程 体育領域専攻 
1310491910,京都工芸繊維大学 工芸科学 生物／一般プ,京都工繊大 工芸科学部 応用生物学課程 一般プログラム 
1310492010,京都工芸繊維大学 工芸科学 化学／一般プ,京都工繊大 工芸科学部 応用化学課程 一般プログラム 
1310492110,京都工芸繊維大学 工芸科学 電子／一般プ,京都工繊大 工芸科学部 電子システム工学課程 一般プログラム 
1310492210,京都工芸繊維大学 工芸科学 情報／一般プ,京都工繊大 工芸科学部 情報工学課程 一般プログラム 
1310492310,京都工芸繊維大学 工芸科学 機械／一般プ,京都工繊大 工芸科学部 機械工学課程 一般プログラム 
1310492510,京都工芸繊維大学 工芸科学 デザ／一般プ,京都工繊大 工芸科学 デザ／一般プ '26 0
1310492610,京都工芸繊維大学 工芸科学 生物／地域創,京都工繊大 工芸科学部 応用生物学課程 地域創生ＴｅｃｈＰｒｏｇｒａｍ 
1310492710,京都工芸繊維大学 工芸科学 化学／地域創,京都工繊大 工芸科学部 応用化学課程 地域創生ＴｅｃｈＰｒｏｇｒａｍ 
1310492810,京都工芸繊維大学 工芸科学 電子／地域創,京都工繊大 工芸科学部 電子システム工学課程 地域創生ＴｅｃｈＰｒｏｇｒａｍ 
1310492910,京都工芸繊維大学 工芸科学 情報／地域創,京都工繊大 工芸科学部 情報工学課程 地域創生ＴｅｃｈＰｒｏｇｒａｍ 
1310493010,京都工芸繊維大学 工芸科学 機械／地域創,京都工繊大 工芸科学部 機械工学課程 地域創生ＴｅｃｈＰｒｏｇｒａｍ 
1310493210,京都工芸繊維大学 工芸科学 デザ／地域創,京都工繊大 工芸科学 デザ／地域創 '26 0
1315010110,大阪大学 文 人文,阪大 OU 文学部 人文学科 
1315080210,大阪大学 外国語 外国／中国語,阪大 OU 外国語学部 外国語学科 中国語専攻 
1315080310,大阪大学 外国語 外国／朝鮮語,阪大 OU 外国語学部 外国語学科 朝鮮語専攻 
1315080410,大阪大学 外国語 外国／モンゴ,阪大 OU 外国語学部 外国語学科 モンゴル語専攻 
1315080510,大阪大学 外国語 外国／インド,阪大 OU 外国語学部 外国語学科 インドネシア語専攻 
1315080610,大阪大学 外国語 外国／フィリ,阪大 OU 外国語学部 外国語学科 フィリピン語専攻 
1315080710,大阪大学 外国語 外国／タイ語,阪大 OU 外国語学部 外国語学科 タイ語専攻 
1315080810,大阪大学 外国語 外国／ベトナ,阪大 OU 外国語学部 外国語学科 ベトナム語専攻 
1315080910,大阪大学 外国語 外国／ビルマ,阪大 OU 外国語学部 外国語学科 ビルマ語専攻 
1315081010,大阪大学 外国語 外国／ヒンデ,阪大 OU 外国語学部 外国語学科 ヒンディー語専攻 
1315081110,大阪大学 外国語 外国／ウルド,阪大 OU 外国語学部 外国語学科 ウルドゥー語専攻 
1315081210,大阪大学 外国語 外国／アラビ,阪大 OU 外国語学部 外国語学科 アラビア語専攻 
1315081310,大阪大学 外国語 外国／ペルシ,阪大 OU 外国語学部 外国語学科 ペルシア語専攻 
1315081410,大阪大学 外国語 外国／トルコ,阪大 OU 外国語学部 外国語学科 トルコ語専攻 
1315081510,大阪大学 外国語 外国／スワヒ,阪大 OU 外国語学部 外国語学科 スワヒリ語専攻 
1315081610,大阪大学 外国語 外国／ロシア,阪大 OU 外国語学部 外国語学科 ロシア語専攻 
1315081710,大阪大学 外国語 外国／ハンガ,阪大 OU 外国語学部 外国語学科 ハンガリー語専攻 
1315081810,大阪大学 外国語 外国／デンマ,阪大 OU 外国語学部 外国語学科 デンマーク語専攻 
1315081910,大阪大学 外国語 外国／スウェ,阪大 OU 外国語学部 外国語学科 スウェーデン語専攻 
1315082010,大阪大学 外国語 外国／ドイツ,阪大 OU 外国語学部 外国語学科 ドイツ語専攻 
1315082110,大阪大学 外国語 外国／英語,阪大 OU 外国語学部 外国語学科 英語専攻 
1315082210,大阪大学 外国語 外国／フラン,阪大 OU 外国語学部 外国語学科 フランス語専攻 
1315082310,大阪大学 外国語 外国／イタリ,阪大 OU 外国語学部 外国語学科 イタリア語専攻 
1315082410,大阪大学 外国語 外国／スペイ,阪大 OU 外国語学部 外国語学科 スペイン語専攻 
1315082510,大阪大学 外国語 外国／ポルト,阪大 OU 外国語学部 外国語学科 ポルトガル語専攻 
1315082610,大阪大学 外国語 外国／日本語,阪大 OU 外国語学部 外国語学科 日本語専攻 
1315120110,大阪大学 法 法,阪大 OU 法学部 法学科 
1315120210,大阪大学 法 国際公共政策,阪大 OU 法学部 国際公共政策学科 
1315180310,大阪大学 経済 経済・経営,阪大 OU 経済学部 経済・経営学科 
1315370110,大阪大学 人間科学 人間科学,阪大 OU 人間科学部 人間科学科 
1315420110,大阪大学 理 化学,阪大 OU 理学部 化学科 
1315420310,大阪大学 理 数学,阪大 OU 理学部 数学科 
1315420510,大阪大学 理 物理,阪大 OU 理学部 物理学科 
1315420610,大阪大学 理 生物／生物科,阪大 OU 理学部 生物科学科 生物科学コース 
1315420710,大阪大学 理 生物／生命理,阪大 OU 理学部 生物科学科 生命理学コース 
1315460210,大阪大学 工 応用自然科学,阪大 OU 工学部 応用自然科学科 
1315461510,大阪大学 工 応用理工,阪大 OU 工学部 応用理工学科 
1315461610,大阪大学 工 地球総合工,阪大 OU 工学部 地球総合工学科 
1315461710,大阪大学 工 電子情報工,阪大 OU 工学部 電子情報工学科 
1315461810,大阪大学 工 環境・エネル,阪大 OU 工学部 環境・エネルギー工学科 
1315470510,大阪大学 基礎工 情報科学,阪大 OU 基礎工学部 情報科学科 
1315470910,大阪大学 基礎工 化学応用科学,阪大 OU 基礎工学部 化学応用科学科 
1315471010,大阪大学 基礎工 システム科学,阪大 OU 基礎工学部 システム科学科 
1315471110,大阪大学 基礎工 電子物理科学,阪大 OU 基礎工学部 電子物理科学科 
1315550110,大阪大学 医 医,阪大 OU 医学部 医学科 
1315550210,大阪大学 医 保健／看護学,阪大 OU 医学部 保健学科 看護学専攻 
1315550310,大阪大学 医 保健／検査技,阪大 OU 医学部 保健学科 検査技術科学専攻 
1315550410,大阪大学 医 保健／放射線,阪大 OU 医学部 保健学科 放射線技術科学専攻 
1315580110,大阪大学 歯 歯,阪大 OU 歯学部 歯学科 
1315610310,大阪大学 薬 薬,阪大 OU 薬学部 薬学科 
1325302110,大阪教育大学 教育 学校／特別支,大教大 教育学部 学校教育教員養成課程 特別支援教育専攻 
1325303010,大阪教育大学 教育 教育／国際協,大教大 教育学部 教育協働学科 グローバル教育専攻 国際協働英語コース
1325303110,大阪教育大学 教育 教育／日本語,大教大 教育学部 教育協働学科 グローバル教育専攻 日本語教育コース
1325303410,大阪教育大学 教育 学校／幼児教,大教大 教育学部 学校教育教員養成課程 幼小教育専攻 幼児教育コース
1325303610,大阪教育大学 教育 学校／小学校,大教大 教育学部 学校教育教員養成課程 幼小教育専攻 小学校教育コース
1325303710,大阪教育大学 教育 学校／教育探,大教大 教育学部 学校教育教員養成課程 次世代教育専攻 教育探究コース
1325303911,大阪教育大学 教育 学校／ＩＣＴ,大教大 教育学部 学校教育教員養成課程 次世代教育専攻 ＩＣＴ教育コース
1325304110,大阪教育大学 教育 学校／国語,大教大 教育学部 学校教育教員養成課程 教科教育専攻 国語教育コース
1325304210,大阪教育大学 教育 学校／英語,大教大 教育学部 学校教育教員養成課程 教科教育専攻 英語教育コース
1325304310,大阪教育大学 教育 養護教諭,大教大 教育学部 養護教諭養成課程 
1325304510,大阪教育大学 教育 教育／数理知,大教大 教育学部 教育協働学科 教育イノベーション専攻 数理・知能情報コース
1325304710,大阪教育大学 教育 学校／社会科,大教大 教育学部 学校教育教員養成課程 教科教育専攻 社会科教育コース
1325304810,大阪教育大学 教育 学校／数学,大教大 教育学部 学校教育教員養成課程 教科教育専攻 数学教育コース
1325304910,大阪教育大学 教育 学校／理科,大教大 教育学部 学校教育教員養成課程 教科教育専攻 理科教育コース
1325305010,大阪教育大学 教育 学校／技術,大教大 教育学部 学校教育教員養成課程 教科教育専攻 技術教育コース
1325305110,大阪教育大学 教育 学校／家政,大教大 教育学部 学校教育教員養成課程 教科教育専攻 家政教育コース
1325305210,大阪教育大学 教育 学校／保健体,大教大 教育学部 学校教育教員養成課程 教科教育専攻 保健体育コース
1325305310,大阪教育大学 教育 学校／音楽,大教大 教育学部 学校教育教員養成課程 教科教育専攻 音楽教育コース
1325305411,大阪教育大学 教育 学校／美・書,大教大 教育学部 学校教育教員養成課程 教科教育専攻 美術・書道教育コース
1325306110,大阪教育大学 教育 教育／環境安,大教大 教育学部 教育協働学科 教育イノベーション専攻 環境安全科学コース
1325306210,大阪教育大学 教育 教育／心理科,大教大 教育学部 教育協働学科 教育コミュニティ支援専攻 心理科学コース
1325306310,大阪教育大学 教育 教育／スポー,大教大 教育学部 教育協働学科 教育コミュニティ支援専攻 スポーツ健康コース
1325306411,大阪教育大学 教育 教育／芸術表,大教大 教育学部 教育協働学科 教育コミュニティ支援専攻 芸術表現コース
1325310210,大阪教育大学 教育夜 学校／小学校,大教大 教育学部夜間 学校教育教員養成課程 小学校教育５年専攻 
1330010410,神戸大学 文 人文,神戸大 文学部 人文学科 
1330120110,神戸大学 法 法律,神戸大 法学部 法律学科 
1330180111,神戸大学 経済 経済,神戸大 経済学部 経済学科 
1330190210,神戸大学 経営 経営,神戸大 経営学部 経営学科 
1330340110,神戸大学 国際人間 グローバル文,神戸大 国際人間科学部 グローバル文化学科 
1330340210,神戸大学 国際人間 発達コミュニ,神戸大 国際人間科学部 発達コミュニティ学科 
1330340310,神戸大学 国際人間 子ども教育,神戸大 国際人間科学部 子ども教育学科 
1330340411,神戸大学 国際人間 環境共生,神戸大 国際人間科学部 環境共生学科 
1330420110,神戸大学 理 化学,神戸大 理学部 化学科 
1330420210,神戸大学 理 数学,神戸大 理学部 数学科 
1330420310,神戸大学 理 生物,神戸大 理学部 生物学科 
1330420410,神戸大学 理 惑星,神戸大 理学部 惑星学科 
1330420510,神戸大学 理 物理,神戸大 理学部 物理学科 
1330460110,神戸大学 工 応用化,神戸大 工学部 応用化学科 
1330460210,神戸大学 工 機械工,神戸大 工学部 機械工学科 
1330460510,神戸大学 工 電気電子工,神戸大 工学部 電気電子工学科 
1330460610,神戸大学 工 建築,神戸大 工学部 建築学科 
1330460710,神戸大学 工 市民工,神戸大 工学部 市民工学科 
1330480110,神戸大学 システム システム情報,神戸大 システム情報学部 システム情報学科 
1330550110,神戸大学 医 医,神戸大 医学部 医学科 
1330550310,神戸大学 医 保健／看護学,神戸大 医学部 保健学科 看護学専攻 
1330550410,神戸大学 医 保健／検査技,神戸大 医学部 保健学科 検査技術科学専攻 
1330550510,神戸大学 医 保健／作業療,神戸大 医学部 保健学科 作業療法学専攻 
1330550610,神戸大学 医 保健／理学療,神戸大 医学部 保健学科 理学療法学専攻 
1330550710,神戸大学 医 医療創成工,神戸大 医学部 医療創成工学科 
1330720610,神戸大学 農 食料／生産環,神戸大 農学部 食料環境システム学科 生産環境工学コース 
1330720710,神戸大学 農 食料／食料環,神戸大 農学部 食料環境システム学科 食料環境経済学コース 
1330720810,神戸大学 農 資源／応用動,神戸大 農学部 資源生命科学科 応用動物学コース 
1330720910,神戸大学 農 資源／応用植,神戸大 農学部 資源生命科学科 応用植物学コース 
1330721010,神戸大学 農 生命／応用生,神戸大 農学部 生命機能科学科 応用生命化学コース 
1330721110,神戸大学 農 生命／応用機,神戸大 農学部 生命機能科学科 応用機能生物学コース 
1330740111,神戸大学 海洋政策 海洋政策科学,神戸大 海洋政策科学部 海洋政策科学科 
1340310110,兵庫教育大学 学校教育 学校教育,兵庫教育大 学校教育学部 学校教育教員養成課程 
1345306810,奈良教育大学 教育 学校／教育学,奈良教育大 教育学部 学校教育教員養成課程 教育発達専攻 教育学専修
1345306910,奈良教育大学 教育 学校／心理学,奈良教育大 教育学部 学校教育教員養成課程 教育発達専攻 心理学専修
1345307010,奈良教育大学 教育 学校／幼年教,奈良教育大 教育学部 学校教育教員養成課程 教育発達専攻 幼年教育専修
1345307110,奈良教育大学 教育 学校／特別支,奈良教育大 教育学部 学校教育教員養成課程 教育発達専攻 特別支援教育専修
1345307210,奈良教育大学 教育 学校／国語初,奈良教育大 教育学部 学校教育教員養成課程 教科教育専攻 国語教育専修・初等教育履修分野
1345307310,奈良教育大学 教育 学校／国語中,奈良教育大 教育学部 学校教育教員養成課程 教科教育専攻 国語教育専修・中等教育履修分野
1345307410,奈良教育大学 教育 学校／社会初,奈良教育大 教育学部 学校教育教員養成課程 教科教育専攻 社会科教育専修・初等教育履修分野
1345307510,奈良教育大学 教育 学校／社会中,奈良教育大 教育学部 学校教育教員養成課程 教科教育専攻 社会科教育専修・中等教育履修分野
1345307610,奈良教育大学 教育 学校／数学初,奈良教育大 教育学部 学校教育教員養成課程 教科教育専攻 数学教育専修・初等教育履修分野
1345307710,奈良教育大学 教育 学校／数学中,奈良教育大 教育学部 学校教育教員養成課程 教科教育専攻 数学教育専修・中等教育履修分野
1345307810,奈良教育大学 教育 学校／理科初,奈良教育大 教育学部 学校教育教員養成課程 教科教育専攻 理科教育専修・初等教育履修分野
1345307910,奈良教育大学 教育 学校／理科中,奈良教育大 教育学部 学校教育教員養成課程 教科教育専攻 理科教育専修・中等教育履修分野
1345308410,奈良教育大学 教育 学校／保体初,奈良教育大 教育学部 学校教育教員養成課程 教科教育専攻 保健体育専修・初等教育履修分野
1345308510,奈良教育大学 教育 学校／保体中,奈良教育大 教育学部 学校教育教員養成課程 教科教育専攻 保健体育専修・中等教育履修分野
1345308610,奈良教育大学 教育 学校／家庭初,奈良教育大 教育学部 学校教育教員養成課程 教科教育専攻 家庭科教育専修・初等教育履修分野
1345308710,奈良教育大学 教育 学校／家庭中,奈良教育大 教育学部 学校教育教員養成課程 教科教育専攻 家庭科教育専修・中等教育履修分野
1345308810,奈良教育大学 教育 学校／技術中,奈良教育大 教育学部 学校教育教員養成課程 教科教育専攻 技術教育専修・中等教育履修分野
1345308910,奈良教育大学 教育 学校／英語中,奈良教育大 教育学部 学校教育教員養成課程 教科教育専攻 英語教育専修・中等教育履修分野
1345309010,奈良教育大学 教育 学校／書道教,奈良教育大 教育学部 学校教育教員養成課程 伝統文化教育専攻 書道教育専修
1345309110,奈良教育大学 教育 学校／文化遺,奈良教育大 教育学部 学校教育教員養成課程 伝統文化教育専攻 文化遺産教育専修
1345309310,奈良教育大学 教育 学校／音楽教,奈良教育大 教育学部 学校教育教員養成課程 教科教育専攻 音楽教育専修
1345309410,奈良教育大学 教育 学校／美術教,奈良教育大 教育学部 学校教育教員養成課程 教科教育専攻 美術教育専修
1350010010,奈良女子大学 文 ,奈良女大 文学部 
1350420610,奈良女子大学 理 数物科学,奈良女大 理学部 数物科学科 
1350420810,奈良女子大学 理 化学／化学,奈良女大 理学部 化学生物環境学科 化学コース 
1350420910,奈良女子大学 理 化学／生物科,奈良女大 理学部 化学生物環境学科 生物科学コース 
1350421010,奈良女子大学 理 化学／環境科,奈良女大 理学部 化学生物環境学科 環境科学コース 
1350460110,奈良女子大学 工 工,奈良女大 工学部 工学科 
1350790710,奈良女子大学 生活環境 食物栄養,奈良女大 生活環境学部 食物栄養学科 
1350790910,奈良女子大学 生活環境 住環境,奈良女大 生活環境学部 住環境学科 
1350791310,奈良女子大学 生活環境 心身健康,奈良女大 生活環境学部 心身健康学科 
1350791910,奈良女子大学 生活環境 文化／生活文,奈良女大 生活環境学部 文化情報学科 生活文化学コース 
1350792010,奈良女子大学 生活環境 文化／生活情,奈良女大 生活環境学部 文化情報学科 生活情報通信科学コース 
1355180610,和歌山大学 経済 経済,和歌山大 経済学部 経済学科 
1355270110,和歌山大学 観光 観光,和歌山大 観光学部 観光学科 
1355305010,和歌山大学 教育 学校／文科系,和歌山大 教育学部 学校教育教員養成課程 文科系 
1355305110,和歌山大学 教育 学校／理科系,和歌山大 教育学部 学校教育教員養成課程 理科系 
1355305210,和歌山大学 教育 学校／音・美,和歌山大 教育学部 学校教育教員養成課程 実技系 音楽・美術
1355305310,和歌山大学 教育 学校／保健体,和歌山大 教育学部 学校教育教員養成課程 実技系 保健体育
1355370010,和歌山大学 社会イン ,和歌山大 社会インフォマティクス学環 
1355470610,和歌山大学 シス工 システム工,和歌山大 システム工学部 システム工学科 
1360270610,鳥取大学 地域 地域／地域創,鳥取大 地域学部 地域学科 地域創造コース 
1360270710,鳥取大学 地域 地域／人間形,鳥取大 地域学部 地域学科 教育科学コース 
1360270810,鳥取大学 地域 地域／国際地,鳥取大 地域学部 地域学科 国際地域文化コース 
1360460910,鳥取大学 工 機械物理系,鳥取大 工学部 機械物理系学科 
1360461010,鳥取大学 工 電気情報系,鳥取大 工学部 電気情報系学科 
1360461110,鳥取大学 工 化学バイオ系,鳥取大 工学部 化学バイオ系学科 
1360461210,鳥取大学 工 社会システム,鳥取大 工学部 社会システム土木系学科 
1360550111,鳥取大学 医 医,鳥取大 医学部 医学科 
1360550210,鳥取大学 医 生命科学,鳥取大 医学部 生命科学科 
1360550411,鳥取大学 医 保健／看護学,鳥取大 医学部 保健学科 看護学専攻 
1360550510,鳥取大学 医 保健／検査技,鳥取大 医学部 保健学科 検査技術科学専攻 
1360720310,鳥取大学 農 共同獣医,鳥取大 農学部 共同獣医学科 
1360720410,鳥取大学 農 生命環境農,鳥取大 農学部 生命環境農学科 
1365030410,島根大学 法文 言語文化,島根大 法文学部 言語文化学科 
1365030510,島根大学 法文 法経,島根大 法文学部 法経学科 
1365030610,島根大学 法文 社会文化,島根大 法文学部 社会文化学科 
1365305310,島根大学 教育 学校教育Ⅰ類,島根大 教育学部 学校教育課程Ⅰ類 
1365305410,島根大学 教育 学校／音楽科,島根大 教育学部 学校教育課程Ⅱ類 音楽科教育専攻 
1365305510,島根大学 教育 学校／美術科,島根大 教育学部 学校教育課程Ⅱ類 美術科教育専攻 
1365305610,島根大学 教育 学校／保健体,島根大 教育学部 学校教育課程Ⅱ類 保健体育科教育専攻 
1365370110,島根大学 人間科学 人間科学,島根大 人間科学部 人間科学科 
1365471410,島根大学 総合理工 総合理工,島根大 総合理工学部 総合理工学科 
1365480110,島根大学 材料エネ 材料エネルギ,島根大 材料エネルギー学部 材料エネルギー学科 
1365550111,島根大学 医 医,島根大 医学部 医学科 
1365550210,島根大学 医 看護,島根大 医学部 看護学科 
1365740610,島根大学 生物資源 農林生産,島根大 生物資源科学部 農林生産学科 
1365740810,島根大学 生物資源 生命科学,島根大 生物資源科学部 生命科学科 
1365740910,島根大学 生物資源 環境共生科学,島根大 生物資源科学部 環境共生科学科 
1375010510,岡山大学 文 人文,岡山大 文学部 人文学科 
1375120110,岡山大学 法 法,岡山大 法学部 法学科 
1375180110,岡山大学 経済 経済,岡山大 経済学部 経済学科 
1375301710,岡山大学 教育 養護教諭,岡山大 教育学部 養護教諭養成課程 
1375302110,岡山大学 教育 学校／小学校,岡山大 教育学部 学校教育教員養成課程 小学校教育専攻 
1375302211,岡山大学 教育 学校／中学校,岡山大 教育学部 学校教育教員養成課程 中学校教育専攻 
1375302310,岡山大学 教育 学校／特別支,岡山大 教育学部 学校教育教員養成課程 特別支援教育専攻 
1375302410,岡山大学 教育 学校／幼児教,岡山大 教育学部 学校教育教員養成課程 幼児教育専攻 
1375420110,岡山大学 理 化学,岡山大 理学部 化学科 
1375420210,岡山大学 理 数学,岡山大 理学部 数学科 
1375420310,岡山大学 理 生物,岡山大 理学部 生物学科 
1375420410,岡山大学 理 地球科学,岡山大 理学部 地球科学科 
1375420510,岡山大学 理 物理,岡山大 理学部 物理学科 
1375461510,岡山大学 工 工／機械シス,岡山大 工学部 工学科 機械システム系 
1375461610,岡山大学 工 工／環境・社,岡山大 工学部 工学科 環境・社会基盤系 
1375461710,岡山大学 工 工／情電数理,岡山大 工学部 工学科 情報・電気・数理データサイエンス系 
1375461810,岡山大学 工 工／化学・生,岡山大 工学部 工学科 化学・生命系 
1375461910,岡山大学 工 工／情報工学,岡山大 工学部 工学科 情報工学先進コース 
1375550110,岡山大学 医 医,岡山大 医学部 医学科 
1375550311,岡山大学 医 保健／看護学,岡山大 医学部 保健学科 看護学専攻 
1375550410,岡山大学 医 保健／放射線,岡山大 医学部 保健学科 放射線技術科学専攻 
1375550510,岡山大学 医 保健／検査技,岡山大 医学部 保健学科 検査技術科学専攻 
1375580110,岡山大学 歯 歯,岡山大 歯学部 歯学科 
1375610110,岡山大学 薬 創薬科学,岡山大 薬学部 創薬科学科 
1375610310,岡山大学 薬 薬,岡山大 薬学部 薬学科 
1375720110,岡山大学 農 農,岡山大 農学部 農学科 
1380011610,広島大学 文 人文,広大 文学部 人文学科 
1380120110,広島大学 法 法,広大 法学部 法学科 
1380170110,広島大学 法夜 法,広大 法学部夜間主コース 法学科 
1380180110,広島大学 経済 経済,広大 経済学部 経済学科 
1380240110,広島大学 経済夜 経済,広大 経済学部夜間主コース 経済学科 
1380302010,広島大学 教育 学校／初等教,広大 教育学部 学校教育系 初等教育学プログラム 
1380302110,広島大学 教育 学校／特別支,広大 教育学部 学校教育系 特別支援教育学プログラム 
1380302210,広島大学 教育 科学／理科教,広大 教育学部 科学文化教育系 理科教育学プログラム 
1380302310,広島大学 教育 科学／数学教,広大 教育学部 科学文化教育系 数学教育学プログラム 
1380302410,広島大学 教育 科学／技術情,広大 教育学部 科学文化教育系 技術情報教育学プログラム 
1380302510,広島大学 教育 科学／社会認,広大 教育学部 科学文化教育系 社会認識教育学プログラム 
1380302610,広島大学 教育 言語／国語文,広大 教育学部 言語文化教育系 国語文化教育学プログラム 
1380302710,広島大学 教育 言語／英語文,広大 教育学部 言語文化教育系 英語文化教育学プログラム 
1380302810,広島大学 教育 言語／日本語,広大 教育学部 言語文化教育系 日本語・日本文化教育学プログラム 
1380302910,広島大学 教育 生涯／健康ス,広大 教育学部 生涯活動教育系 健康スポーツ教育学プログラム 
1380303010,広島大学 教育 生涯／家政教,広大 教育学部 生涯活動教育系 家政教育学プログラム 
1380303110,広島大学 教育 生涯／音楽教,広大 教育学部 生涯活動教育系 音楽教育学プログラム 
1380303210,広島大学 教育 生涯／美術教,広大 教育学部 生涯活動教育系 美術教育学プログラム 
1380303310,広島大学 教育 人間／教育学,広大 教育学部 人間形成基礎系 教育学プログラム 
1380303410,広島大学 教育 人間／心理学,広大 教育学部 人間形成基礎系 心理学プログラム 
1380303610,広島大学 教育 言語／多文化,広大 教育学部 言語文化教育系 多文化・グローバル教育学プログラム 
1380370111,広島大学 総合科学 総合科学,広大 総合科学部 総合科学科 
1380370211,広島大学 総合科学 国際共創,広大 総合科学部 国際共創学科 
1380380111,広島大学 情報科学 情報科学,広大 情報科学部 情報科学科 
1380420110,広島大学 理 化学,広大 理学部 化学科 
1380420210,広島大学 理 数学,広大 理学部 数学科 
1380420310,広島大学 理 生物科学,広大 理学部 生物科学科 
1380420410,広島大学 理 地球惑星シス,広大 理学部 地球惑星システム学科 
1380420710,広島大学 理 物理,広大 理学部 物理学科 
1380460410,広島大学 工 建設・環境系,広大 工学部 建設・環境系 
1380460510,広島大学 工 機械・輸送系,広大 工学部 機械・輸送・材料・エネルギー系 
1380460610,広島大学 工 電気・シス系,広大 工学部 半導体・電気システム情報系 
1380460710,広島大学 工 応用・生物系,広大 工学部 応用化学・生物工学・化学工学系 
1380460810,広島大学 工 工学特別,広大広島大学 工 工学特別
1380550110,広島大学 医 医,広大 医学部 医学科 
1380550311,広島大学 医 保健／看護学,広大 医学部 保健学科 看護学専攻 
1380550411,広島大学 医 保健／作業療,広大 医学部 保健学科 作業療法学専攻 
1380550511,広島大学 医 保健／理学療,広大 医学部 保健学科 理学療法学専攻 
1380580110,広島大学 歯 歯,広大 歯学部 歯学科 
1380580210,広島大学 歯 口腔／口腔保,広大 歯学部 口腔健康科学科 口腔保健学専攻 
1380580310,広島大学 歯 口腔／口腔工,広大 歯学部 口腔健康科学科 口腔工学専攻 
1380610110,広島大学 薬 薬,広大 薬学部 薬学科 
1380610210,広島大学 薬 薬科学,広大 薬学部 薬科学科 
1380740110,広島大学 生物生産 生物生産,広大 生物生産学部 生物生産学科 
1385020310,山口大学 人文 人文,山口大 人文学部 人文学科 
1385180010,山口大学 経済 ,山口大 経済学部 
1385302410,山口大学 教育 学校／国語,山口大 教育学部 学校教育教員養成課程 教科教育コース 国語教育選修
1385302510,山口大学 教育 学校／社会科,山口大 教育学部 学校教育教員養成課程 教科教育コース 社会科教育選修
1385302610,山口大学 教育 学校／数学,山口大 教育学部 学校教育教員養成課程 教科教育コース 数学教育選修
1385302710,山口大学 教育 学校／理科,山口大 教育学部 学校教育教員養成課程 教科教育コース 理科教育選修
1385302810,山口大学 教育 学校／音楽,山口大 教育学部 学校教育教員養成課程 教科教育コース 音楽教育選修
1385302910,山口大学 教育 学校／美術,山口大 教育学部 学校教育教員養成課程 教科教育コース 美術教育選修
1385303010,山口大学 教育 学校／保健体,山口大 教育学部 学校教育教員養成課程 教科教育コース 保健体育選修
1385303110,山口大学 教育 学校／技術,山口大 教育学部 学校教育教員養成課程 教科教育コース 技術教育選修
1385303210,山口大学 教育 学校／家政,山口大 教育学部 学校教育教員養成課程 教科教育コース 家政教育選修
1385303310,山口大学 教育 学校／英語,山口大 教育学部 学校教育教員養成課程 教科教育コース 英語教育選修
1385303410,山口大学 教育 学校／幼児教,山口大 教育学部 学校教育教員養成課程 幼児教育コース 
1385303510,山口大学 教育 学校／特別支,山口大 教育学部 学校教育教員養成課程 特別支援教育コース 
1385304510,山口大学 教育 学校／小学総,山口大 教育学部 学校教育教員養成課程 小学校教育コース 小学校総合選修
1385304610,山口大学 教育 学校／教育学,山口大 教育学部 学校教育教員養成課程 小学校教育コース 教育学選修
1385304810,山口大学 教育 学校／国際理,山口大 教育学部 学校教育教員養成課程 小学校教育コース 国際理解教育選修
1385304910,山口大学 教育 学校／情報教,山口大 教育学部 学校教育教員養成課程 情報教育コース 
1385370110,山口大学 国際総合 国際総合科学,山口大 国際総合科学部 国際総合科学科 
1385380111,山口大学 情報 情報,山口大 情報学部 情報学科 
1385420210,山口大学 理 数理科学,山口大 理学部 数理科学科 
1385420310,山口大学 理 物理・情報科,山口大 理学部 物理・情報科学科 
1385420610,山口大学 理 地球圏システ,山口大 理学部 地球圏システム科学科 
1385420810,山口大学 理 化学,山口大 理学部 化学科 
1385420910,山口大学 理 生物,山口大 理学部 生物学科 
1385460711,山口大学 工 建築,山口大 工学部 建築学科 
1385460910,山口大学 工 創成／機械系,山口大 工学部 創成工学科 機械系 
1385461010,山口大学 工 創成／国土環,山口大 工学部 創成工学科 国土・環境デザイン系 
1385461110,山口大学 工 創成／化学系,山口大 工学部 創成工学科 化学系 
1385461210,山口大学 工 創成／電気電,山口大 工学部 創成工学科 電気電子系 
1385550110,山口大学 医 医,山口大 医学部 医学科 
1385550310,山口大学 医 保健／看護学,山口大 医学部 保健学科 看護学専攻 
1385550410,山口大学 医 保健／検査技,山口大 医学部 保健学科 検査技術科学専攻 
1385720310,山口大学 農 生物資源環境,山口大 農学部 生物資源環境科学科 
1385720410,山口大学 農 生物機能科学,山口大 農学部 生物機能科学科 
1385740110,山口大学 共同獣医 共同獣医,山口大 共同獣医学部 共同獣医学科 
1385880010,山口大学 ひとまち ,山口大 ひと・まち未来共創学環 
1390370610,徳島大学 総合科学 社会総合科学,徳島大 総合科学部 社会総合科学科 
1390470210,徳島大学 理工 理工／社会基,徳島大 理工学部 理工学科 社会基盤デザインコース 
1390470310,徳島大学 理工 理工／機械科,徳島大 理工学部 理工学科 機械科学コース 
1390470410,徳島大学 理工 理工／応用化,徳島大 理工学部 理工学科 応用化学システムコース 
1390470510,徳島大学 理工 理工／電気電,徳島大 理工学部 理工学科 電気電子システムコース 
1390471010,徳島大学 理工 理工／知能情,徳島大 理工学部 理工学科 知能情報コース 
1390471110,徳島大学 理工 理工／光シス,徳島大 理工学部 理工学科 光システムコース 
1390471210,徳島大学 理工 理工／数理科,徳島大 理工学部 理工学科 数理科学コース 
1390471310,徳島大学 理工 理工／自然科,徳島大 理工学部 理工学科 自然科学コース 
1390471410,徳島大学 理工 理工／医光医,徳島大 理工学部 理工学科 医光・医工融合プログラム 
1390530210,徳島大学 理工夜 理工／社会基,徳島大 理工学部夜間主 理工学科 社会基盤デザインコース 
1390530310,徳島大学 理工夜 理工／機械科,徳島大 理工学部夜間主 理工学科 機械科学コース 
1390530510,徳島大学 理工夜 理工／電気電,徳島大 理工学部夜間主 理工学科 電気電子システムコース 
1390530610,徳島大学 理工夜 理工／知能情,徳島大 理工学部夜間主 理工学科 知能情報コース 
1390550110,徳島大学 医 医,徳島大 医学部 医学科 
1390550410,徳島大学 医 保健／看護学,徳島大 医学部 保健学科 看護学専攻 
1390550510,徳島大学 医 保健／放射線,徳島大 医学部 保健学科 放射線技術科学専攻 
1390550610,徳島大学 医 保健／検査技,徳島大 医学部 保健学科 検査技術科学専攻 
1390550711,徳島大学 医 医科栄養,徳島大 医学部 医科栄養学科 
1390580110,徳島大学 歯 歯,徳島大 歯学部 歯学科 
1390580210,徳島大学 歯 口腔保健,徳島大 歯学部 口腔保健学科 
1390610210,徳島大学 薬 薬,徳島大 薬学部 薬学科 
1390740110,徳島大学 生物資源 生物資源産業,徳島大 生物資源産業学部 生物資源産業学科 
1395311210,鳴門教育大学 学校教育 学校／幼児教,鳴門教育大 学校教育学部 学校教育教員養成課程 幼児教育専修 
1395311310,鳴門教育大学 学校教育 学校／小学校,鳴門教育大 鳴門教育大学 学校教育 学校／小学校
1395311410,鳴門教育大学 学校教育 学校／特別支,鳴門教育大 学校教育学部 学校教育教員養成課程 特別支援教育専修 
1395313710,鳴門教育大学 学校教育 学校／国語,鳴門教育大 鳴門教育大学 学校教育 学校／国語
1395313810,鳴門教育大学 学校教育 学校／英語,鳴門教育大 鳴門教育大学 学校教育 学校／英語
1395313910,鳴門教育大学 学校教育 学校／社会,鳴門教育大 鳴門教育大学 学校教育 学校／社会
1395314010,鳴門教育大学 学校教育 学校／算・数,鳴門教育大 鳴門教育大学 学校教育 学校／算・数
1395314110,鳴門教育大学 学校教育 学校／理科,鳴門教育大 鳴門教育大学 学校教育 学校／理科
1395314210,鳴門教育大学 学校教育 学校／音楽,鳴門教育大 鳴門教育大学 学校教育 学校／音楽
1395314310,鳴門教育大学 学校教育 学校／図・美,鳴門教育大 鳴門教育大学 学校教育 学校／図・美
1395314410,鳴門教育大学 学校教育 学校／体・保,鳴門教育大 鳴門教育大学 学校教育 学校／体・保
1395314510,鳴門教育大学 学校教育 学校／技術,鳴門教育大 鳴門教育大学 学校教育 学校／技術
1395314610,鳴門教育大学 学校教育 学校／家庭,鳴門教育大 鳴門教育大学 学校教育 学校／家庭
1400120110,香川大学 法 法,香川大 法学部 法学科 
1400180110,香川大学 経済 経済,香川大 経済学部 経済学科 
1400304710,香川大学 教育 学校／幼児教,香川大 教育学部 学校教育教員養成課程 幼児教育コース 
1400304810,香川大学 教育 学校／小学校,香川大 教育学部 学校教育教員養成課程 小学校教育コース 
1400304911,香川大学 教育 学校／中学校,香川大 教育学部 学校教育教員養成課程 中学校教育コース 
1400470111,香川大学 創造工 創造工,香川大 創造工学部 創造工学科 
1400470210,香川大学 創造工 創造／造形メ,香川大香川大学 創造工 創造／造形メ
1400470410,香川大学 創造工 創造／防災危,香川大香川大学 創造工 創造／防災危
1400470510,香川大学 創造工 創造／情報,香川大香川大学 創造工 創造／情報
1400550111,香川大学 医 医,香川大 医学部 医学科 
1400550210,香川大学 医 看護,香川大 医学部 看護学科 
1400550310,香川大学 医 臨床心理,香川大 医学部 臨床心理学科 
1400720710,香川大学 農 応用生物科学,香川大 農学部 応用生物科学科 
1410030810,愛媛大学 法文 人文社会,愛媛大 法文学部 人文社会学科 
1410070510,愛媛大学 法文夜 人文社会,愛媛大 法文学部夜間主コース 人文社会学科 
1410306910,愛媛大学 教育 学校／幼年教,愛媛大 教育学部 学校教育教員養成課程 教育発達実践コース 幼年教育サブコース
1410307010,愛媛大学 教育 学校／特別支,愛媛大 教育学部 学校教育教員養成課程 教育発達実践コース 特別支援教育サブコース
1410307110,愛媛大学 教育 学校／小学校,愛媛大 教育学部 学校教育教員養成課程 教育発達実践コース 小学校教育サブコース
1410307210,愛媛大学 教育 学校／言語社,愛媛大 教育学部 学校教育教員養成課程 初等中等教科コース 言語社会教育サブコース
1410307310,愛媛大学 教育 学校／科学教,愛媛大 教育学部 学校教育教員養成課程 初等中等教科コース 科学教育サブコース
1410307411,愛媛大学 教育 学校／生活健,愛媛大 教育学部 学校教育教員養成課程 初等中等教科コース 生活健康・芸術教育サブコース
1410307520,愛媛大学 教育 学校教育,愛媛大愛媛大学 教育 学校教育
1410370110,愛媛大学 社会共創 産業マネジメ,愛媛大 社会共創学部 産業マネジメント学科 
1410370210,愛媛大学 社会共創 産業イノベー,愛媛大 社会共創学部 産業イノベーション学科 
1410370310,愛媛大学 社会共創 環境デザイン,愛媛大 社会共創学部 環境デザイン学科 
1410370410,愛媛大学 社会共創 地域資源マネ,愛媛大 社会共創学部 地域資源マネジメント学科 
1410420911,愛媛大学 理 理,愛媛大 理学部 理学科 
1410460911,愛媛大学 工 工,愛媛大 工学部 工学科 
1410461810,愛媛大学 工 工／建築・社,愛媛大 工学部 工学科 建築・社会デザインコース 
1410461910,愛媛大学 工 工／デジタル,愛媛大 工学部 工学科 デジタル情報人材育成特別プログラム 
1410550110,愛媛大学 医 医,愛媛大 医学部 医学科 
1410550210,愛媛大学 医 看護,愛媛大 医学部 看護学科 
1410720410,愛媛大学 農 食料生産,愛媛大 農学部 食料生産学科 
1410720510,愛媛大学 農 生命機能,愛媛大 農学部 生命機能学科 
1410720610,愛媛大学 農 生物環境,愛媛大 農学部 生物環境学科 
1415210110,高知大学 地域協働 地域協働,高知大 地域協働学部 地域協働学科 
1415270110,高知大学 人文社会 人文／人文科,高知大 人文社会科学部 人文社会科学科 人文科学コース 
1415270210,高知大学 人文社会 人文／国際社,高知大 人文社会科学部 人文社会科学科 国際社会コース 
1415270311,高知大学 人文社会 人文／社会科,高知大 人文社会科学部 人文社会科学科 社会科学コース 
1415302410,高知大学 教育 学校／科学技,高知大 教育学部 学校教育教員養成課程 科学技術教育コース 
1415302510,高知大学 教育 学校／幼児教,高知大 教育学部 学校教育教員養成課程 幼児教育コース 
1415303110,高知大学 教育 学校／保健体,高知大 教育学部 学校教育教員養成課程 保健体育教育コース 
1415303210,高知大学 教育 学校／科教支,高知大 教育学部 学校教育教員養成課程 教育科学・教科教育・特別支援教育コース 
1415303510,高知大学 教育 学校／音・美,高知大 教育学部 学校教育教員養成課程 音楽教育・美術教育コース 
1415470111,高知大学 理工 数学物理,高知大 理工学部 数学物理学科 
1415470211,高知大学 理工 情報科学,高知大 理工学部 情報科学科 
1415470310,高知大学 理工 生物科学,高知大 理工学部 生物科学科 
1415470410,高知大学 理工 化学生命理工,高知大 理工学部 化学生命理工学科 
1415470510,高知大学 理工 地球環境防災,高知大 理工学部 地球環境防災学科 
1415550111,高知大学 医 医,高知大 医学部 医学科 
1415550210,高知大学 医 看護,高知大 医学部 看護学科 
1415740310,高知大学 農林海洋 海洋／生物生,高知大 農林海洋科学部 海洋資源科学科 海洋生物生産学コース 
1415740410,高知大学 農林海洋 海洋／海底資,高知大 農林海洋科学部 海洋資源科学科 海底資源環境学コース 
1415740510,高知大学 農林海洋 海洋／生命科,高知大 農林海洋科学部 海洋資源科学科 海洋生命科学コース 
1415740620,高知大学 農林海洋 海洋資源科学,高知大高知大学 農林海洋 海洋資源科学
1415741110,高知大学 農林海洋 農林／フィー,高知大 農林海洋科学部 農林資源科学科 フィールド科学コース 
1415741210,高知大学 農林海洋 農林／農芸化,高知大 農林海洋科学部 農林資源科学科 農芸化学コース 
1425010510,九州大学 文 人文,九大 KUQ 文学部 人文学科 
1425120010,九州大学 法 ,九大 KUQ 法学部 
1425180110,九州大学 経済 経済・経営,九大 KUQ 経済学部 経済・経営学科 
1425180210,九州大学 経済 経済工,九大 KUQ 経済学部 経済工学科 
1425300010,九州大学 教育 ,九大 KUQ 教育学部 
1425370110,九州大学 共創 共創,九大 KUQ 共創学部 共創学科 
1425420110,九州大学 理 化学,九大 KUQ 理学部 化学科 
1425420210,九州大学 理 数学,九大 KUQ 理学部 数学科 
1425420310,九州大学 理 生物,九大 KUQ 理学部 生物学科 
1425420410,九州大学 理 地球惑星科学,九大 KUQ 理学部 地球惑星科学科 
1425420510,九州大学 理 物理,九大 KUQ 理学部 物理学科 
1425461810,九州大学 工 Ⅰ群,九大 KUQ 工学部 Ⅰ群 
1425462010,九州大学 工 Ⅱ群,九大 KUQ 工学部 Ⅱ群 
1425462510,九州大学 工 Ⅲ群,九大 KUQ 工学部 Ⅲ群 
1425462910,九州大学 工 Ⅳ群,九大 KUQ 工学部 Ⅳ群 
1425463310,九州大学 工 Ⅴ群,九大 KUQ 工学部 Ⅴ群 
1425463510,九州大学 工 Ⅵ群,九大 KUQ 工学部 Ⅵ群 
1425470610,九州大学 芸術工 芸術工,九大 KUQ九州大学 芸術工 芸術工
1425470710,九州大学 芸術工 芸術／環境設,九大 KUQ 芸術工学部 芸術工学科 環境設計コース 
1425470810,九州大学 芸術工 芸術／インダ,九大 KUQ 芸術工学部 芸術工学科 インダストリアルデザインコース 
1425470910,九州大学 芸術工 芸術／未来構,九大 KUQ 芸術工学部 芸術工学科 未来構想デザインコース 
1425471010,九州大学 芸術工 芸術／メディ,九大 KUQ 芸術工学部 芸術工学科 メディアデザインコース 
1425471110,九州大学 芸術工 芸術／音響設,九大 KUQ 芸術工学部 芸術工学科 音響設計コース 
1425550110,九州大学 医 医,九大 KUQ 医学部 医学科 
1425550310,九州大学 医 保健／看護学,九大 KUQ 医学部 保健学科 看護学専攻 
1425550410,九州大学 医 保健／放射線,九大 KUQ 医学部 保健学科 放射線技術科学専攻 
1425550510,九州大学 医 保健／検査技,九大 KUQ 医学部 保健学科 検査技術科学専攻 
1425550610,九州大学 医 生命科学,九大 KUQ 医学部 生命科学科 
1425580110,九州大学 歯 歯,九大 KUQ 歯学部 歯学科 
1425610310,九州大学 薬 臨床薬,九大 KUQ 薬学部 臨床薬学科 
1425610410,九州大学 薬 創薬科学,九大 KUQ 薬学部 創薬科学科 
1425721010,九州大学 農 生物資源環境,九大 KUQ 農学部 生物資源環境学科 
1435461510,九州工業大学 工 建設社会類,九州工大 工学部 建設社会類 
1435461610,九州工業大学 工 機械類,九州工大 工学部 機械類 
1435461710,九州工業大学 工 電気類,九州工大 工学部 電気類 
1435461810,九州工業大学 工 物質理工学類,九州工大 工学部 物質理工学類 
1435461910,九州工業大学 工 総合類,九州工大 工学部 総合類 
1435470910,九州工業大学 情報工 知能情報類,九州工大 情報工学部 知能情報類 
1435471010,九州工業大学 情報工 電子情報通信,九州工大 情報工学部 電子情報通信類 
1435471110,九州工業大学 情報工 知的システム,九州工大 情報工学部 知的システム類 
1435471210,九州工業大学 情報工 生命情報類,九州工大 情報工学部 生命情報類 
1440302810,福岡教育大学 教育 特別／初等教,福岡教育大 教育学部 特別支援教育教員養成課程 特別支援教育初等教育プログラム 
1440302910,福岡教育大学 教育 特別／中等教,福岡教育大 教育学部 特別支援教育教員養成課程 特別支援教育中等教育プログラム 
1440303010,福岡教育大学 教育 初等／幼児教,福岡教育大 教育学部 初等教育教員養成課程 幼児教育プログラム 
1440303110,福岡教育大学 教育 初等／小学校,福岡教育大 教育学部 初等教育教員養成課程 小学校教育専攻プログラム 
1440303211,福岡教育大学 教育 初等／人文社,福岡教育大 教育学部 初等教育教員養成課程 人文・社会教育プログラム 
1440303311,福岡教育大学 教育 初等／理数教,福岡教育大 教育学部 初等教育教員養成課程 理数教育プログラム 
1440303411,福岡教育大学 教育 初等／芸術実,福岡教育大 教育学部 初等教育教員養成課程 芸術・実技教育プログラム 
1440303510,福岡教育大学 教育 中等／国語,福岡教育大 教育学部 中等教育教員養成課程 中等教育プログラム 国語専攻
1440303610,福岡教育大学 教育 中等／社会科,福岡教育大 教育学部 中等教育教員養成課程 中等教育プログラム 社会科専攻
1440303710,福岡教育大学 教育 中等／数学,福岡教育大 教育学部 中等教育教員養成課程 中等教育プログラム 数学専攻
1440303810,福岡教育大学 教育 中等／理科,福岡教育大 教育学部 中等教育教員養成課程 中等教育プログラム 理科専攻
1440303910,福岡教育大学 教育 中等／英語,福岡教育大 教育学部 中等教育教員養成課程 中等教育プログラム 英語専攻
1440304010,福岡教育大学 教育 中等／音楽,福岡教育大 教育学部 中等教育教員養成課程 中等教育プログラム 音楽専攻
1440304110,福岡教育大学 教育 中等／美術,福岡教育大 教育学部 中等教育教員養成課程 中等教育プログラム 美術専攻
1440305810,福岡教育大学 教育 中等／保健体,福岡教育大 教育学部 中等教育教員養成課程 中等教育プログラム 保健体育専攻
1440305910,福岡教育大学 教育 中等／家庭,福岡教育大 教育学部 中等教育教員養成課程 中等教育プログラム 家庭専攻
1440306010,福岡教育大学 教育 中等／技術,福岡教育大 教育学部 中等教育教員養成課程 中等教育プログラム 技術専攻
1440306110,福岡教育大学 教育 中等／書道,福岡教育大 教育学部 中等教育教員養成課程 中等教育プログラム 書道専攻
1445180610,佐賀大学 経済 経済,佐賀大 経済学部 経済学科 
1445180710,佐賀大学 経済 経営,佐賀大佐賀大学 経済 経営
1445180810,佐賀大学 経済 経済法,佐賀大佐賀大学 経済 経済法
1445300110,佐賀大学 教育 共同／教育支,佐賀大 教育学部 共同教員養成課程 教育支援探究コース 
1445300210,佐賀大学 教育 共同／小学校,佐賀大 教育学部 共同教員養成課程 小中連携教育コース 小学校教育主免専攻
1445300310,佐賀大学 教育 共同／中学校,佐賀大 教育学部 共同教員養成課程 小中連携教育コース 中学校教育主免専攻
1445471710,佐賀大学 理工 理工／数理,佐賀大 理工学部 理工学科 数理分野 
1445471910,佐賀大学 理工 理工／化学,佐賀大 理工学部 理工学科 化学分野 
1445472010,佐賀大学 理工 理工／物理学,佐賀大 理工学部 理工学科 物理学分野 
1445472110,佐賀大学 理工 理工／機械工,佐賀大 理工学部 理工学科 機械工学分野 
1445472210,佐賀大学 理工 理工／電気電,佐賀大 理工学部 理工学科 電気電子工学分野 
1445472310,佐賀大学 理工 理工／都市工,佐賀大 理工学部 理工学科 都市工学分野 
1445472510,佐賀大学 理工 理工／情報,佐賀大 理工学部 理工学科 情報分野 
1445472610,佐賀大学 理工 理工／一括枠,佐賀大佐賀大学 理工 理工／一括枠
1445550110,佐賀大学 医 医,佐賀大 医学部 医学科 
1445550210,佐賀大学 医 看護,佐賀大 医学部 看護学科 
1445720510,佐賀大学 農 生物資源科学,佐賀大 農学部 生物資源科学科 
1445830111,佐賀大学 芸術地域 芸術／芸術表,佐賀大 芸術地域デザイン学部 芸術地域デザイン学科 芸術表現コース 
1445830210,佐賀大学 芸術地域 芸術／地域デ,佐賀大 芸術地域デザイン学部 芸術地域デザイン学科 地域デザインコース 
1445880010,佐賀大学 コスメテ ,佐賀大 コスメティックサイエンス学環 
1455030110,長崎大学 多文化社 多文化社会,長崎大 多文化社会学部 多文化社会学科 
1455030210,長崎大学 多文化社 多文／オラン,長崎大 多文化社会学部 多文化社会学科 オランダ特別コース 
1455180410,長崎大学 経済 総合経済,長崎大 経済学部 総合経済学科 
1455302210,長崎大学 教育 学校／小学校,長崎大 教育学部 学校教育教員養成課程 小学校教育コース 
1455302310,長崎大学 教育 学校／特別支,長崎大 教育学部 学校教育教員養成課程 特別支援教育コース 
1455303910,長崎大学 教育 学校／幼児教,長崎大 教育学部 学校教育教員養成課程 幼児教育コース 
1455304210,長崎大学 教育 学校／文系,長崎大 教育学部 学校教育教員養成課程 中学校教育コース 文系
1455304310,長崎大学 教育 学校／理系,長崎大 教育学部 学校教育教員養成課程 中学校教育コース 理系
1455304410,長崎大学 教育 学校／実技系,長崎大 教育学部 学校教育教員養成課程 中学校教育コース 実技系
1455370111,長崎大学 環境科学 環境科学,長崎大 環境科学部 環境科学科 
1455380111,長崎大学 情報デー 情報データ科,長崎大 情報データ科学部 情報データ科学科 
1455462511,長崎大学 工 工,長崎大 工学部 工学科 
1455550110,長崎大学 医 医,長崎大 医学部 医学科 
1455550310,長崎大学 医 保健／看護学,長崎大 医学部 保健学科 看護学専攻 
1455550410,長崎大学 医 保健／理学療,長崎大 医学部 保健学科 理学療法学専攻 
1455550510,長崎大学 医 保健／作業療,長崎大 医学部 保健学科 作業療法学専攻 
1455580110,長崎大学 歯 歯,長崎大 歯学部 歯学科 
1455610110,長崎大学 薬 薬,長崎大 薬学部 薬学科 
1455610210,長崎大学 薬 薬科学,長崎大 薬学部 薬科学科 
1455730110,長崎大学 水産 水産,長崎大 水産学部 水産学科 
1460010710,熊本大学 文 人文科学,熊本大 文学部 人文科学科 
1460120210,熊本大学 法 法,熊本大 法学部 法学科 
1460301410,熊本大学 教育 養護教諭,熊本大 教育学部 養護教諭養成課程 
1460301710,熊本大学 教育 共同／小学校,熊本大 教育学部 共同教員養成課程 小中連携教育コース 小学校教育主免専攻
1460301810,熊本大学 教育 共同／国語,熊本大 教育学部 共同教員養成課程 小中連携教育コース 中学校教育主免専攻国語
1460301910,熊本大学 教育 共同／社会,熊本大 教育学部 共同教員養成課程 小中連携教育コース 中学校教育主免専攻社会
1460302010,熊本大学 教育 共同／数学,熊本大 教育学部 共同教員養成課程 小中連携教育コース 中学校教育主免専攻数学
1460302110,熊本大学 教育 共同／理科,熊本大 教育学部 共同教員養成課程 小中連携教育コース 中学校教育主免専攻理科
1460302210,熊本大学 教育 共同／英語,熊本大 教育学部 共同教員養成課程 小中連携教育コース 中学校教育主免専攻英語
1460302810,熊本大学 教育 共同／保体,熊本大 教育学部 共同教員養成課程 小中連携教育コース 中学校教育主免専攻保健体育
1460303110,熊本大学 教育 共同／発達支,熊本大 教育学部 共同教員養成課程 教育支援探究コース 発達支援専攻
1460303210,熊本大学 教育 共同／特別支,熊本大 教育学部 共同教員養成課程 教育支援探究コース 特別支援教育専攻
1460370010,熊本大学 情報融合 ,熊本大 情報融合学環 
1460420710,熊本大学 理 理,熊本大 理学部 理学科 
1460461710,熊本大学 工 土木建築,熊本大 工学部 土木建築学科 
1460461810,熊本大学 工 機械数理工,熊本大 工学部 機械数理工学科 
1460461910,熊本大学 工 情報電気工,熊本大 工学部 情報電気工学科 
1460462010,熊本大学 工 材料・応用化,熊本大 工学部 材料・応用化学科 
1460462110,熊本大学 工 半導体デバイ,熊本大 工学部 半導体デバイス工学課程 
1460550110,熊本大学 医 医,熊本大 医学部 医学科 
1460550310,熊本大学 医 保健／看護学,熊本大 医学部 保健学科 看護学専攻 
1460550410,熊本大学 医 保健／放射線,熊本大 医学部 保健学科 放射線技術科学専攻 
1460550510,熊本大学 医 保健／検査技,熊本大 医学部 保健学科 検査技術科学専攻 
1460610110,熊本大学 薬 薬,熊本大 薬学部 薬学科 
1460610210,熊本大学 薬 創薬・生命薬,熊本大 薬学部 創薬・生命薬科学科 
1460880010,熊本大学 共創学環 ,熊本大 共創学環 
1465180410,大分大学 経済 総合経済,大分大 経済学部 総合経済学科 
1465300110,大分大学 教育 学校／初等中,大分大 教育学部 学校教育教員養成課程 初等中等教育コース 
1465300210,大分大学 教育 学校／特別支,大分大 教育学部 学校教育教員養成課程 特別支援教育コース 
1465470910,大分大学 理工 理工／数理科,大分大 理工学部 理工学科 数理科学プログラム 
1465471010,大分大学 理工 理工／知能情,大分大 理工学部 理工学科 知能情報システムプログラム 
1465471110,大分大学 理工 理工／物理学,大分大 理工学部 理工学科 物理学連携プログラム 
1465471210,大分大学 理工 理工／電気エ,大分大 理工学部 理工学科 電気エネルギー・電子工学プログラム 
1465471310,大分大学 理工 理工／機械工,大分大 理工学部 理工学科 機械工学プログラム 
1465471410,大分大学 理工 理工／知能機,大分大 理工学部 理工学科 知能機械システムプログラム 
1465471510,大分大学 理工 理工／生命物,大分大 理工学部 理工学科 生命・物質化学プログラム 
1465471610,大分大学 理工 理工／地域環,大分大 理工学部 理工学科 地域環境科学プログラム 
1465471710,大分大学 理工 理工／建築学,大分大 理工学部 理工学科 建築学プログラム 
1465471810,大分大学 理工 理工／ＤＸ人,大分大 理工学部 理工学科 ＤＸ人材育成基盤プログラム 
1465550111,大分大学 医 医,大分大 医学部 医学科 
1465550210,大分大学 医 看護,大分大 医学部 看護学科 
1465550310,大分大学 医 先進／生命健,大分大 医学部 先進医療科学科 生命健康科学コース 
1465550410,大分大学 医 先進／臨床医,大分大 医学部 先進医療科学科 臨床医工学コース 
1465640110,大分大学 福祉健康 福祉／理学療,大分大 福祉健康科学部 福祉健康科学科 理学療法コース 
1465640210,大分大学 福祉健康 福祉／社会福,大分大 福祉健康科学部 福祉健康科学科 社会福祉実践コース 
1465640310,大分大学 福祉健康 福祉／心理学,大分大 福祉健康科学部 福祉健康科学科 心理学コース 
1475301311,宮崎大学 教育 学校／小学校,宮崎大 教育学部 学校教育課程 小中一貫教育コース 小学校主免専攻
1475301410,宮崎大学 教育 学校／教職実,宮崎大 教育学部 学校教育課程 教職実践基礎コース 
1475301510,宮崎大学 教育 学校／子ども,宮崎大 教育学部 学校教育課程 発達支援教育コース 子ども理解専攻
1475301610,宮崎大学 教育 学校／特別支,宮崎大 教育学部 学校教育課程 発達支援教育コース 特別支援教育専攻
1475301716,宮崎大学 教育 学校／中学校,宮崎大 教育学部 学校教育課程 小中一貫教育コース 中学校主免専攻
1475370110,宮崎大学 地域資源 地域資源創成,宮崎大 地域資源創成学部 地域資源創成学科 
1475461410,宮崎大学 工 工,宮崎大 工学部 工学科 
1475550110,宮崎大学 医 医,宮崎大 医学部 医学科 
1475550210,宮崎大学 医 看護,宮崎大 医学部 看護学科 
1475720110,宮崎大学 農 獣医,宮崎大 農学部 獣医学科 
1475721710,宮崎大学 農 農,宮崎大 農学部 農学科 
1485030410,鹿児島大学 法文 人文／多元地,鹿児島大 法文学部 人文学科 多元地域文化コース 
1485030510,鹿児島大学 法文 人文／心理学,鹿児島大 法文学部 人文学科 心理学コース 
1485030710,鹿児島大学 法文 法経／法学,鹿児島大 法文学部 法経社会学科 法学コース 
1485030810,鹿児島大学 法文 法経／地・経,鹿児島大 法文学部 法経社会学科 地域社会・経済コース 
1485305511,鹿児島大学 教育 学校／初一般,鹿児島大 教育学部 学校教育教員養成課程 初等教育コース・一般 
1485305810,鹿児島大学 教育 学校／中国語,鹿児島大 教育学部 学校教育教員養成課程 中等教育コース・国語 
1485305910,鹿児島大学 教育 学校／中社会,鹿児島大 教育学部 学校教育教員養成課程 中等教育コース・社会 
1485306010,鹿児島大学 教育 学校／中英語,鹿児島大 教育学部 学校教育教員養成課程 中等教育コース・英語 
1485306110,鹿児島大学 教育 学校／中数学,鹿児島大 教育学部 学校教育教員養成課程 中等教育コース・数学 
1485306210,鹿児島大学 教育 学校／中理科,鹿児島大 教育学部 学校教育教員養成課程 中等教育コース・理科 
1485306310,鹿児島大学 教育 学校／中技術,鹿児島大 教育学部 学校教育教員養成課程 中等教育コース・技術 
1485306410,鹿児島大学 教育 学校／中家政,鹿児島大 教育学部 学校教育教員養成課程 中等教育コース・家政 
1485306510,鹿児島大学 教育 学校／中音楽,鹿児島大 教育学部 学校教育教員養成課程 中等教育コース・音楽 
1485306610,鹿児島大学 教育 学校／中美術,鹿児島大 教育学部 学校教育教員養成課程 中等教育コース・美術 
1485306710,鹿児島大学 教育 学校／中保体,鹿児島大 教育学部 学校教育教員養成課程 中等教育コース・保健体育 
1485306811,鹿児島大学 教育 学校／特別支,鹿児島大 教育学部 学校教育教員養成課程 特別支援教育コース 
1485420820,鹿児島大学 理 理,鹿児島大鹿児島大学 理 理
1485420910,鹿児島大学 理 理／数理情報,鹿児島大 理学部 理学科 数理情報科学プログラム 
1485421010,鹿児島大学 理 理／物理・宇,鹿児島大 理学部 理学科 物理・宇宙プログラム 
1485421110,鹿児島大学 理 理／化学プロ,鹿児島大 理学部 理学科 化学プログラム 
1485421210,鹿児島大学 理 理／生物学プ,鹿児島大 理学部 理学科 生物学プログラム 
1485421310,鹿児島大学 理 理／地球科学,鹿児島大 理学部 理学科 地球科学プログラム 
1485460410,鹿児島大学 工 建築,鹿児島大 工学部 建築学科 
1485461110,鹿児島大学 工 先進／機械工,鹿児島大 工学部 先進工学科 機械工学プログラム 
1485461210,鹿児島大学 工 先進／電気電,鹿児島大 工学部 先進工学科 電気電子工学プログラム 
1485461310,鹿児島大学 工 先進／海洋土,鹿児島大 工学部 先進工学科 海洋土木工学プログラム 
1485461410,鹿児島大学 工 先進／化学工,鹿児島大 工学部 先進工学科 化学工学プログラム 
1485461510,鹿児島大学 工 先進／化学生,鹿児島大 工学部 先進工学科 化学生命工学プログラム 
1485461610,鹿児島大学 工 先進／情報生,鹿児島大 工学部 先進工学科 情報・生体工学プログラム 
1485461710,鹿児島大学 工 先進工,鹿児島大鹿児島大学 工 先進工
1485550110,鹿児島大学 医 医,鹿児島大 医学部 医学科 
1485550311,鹿児島大学 医 保健／看護学,鹿児島大 医学部 保健学科 看護学専攻 
1485550410,鹿児島大学 医 保健／理学療,鹿児島大 医学部 保健学科 理学療法学専攻 
1485550510,鹿児島大学 医 保健／作業療,鹿児島大 医学部 保健学科 作業療法学専攻 
1485580110,鹿児島大学 歯 歯,鹿児島大 歯学部 歯学科 
1485720510,鹿児島大学 農 国際食料資源,鹿児島大 農学部 国際食料資源学特別コース 
1485720910,鹿児島大学 農 農,鹿児島大 農学部 農学科 
1485730310,鹿児島大学 水産 水産,鹿児島大 水産学部 水産学科 
1485730810,鹿児島大学 水産 国際食料資源,鹿児島大 水産学部 国際食料資源学特別コース 
1485740111,鹿児島大学 共同獣医 共同獣医,鹿児島大 共同獣医学部 共同獣医学科 
1485740210,鹿児島大学 共同獣医 畜産,鹿児島大 共同獣医学部 畜産学科 
1490640110,鹿屋体育大学 体育 スポーツ総合,鹿屋体育大 体育学部 スポーツ総合課程 
1490640210,鹿屋体育大学 体育 武道,鹿屋体育大 体育学部 武道課程 
1495280110,琉球大学 人文社会 国際法政,琉大 人文社会学部 国際法政学科 
1495280210,琉球大学 人文社会 人間社会,琉大 人文社会学部 人間社会学科 
1495280310,琉球大学 人文社会 琉球アジア文,琉大 人文社会学部 琉球アジア文化学科 
1495302910,琉球大学 教育 学校／特別支,琉大 教育学部 学校教育教員養成課程 特別支援教育専攻 
1495305910,琉球大学 教育 学校／国語,琉大 教育学部 学校教育教員養成課程 教科教育専攻小中学校教育コース 国語教育専修
1495306010,琉球大学 教育 学校／社会科,琉大 教育学部 学校教育教員養成課程 教科教育専攻小中学校教育コース 社会科教育専修
1495306110,琉球大学 教育 学校／数学,琉大 教育学部 学校教育教員養成課程 教科教育専攻小中学校教育コース 数学教育専修
1495306210,琉球大学 教育 学校／理科,琉大 教育学部 学校教育教員養成課程 教科教育専攻小中学校教育コース 理科教育専修
1495306310,琉球大学 教育 学校／音楽,琉大 教育学部 学校教育教員養成課程 教科教育専攻小中学校教育コース 音楽教育専修
1495306410,琉球大学 教育 学校／美術,琉大 教育学部 学校教育教員養成課程 教科教育専攻小中学校教育コース 美術教育専修
1495306510,琉球大学 教育 学校／保健体,琉大 教育学部 学校教育教員養成課程 教科教育専攻小中学校教育コース 保健体育専修
1495306610,琉球大学 教育 学校／技術,琉大 教育学部 学校教育教員養成課程 教科教育専攻小中学校教育コース 技術教育専修
1495306710,琉球大学 教育 学校／生活科,琉大 教育学部 学校教育教員養成課程 教科教育専攻小中学校教育コース 生活科学教育専修
1495306810,琉球大学 教育 学校／英語,琉大 教育学部 学校教育教員養成課程 教科教育専攻小中学校教育コース 英語教育専修
1495306910,琉球大学 教育 学校／学校教,琉大 教育学部 学校教育教員養成課程 学校教育専攻 
1495330111,琉球大学 国際地域 国際地域創造,琉大 国際地域創造学部 国際地域創造学科 
1495360111,琉球大学 国際地夜 国際地域創造,琉大 国際地域創造学部夜間主コース 国際地域創造学科 
1495420310,琉球大学 理 数理科学,琉大 理学部 数理科学科 
1495420610,琉球大学 理 海洋／化学系,琉大 理学部 海洋自然科学科 化学系 
1495420910,琉球大学 理 海洋／生物系,琉大 理学部 海洋自然科学科 生物系 
1495421010,琉球大学 理 物質／物理系,琉大 理学部 物質地球科学科 物理系 
1495421110,琉球大学 理 物質／地球環,琉大 理学部 物質地球科学科 地球環境系 
1495460710,琉球大学 工 工,琉大 工学部 工学科 
1495550110,琉球大学 医 医,琉大 医学部 医学科 
1495550210,琉球大学 医 保健,琉大 医学部 保健学科 
1495720410,琉球大学 農 亜熱帯地域農,琉大 農学部 亜熱帯地域農学科 
1495720510,琉球大学 農 亜熱帯農林環,琉大 農学部 亜熱帯農林環境科学科 
1495720610,琉球大学 農 地域農業工,琉大 農学部 地域農業工学科 
1495720710,琉球大学 農 亜熱帯生物資,琉大 農学部 亜熱帯生物資源科学科 
1495720810,琉球大学 農 亜熱／健康栄,琉大 農学部 亜熱帯生物資源科学科 健康栄養科学コース 
2003370010,公立はこだて未来大学 システム ,はこだて未来大 システム情報科学部 
2004640110,札幌市立大学 看護 看護,札幌市立大 看護学部 看護学科 
2004830110,札幌市立大学 デザイン デザイン,札幌市立大 デザイン学部 デザイン学科 
2005180010,釧路公立大学 経済 ,釧路公立大 経済学部 
2006640110,名寄市立大学 保健福祉 看護,名寄市立大 保健福祉学部 看護学科 
2006640210,名寄市立大学 保健福祉 栄養,名寄市立大 保健福祉学部 栄養学科 
2006640310,名寄市立大学 保健福祉 社会福祉,名寄市立大 保健福祉学部 社会福祉学科 
2006640410,名寄市立大学 保健福祉 社会保育,名寄市立大 保健福祉学部 社会保育学科 
2007470010,公立千歳科学技術大学 理工 ,千歳科学技大 理工学部 
2008180110,旭川市立大学 経済 経営経済,旭川市立大 経済学部 経営経済学科 
2008210110,旭川市立大学 地域創造 地域創造,旭川市立大 地域創造学部 地域創造学科 
2008640110,旭川市立大学 保健福祉 コミュニティ,旭川市立大 保健福祉学部 コミュニティ福祉学科 
2008640210,旭川市立大学 保健福祉 保健看護,旭川市立大 保健福祉学部 保健看護学科 
2010550111,札幌医科大学 医 医,札幌医大 医学部 医学科 
2010640110,札幌医科大学 保健医療 看護,札幌医大 保健医療学部 看護学科 
2010640210,札幌医科大学 保健医療 作業療法,札幌医大 保健医療学部 作業療法学科 
2010640310,札幌医科大学 保健医療 理学療法,札幌医大 保健医療学部 理学療法学科 
2013640110,青森県立保健大学 健康科学 看護,青森県立保健大 健康科学部 看護学科 
2013640210,青森県立保健大学 健康科学 理学療法,青森県立保健大 健康科学部 理学療法学科 
2013640310,青森県立保健大学 健康科学 社会福祉,青森県立保健大 健康科学部 社会福祉学科 
2013640410,青森県立保健大学 健康科学 栄養,青森県立保健大 健康科学部 栄養学科 
2015210211,青森公立大学 経営経済 経営,青森公立大 経営経済学部 経営学科 
2015210311,青森公立大学 経営経済 経済,青森公立大 経営経済学部 経済学科 
2015210411,青森公立大学 経営経済 地域みらい,青森公立大 経営経済学部 地域みらい学科 
2018130110,岩手県立大学 総合政策 総合政策,岩手県立大 総合政策学部 総合政策学科 
2018260010,岩手県立大学 社会福祉 ,岩手県立大 社会福祉学部 
2018470110,岩手県立大学 ソフトウ ソフトウェア,岩手県立大 ソフトウェア情報学部 ソフトウェア情報学科 
2018640110,岩手県立大学 看護 看護,岩手県立大 看護学部 看護学科 
2023220010,宮城大学 事業構想 ,宮城大 事業構想学群 
2023650110,宮城大学 看護 看護学類,宮城大 看護学群 看護学類 
2023750010,宮城大学 食産業 ,宮城大 食産業学群 
2028470310,秋田県立大学 システム 建築環境シス,秋田県立大 システム科学技術学部 建築環境システム学科 
2028470410,秋田県立大学 システム 経営シス工,秋田県立大 システム科学技術学部 経営システム工学科 
2028470510,秋田県立大学 システム 機械工,秋田県立大 システム科学技術学部 機械工学科 
2028470610,秋田県立大学 システム 知能メカトロ,秋田県立大 システム科学技術学部 知能メカトロニクス学科 
2028470710,秋田県立大学 システム 情報工,秋田県立大 システム科学技術学部 情報工学科 
2028740110,秋田県立大学 生物資源 応用生物科学,秋田県立大 生物資源科学部 応用生物科学科 
2028740210,秋田県立大学 生物資源 生物生産科学,秋田県立大 生物資源科学部 生物生産科学科 
2028740310,秋田県立大学 生物資源 生物環境科学,秋田県立大 生物資源科学部 生物環境科学科 
2028740410,秋田県立大学 生物資源 アグリビジネ,秋田県立大 生物資源科学部 アグリビジネス学科 
2029830110,秋田公立美術大学 美術 美術,秋田公立美大 美術学部 美術学科 
2030370161,国際教養大学 国際教養 国際教養,国際教養大 国際教養学部 国際教養学科 
2033640110,山形県立米沢栄養大学 健康栄養 健康栄養,山形県米沢栄大 健康栄養学部 健康栄養学科 
2034740110,東北農林専門職大学 農林業経 農業経営,東北農林職大 農林業経営学部 農業経営学科 
2034740210,東北農林専門職大学 農林業経 森林業経営,東北農林職大 農林業経営学部 森林業経営学科 
2035640110,山形県立保健医療大学 保健医療 看護,山形保健医療大 保健医療学部 看護学科 
2035640210,山形県立保健医療大学 保健医療 理学療法,山形保健医療大 保健医療学部 理学療法学科 
2035640310,山形県立保健医療大学 保健医療 作業療法,山形保健医療大 保健医療学部 作業療法学科 
2040470311,会津大学 コン理工 コンピュータ,会津大 コンピュータ理工学部 コンピュータ理工学科 
2045550111,福島県立医科大学 医 医,福島県立医大 医学部 医学科 
2045640110,福島県立医科大学 看護 看護,福島県立医大 看護学部 看護学科 
2045650110,福島県立医科大学 保健科学 理学療法,福島県立医大 保健科学部 理学療法学科 
2045650210,福島県立医科大学 保健科学 作業療法,福島県立医大 保健科学部 作業療法学科 
2045650310,福島県立医科大学 保健科学 診療放射線科,福島県立医大 保健科学部 診療放射線科学科 
2045650410,福島県立医科大学 保健科学 臨床検査,福島県立医大 保健科学部 臨床検査学科 
2050640110,茨城県立医療大学 保健医療 看護,茨城県立医療大 保健医療学部 看護学科 
2050640210,茨城県立医療大学 保健医療 作業療法,茨城県立医療大 保健医療学部 作業療法学科 
2050640310,茨城県立医療大学 保健医療 放射線技術科,茨城県立医療大 保健医療学部 放射線技術科学科 
2050640410,茨城県立医療大学 保健医療 理学療法,茨城県立医療大 保健医療学部 理学療法学科 
2058460710,前橋工科大学 工 建築／建築都,前橋工科大 工学部 建築・都市・環境工学群 建築都市プログラム 
2058460810,前橋工科大学 工 建築／土木環,前橋工科大 工学部 建築・都市・環境工学群 土木・環境プログラム 
2058460910,前橋工科大学 工 建築／工学デ,前橋工科大 工学部 建築・都市・環境工学群 工学デザインプログラム 
2058461010,前橋工科大学 工 情報／情報シ,前橋工科大 工学部 情報・生命工学群 情報システムプログラム 
2058461110,前橋工科大学 工 情報／医工学,前橋工科大 工学部 情報・生命工学群 医工学プログラム 
2058461210,前橋工科大学 工 情報／生物応,前橋工科大 工学部 情報・生命工学群 生物応用プログラム 
2059640110,群馬県立県民健康科学大学 看護 看護,群馬健康科学大 看護学部 看護学科 
2059650110,群馬県立県民健康科学大学 診療放射 診療放射線,群馬健康科学大 診療放射線学部 診療放射線学科 
2060010110,群馬県立女子大学 文 英米文化,群馬県立女子大 文学部 英米文化学科 
2060010210,群馬県立女子大学 文 国文,群馬県立女子大 文学部 国文学科 
2060010310,群馬県立女子大学 文 美学美術史,群馬県立女子大 文学部 美学美術史学科 
2060010510,群馬県立女子大学 文 文化情報,群馬県立女子大 文学部 文化情報学科 
2060370010,群馬県立女子大学 国際コミ ,群馬県立女子大 国際コミュニケーション学部 
2065130010,高崎経済大学 地域政策 ,高崎経大 地域政策学部 
2065180010,高崎経済大学 経済 ,高崎経大 経済学部 
2070640110,埼玉県立大学 保健医療 看護,埼玉県立大 保健医療福祉学部 看護学科 
2070640210,埼玉県立大学 保健医療 理学療法,埼玉県立大 保健医療福祉学部 理学療法学科 
2070640310,埼玉県立大学 保健医療 作業療法,埼玉県立大 保健医療福祉学部 作業療法学科 
2070640510,埼玉県立大学 保健医療 健康／健康情,埼玉県立大 保健医療福祉学部 健康開発学科 健康情報学専攻 
2070640610,埼玉県立大学 保健医療 健康／検査技,埼玉県立大 保健医療福祉学部 健康開発学科 検査技術科学専攻 
2070640710,埼玉県立大学 保健医療 健康／口腔保,埼玉県立大 保健医療福祉学部 健康開発学科 口腔保健科学専攻 
2070640810,埼玉県立大学 保健医療 社会／社会福,埼玉県立大 保健医療福祉学部 社会福祉子ども学科 社会福祉学専攻 
2070640910,埼玉県立大学 保健医療 社会／福祉子,埼玉県立大 保健医療福祉学部 社会福祉子ども学科 福祉子ども学専攻 
2075640110,千葉県立保健医療大学 健康科学 看護,千葉保健医療大 健康科学部 看護学科 
2075640210,千葉県立保健医療大学 健康科学 栄養,千葉保健医療大 健康科学部 栄養学科 
2075640310,千葉県立保健医療大学 健康科学 歯科衛生,千葉保健医療大 健康科学部 歯科衛生学科 
2075640410,千葉県立保健医療大学 健康科学 リハ／理学療,千葉保健医療大 健康科学部 リハビリテーション学科 理学療法学専攻 
2075640510,千葉県立保健医療大学 健康科学 リハ／作業療,千葉保健医療大 健康科学部 リハビリテーション学科 作業療法学専攻 
2079120110,東京都立大学 法 法,東京都立大 TMU 法学部 法学科 
2079210111,東京都立大学 経済経営 経済経営,東京都立大 TMU 経済経営学部 経済経営学科 
2079270110,東京都立大学 人文社会 人間社会,東京都立大 TMU 人文社会学部 人間社会学科 
2079270210,東京都立大学 人文社会 人文,東京都立大 TMU 人文社会学部 人文学科 
2079380910,東京都立大学 都市環境 地理環境,東京都立大 TMU 都市環境学部 地理環境学科 
2079381010,東京都立大学 都市環境 都市基盤環境,東京都立大 TMU 都市環境学部 都市基盤環境学科 
2079381110,東京都立大学 都市環境 建築,東京都立大 TMU 都市環境学部 建築学科 
2079381210,東京都立大学 都市環境 環境応用化,東京都立大 TMU 都市環境学部 環境応用化学科 
2079381310,東京都立大学 都市環境 観光科学,東京都立大 TMU 都市環境学部 観光科学科 
2079381411,東京都立大学 都市環境 都市政策科学,東京都立大 TMU 都市環境学部 都市政策科学科 
2079420110,東京都立大学 理 数理科学,東京都立大 TMU 理学部 数理科学科 
2079420210,東京都立大学 理 物理,東京都立大 TMU 理学部 物理学科 
2079420310,東京都立大学 理 化学,東京都立大 TMU 理学部 化学科 
2079420410,東京都立大学 理 生命科学,東京都立大 TMU 理学部 生命科学科 
2079471010,東京都立大学 システム 情報科学,東京都立大 TMU システムデザイン学部 情報科学科 
2079471110,東京都立大学 システム 電気電子工,東京都立大 TMU システムデザイン学部 電気電子工学科 
2079471210,東京都立大学 システム 機械シス工,東京都立大 TMU システムデザイン学部 機械システム工学科 
2079471310,東京都立大学 システム 航空宇宙シス,東京都立大 TMU システムデザイン学部 航空宇宙システム工学科 
2079471410,東京都立大学 システム インダストリ,東京都立大 TMU システムデザイン学部 インダストリアルアート学科 
2079640110,東京都立大学 健康福祉 看護,東京都立大 TMU 健康福祉学部 看護学科 
2079640210,東京都立大学 健康福祉 理学療法,東京都立大 TMU 健康福祉学部 理学療法学科 
2079640310,東京都立大学 健康福祉 作業療法,東京都立大 TMU 健康福祉学部 作業療法学科 
2079640410,東京都立大学 健康福祉 放射線,東京都立大 TMU 健康福祉学部 放射線学科 
2088640110,神奈川県立保健福祉大学 保健福祉 看護,神奈川保福大 保健福祉学部 看護学科 
2088640210,神奈川県立保健福祉大学 保健福祉 栄養,神奈川保福大 保健福祉学部 栄養学科 
2088640310,神奈川県立保健福祉大学 保健福祉 社会福祉,神奈川保福大 保健福祉学部 社会福祉学科 
2088640410,神奈川県立保健福祉大学 保健福祉 リハ／理学療,神奈川保福大 保健福祉学部 リハビリテーション学科 理学療法学専攻 
2088640510,神奈川県立保健福祉大学 保健福祉 リハ／作業療,神奈川保福大 保健福祉学部 リハビリテーション学科 作業療法学専攻 
2089640110,川崎市立看護大学 看護 看護,川崎市立看護大 看護学部 看護学科 
2090210111,横浜市立大学 国際商 国際商,横市大 YCU 国際商学部 国際商学科 
2090370110,横浜市立大学 データサ データサイエ,横市大 YCU データサイエンス学部 データサイエンス学科 
2090390111,横浜市立大学 国際教養 国際教養,横市大 YCU 国際教養学部 国際教養学科 
2090420411,横浜市立大学 理 理,横市大 YCU 理学部 理学科 
2090550111,横浜市立大学 医 医,横市大 YCU 医学部 医学科 
2090550311,横浜市立大学 医 看護,横市大 YCU 医学部 看護学科 
2093640110,新潟県立看護大学 看護 看護,新潟県立看護大 看護学部 看護学科 
2094210161,新潟県立大学 国際経済 国際経済,新潟県立大 国際経済学部 国際経済学科 
2094330161,新潟県立大学 国際地域 国際地域,新潟県立大 国際地域学部 国際地域学科 
2094790161,新潟県立大学 人間生活 子ども,新潟県立大 人間生活学部 子ども学科 
2094790261,新潟県立大学 人間生活 健康栄養,新潟県立大 人間生活学部 健康栄養学科 
2095830315,長岡造形大学 造形 美術・工芸,長岡造形大 造形学部 美術・工芸学科 
2095830415,長岡造形大学 造形 建築・環境デ,長岡造形大 造形学部 建築・環境デザイン学科 
2095830515,長岡造形大学 造形 デザイン,長岡造形大 造形学部 デザイン学科 
2096460111,三条市立大学 工 技術・経営工,三条市立大 工学部 技術・経営工学科 
2100460110,富山県立大学 工 機械シス工,富山県立大 工学部 機械システム工学科 
2100460310,富山県立大学 工 生物工,富山県立大 工学部 生物工学科 
2100460610,富山県立大学 工 環境・社会基,富山県立大 工学部 環境・社会基盤工学科 
2100460710,富山県立大学 工 医薬品工,富山県立大 工学部 医薬品工学科 
2100460810,富山県立大学 工 電気電子工,富山県立大 工学部 電気電子工学科 
2100470110,富山県立大学 情報工 データサイエ,富山県立大 情報工学部 データサイエンス学科 
2100470210,富山県立大学 情報工 情報シス工,富山県立大 情報工学部 情報システム工学科 
2100470310,富山県立大学 情報工 知能ロボット,富山県立大 情報工学部 知能ロボット工学科 
2100640110,富山県立大学 看護 看護,富山県立大 看護学部 看護学科 
2103640110,石川県立看護大学 看護 看護,石川県立看護大 看護学部 看護学科 
2104740110,石川県立大学 生物資源 生産科学,石川県立大 生物資源環境学部 生産科学科 
2104740210,石川県立大学 生物資源 環境科学,石川県立大 生物資源環境学部 環境科学科 
2104740310,石川県立大学 生物資源 食品科学,石川県立大 生物資源環境学部 食品科学科 
2105830150,金沢美術工芸大学 美術工芸 デザ／インダ,金沢美術工芸大 美術工芸学部 デザイン科 インダストリアルデザイン専攻 
2105830650,金沢美術工芸大学 美術工芸 美術／芸術学,金沢美術工芸大 美術工芸学部 美術科 芸術学専攻 
2105830750,金沢美術工芸大学 美術工芸 美術／彫刻,金沢美術工芸大 美術工芸学部 美術科 彫刻専攻 
2105830850,金沢美術工芸大学 美術工芸 工芸,金沢美術工芸大 美術工芸学部 工芸科 
2105831350,金沢美術工芸大学 美術工芸 美術／日本画,金沢美術工芸大 美術工芸学部 美術科 日本画専攻 
2105831450,金沢美術工芸大学 美術工芸 美術／油画,金沢美術工芸大 美術工芸学部 美術科 油画専攻 
2105831550,金沢美術工芸大学 美術工芸 デザ／ホリス,金沢美術工芸大 美術工芸学部 デザイン科 ホリスティックデザイン専攻 
2106330110,公立小松大学 国際文化 国際文化交流,公立小松大 国際文化交流学部 国際文化交流学科 
2106470110,公立小松大学 生産シス 生産システム,公立小松大 生産システム科学部 生産システム科学科 
2106640110,公立小松大学 保健医療 看護,公立小松大 保健医療学部 看護学科 
2106640210,公立小松大学 保健医療 臨床工,公立小松大 保健医療学部 臨床工学科 
2108640110,敦賀市立看護大学 看護 看護,敦賀市立看護大 看護学部 看護学科 
2110130110,福井県立大学 地域政策 地域イノベー,福井県立大 地域政策学部 地域イノベーション学科 
2110180110,福井県立大学 経済 経営,福井県立大 経済学部 経営学科 
2110180210,福井県立大学 経済 経済,福井県立大 経済学部 経済学科 
2110430110,福井県立大学 恐竜 恐竜・地質,福井県立大 恐竜学部 恐竜・地質学科 
2110640110,福井県立大学 看護福祉 看護,福井県立大 看護福祉学部 看護学科 
2110640210,福井県立大学 看護福祉 社会福祉,福井県立大 看護福祉学部 社会福祉学科 
2110740211,福井県立大学 生物資源 生物資源,福井県立大 生物資源学部 生物資源学科 
2110740310,福井県立大学 生物資源 創造農,福井県立大 生物資源学部 創造農学科 
2110750110,福井県立大学 海洋生物 海洋生物資源,福井県立大 海洋生物資源学部 海洋生物資源学科 
2110750210,福井県立大学 海洋生物 先端増養殖科,福井県立大 海洋生物資源学部 先端増養殖科学科 
2114130110,山梨県立大学 国際政策 総合政策,山梨県立大 国際政策学部 総合政策学科 
2114130210,山梨県立大学 国際政策 国際コミュニ,山梨県立大 国際政策学部 国際コミュニケーション学科 
2114270110,山梨県立大学 人間福祉 福祉コミュニ,山梨県立大 人間福祉学部 福祉コミュニティ学科 
2114270210,山梨県立大学 人間福祉 人間形成,山梨県立大 人間福祉学部 人間形成学科 
2114640110,山梨県立大学 看護 看護,山梨県立大 看護学部 看護学科 
2115010110,都留文科大学 文 英文,都留文科大 文学部 英文学科 
2115010210,都留文科大学 文 国文,都留文科大 文学部 国文学科 
2115370110,都留文科大学 教養 学校教育,都留文科大 教養学部 学校教育学科 
2115370210,都留文科大学 教養 地域社会,都留文科大 教養学部 地域社会学科 
2115370310,都留文科大学 教養 比較文化,都留文科大 教養学部 比較文化学科 
2115370410,都留文科大学 教養 国際教育,都留文科大 教養学部 国際教育学科 
2118220110,長野大学 地域経営 地域経営,長野大 地域経営学部 地域経営学科 
2118260110,長野大学 社会福祉 社会福祉,長野大 社会福祉学部 社会福祉学科 
2118380110,長野大学 共創情報 共創情報科学,長野大 共創情報科学部 共創情報科学科 
2119210111,長野県立大学 グローバ グローバルマ,長野県立大 グローバルマネジメント学部 グローバルマネジメント学科 
2119790110,長野県立大学 健康発達 食健康,長野県立大 健康発達学部 食健康学科 
2119790210,長野県立大学 健康発達 こども,長野県立大 健康発達学部 こども学科 
2120640110,長野県看護大学 看護 看護,長野県看護大 看護学部 看護学科 
2121460211,公立諏訪東京理科大学 工 機械電気工,諏訪東京理大 工学部 機械電気工学科 
2121460311,公立諏訪東京理科大学 工 情報／知能情,諏訪東京理大 工学部 情報応用工学科 知能情報通信コース 
2121460411,公立諏訪東京理科大学 工 情報／情報シ,諏訪東京理大 工学部 情報応用工学科 情報システムコース 
2123640110,岐阜県立看護大学 看護 看護,岐阜県立看護大 看護学部 看護学科 
2125610350,岐阜薬科大学 薬 薬,岐阜薬大 薬学部 薬学科 
2128030110,静岡文化芸術大学 文化政策 国際文化,静岡文化芸大 文化政策学部 国際文化学科 
2128030210,静岡文化芸術大学 文化政策 文化政策,静岡文化芸大 文化政策学部 文化政策学科 
2128030310,静岡文化芸術大学 文化政策 芸術文化,静岡文化芸大 文化政策学部 芸術文化学科 
2128830411,静岡文化芸術大学 デザイン デザイン,静岡文化芸大 デザイン学部 デザイン学科 
2129740110,静岡県立農林環境専門職大学 生産環境 生産環境経営,静岡農林職大 生産環境経営学部 生産環境経営学科 
2130210110,静岡県立大学 経営情報 経営情報,静岡県立大 経営情報学部 経営情報学科 
2130330110,静岡県立大学 国際関係 国際関係,静岡県立大 国際関係学部 国際関係学科 
2130330210,静岡県立大学 国際関係 国際言語文化,静岡県立大 国際関係学部 国際言語文化学科 
2130610250,静岡県立大学 薬 薬,静岡県立大 薬学部 薬学科 
2130610350,静岡県立大学 薬 薬科学,静岡県立大 薬学部 薬科学科 
2130640110,静岡県立大学 看護 看護,静岡県立大 看護学部 看護学科 
2130790110,静岡県立大学 食品栄養 栄養生命科学,静岡県立大 食品栄養科学部 栄養生命科学科 
2130790210,静岡県立大学 食品栄養 食品生命科学,静岡県立大 食品栄養科学部 食品生命科学科 
2130790310,静岡県立大学 食品栄養 環境生命科学,静岡県立大 食品栄養科学部 環境生命科学科 
2135030110,愛知県立大学 日本文化 国語国文,愛知県立大 日本文化学部 国語国文学科 
2135030210,愛知県立大学 日本文化 歴史文化,愛知県立大 日本文化学部 歴史文化学科 
2135080110,愛知県立大学 外国語 英米,愛知県立大 外国語学部 英米学科 
2135080510,愛知県立大学 外国語 中国,愛知県立大 外国語学部 中国学科 
2135080810,愛知県立大学 外国語 国際関係,愛知県立大 外国語学部 国際関係学科 
2135080910,愛知県立大学 外国語 ヨー／フラン,愛知県立大 外国語学部 ヨーロッパ学科 フランス語圏専攻 
2135081110,愛知県立大学 外国語 ヨー／ドイツ,愛知県立大 外国語学部 ヨーロッパ学科 ドイツ語圏専攻 
2135081210,愛知県立大学 外国語 ヨー／スペイ,愛知県立大 外国語学部 ヨーロッパ学科 スペイン語・ポルトガル語圏専攻 スペイン語圏コース
2135081310,愛知県立大学 外国語 ヨー／ポルト,愛知県立大 外国語学部 ヨーロッパ学科 スペイン語・ポルトガル語圏専攻 ポルトガル語圏コース
2135310210,愛知県立大学 教育福祉 社会福祉,愛知県立大 教育福祉学部 社会福祉学科 
2135310310,愛知県立大学 教育福祉 教育／小学校,愛知県立大 教育福祉学部 教育発達学科 小学校教育コース 
2135310410,愛知県立大学 教育福祉 教育／保育幼,愛知県立大 教育福祉学部 教育発達学科 保育幼児教育コース 
2135370310,愛知県立大学 情報科学 情報科学,愛知県立大 情報科学部 情報科学科 
2135640110,愛知県立大学 看護 看護,愛知県立大 看護学部 看護学科 
2145830120,愛知県立芸術大学 美術 デザ／デザイ,愛知県立芸大 美術学部 デザイン・工芸科 デザイン専攻 
2145830220,愛知県立芸術大学 美術 デザ／陶磁,愛知県立芸大 美術学部 デザイン・工芸科 陶磁専攻 
2145830320,愛知県立芸術大学 美術 美術／油画,愛知県立芸大 美術学部 美術科 油画専攻 
2145830420,愛知県立芸術大学 美術 美術／彫刻,愛知県立芸大 美術学部 美術科 彫刻専攻 
2145830520,愛知県立芸術大学 美術 美術／日本画,愛知県立芸大 美術学部 美術科 日本画専攻 
2145830620,愛知県立芸術大学 美術 美術／芸術学,愛知県立芸大 美術学部 美術科 芸術学専攻 
2145830720,愛知県立芸術大学 美術 デザ／メディ,愛知県立芸大 美術学部 デザイン・工芸科 メディア映像専攻 
2145840120,愛知県立芸術大学 音楽 音楽／管打楽,愛知県立芸大 音楽学部 音楽科 器楽専攻 管打楽器コース
2145840220,愛知県立芸術大学 音楽 音楽／弦楽器,愛知県立芸大 音楽学部 音楽科 器楽専攻 弦楽器コース
2145840320,愛知県立芸術大学 音楽 音楽／ピアノ,愛知県立芸大 音楽学部 音楽科 器楽専攻 ピアノコース
2145840420,愛知県立芸術大学 音楽 音楽／音楽学,愛知県立芸大 音楽学部 音楽科 作曲専攻 音楽学コース
2145840520,愛知県立芸術大学 音楽 音楽／作曲,愛知県立芸大 音楽学部 音楽科 作曲専攻 作曲コース
2145840620,愛知県立芸術大学 音楽 音楽／声楽,愛知県立芸大 音楽学部 音楽科 声楽専攻 
2150180310,名古屋市立大学 経済 経済経営,名古屋市立大 経済学部 経済経営学科 
2150270210,名古屋市立大学 人文社会 現代社会,名古屋市立大 人文社会学部 現代社会学科 
2150270310,名古屋市立大学 人文社会 国際文化,名古屋市立大 人文社会学部 国際文化学科 
2150270410,名古屋市立大学 人文社会 心理／教育学,名古屋市立大 人文社会学部 心理教育学科 教育学コース 
2150270510,名古屋市立大学 人文社会 心理／心理学,名古屋市立大 人文社会学部 心理教育学科 心理学コース 
2150370110,名古屋市立大学 データサ データサイエ,名古屋市立大 データサイエンス学部 データサイエンス学科 
2150430120,名古屋市立大学 総合生命 総合生命理,名古屋市立大名古屋市立大学 総合生命 総合生命理
2150470410,名古屋市立大学 芸術工 芸術工,名古屋市立大 芸術工学部 芸術工学科 
2150550110,名古屋市立大学 医 医,名古屋市立大 医学部 医学科 
2150550210,名古屋市立大学 医 保健／看護学,名古屋市立大名古屋市立大学 医 保健／看護学
2150550310,名古屋市立大学 医 保健／理学療,名古屋市立大 医学部 保健医療学科 リハビリテーション学専攻 理学療法学コース
2150550410,名古屋市立大学 医 保健／作業療,名古屋市立大 医学部 保健医療学科 リハビリテーション学専攻 作業療法学コース
2150610250,名古屋市立大学 薬 薬,名古屋市立大 薬学部 薬学科 
2150610350,名古屋市立大学 薬 生命薬科学,名古屋市立大 薬学部 生命薬科学科 
2153640111,三重県立看護大学 看護 看護,三重県立看護大 看護学部 看護学科 
2160370210,滋賀県立大学 人間文化 地域文化,滋賀県立大 人間文化学部 地域文化学科 
2160370610,滋賀県立大学 人間文化 生活デザイン,滋賀県立大 人間文化学部 生活デザイン学科 
2160370710,滋賀県立大学 人間文化 生活栄養,滋賀県立大 人間文化学部 生活栄養学科 
2160370810,滋賀県立大学 人間文化 人間関係,滋賀県立大 人間文化学部 人間関係学科 
2160370910,滋賀県立大学 人間文化 国際コミュニ,滋賀県立大 人間文化学部 国際コミュニケーション学科 
2160380310,滋賀県立大学 環境科学 環境生態,滋賀県立大 環境科学部 環境生態学科 
2160380410,滋賀県立大学 環境科学 生物資源管理,滋賀県立大 環境科学部 生物資源管理学科 
2160380510,滋賀県立大学 環境科学 環境社会シス,滋賀県立大 環境科学部 環境社会システム学科 
2160380610,滋賀県立大学 環境科学 環境建築デザ,滋賀県立大 環境科学部 環境建築デザイン学科 
2160460110,滋賀県立大学 工 機械シス工,滋賀県立大 工学部 機械システム工学科 
2160460210,滋賀県立大学 工 材料化,滋賀県立大 工学部 材料化学科 
2160460310,滋賀県立大学 工 電子シス工,滋賀県立大 工学部 電子システム工学科 
2160640110,滋賀県立大学 人間看護 人間看護,滋賀県立大 人間看護学部 人間看護学科 
2163210111,福知山公立大学 地域経営 地域経営,福知山公立大 地域経営学部 地域経営学科 
2163370111,福知山公立大学 情報 情報,福知山公立大 情報学部 情報学科 
2165830110,京都市立芸術大学 美術 工芸,京都市立芸大 美術学部 工芸科 
2165830210,京都市立芸術大学 美術 デザイン,京都市立芸大 美術学部 デザイン科 
2165830310,京都市立芸術大学 美術 美術,京都市立芸大 美術学部 美術科 
2165830410,京都市立芸術大学 美術 総合芸術,京都市立芸大 美術学部 総合芸術学科 
2165840220,京都市立芸術大学 音楽 音楽／作曲,京都市立芸大 音楽学部 音楽学科 作曲専攻 
2165840320,京都市立芸術大学 音楽 音楽／指揮,京都市立芸大 音楽学部 音楽学科 指揮専攻 
2165840420,京都市立芸術大学 音楽 音楽／ピアノ,京都市立芸大 音楽学部 音楽学科 ピアノ専攻 
2165840520,京都市立芸術大学 音楽 音楽／弦楽,京都市立芸大 音楽学部 音楽学科 弦楽専攻 
2165840620,京都市立芸術大学 音楽 音楽／管・打,京都市立芸大 音楽学部 音楽学科 管・打楽専攻 
2165840720,京都市立芸術大学 音楽 音楽／声楽,京都市立芸大 音楽学部 音楽学科 声楽専攻 
2165840820,京都市立芸術大学 音楽 音楽／音楽学,京都市立芸大 音楽学部 音楽学科 音楽学専攻 
2170010610,京都府立大学 文 日本・中国文,京都府立大 文学部 日本・中国文化学科 
2170010710,京都府立大学 文 国際文化交流,京都府立大 文学部 国際文化交流学科 
2170010810,京都府立大学 文 歴史,京都府立大 文学部 歴史学科 
2170280110,京都府立大学 社会科学 公共政策,京都府立大 社会科学部 公共政策学科 
2170280210,京都府立大学 社会科学 福祉社会,京都府立大 社会科学部 福祉社会学科 
2170390110,京都府立大学 環境科学 森林科学,京都府立大 環境科学部 森林科学科 
2170390210,京都府立大学 環境科学 環境デザイン,京都府立大 環境科学部 環境デザイン学科 
2170470110,京都府立大学 生命理工 生命化,京都府立大 生命理工情報学部 生命化学科 
2170470210,京都府立大学 生命理工 理工情報,京都府立大 生命理工情報学部 理工情報学科 
2170750110,京都府立大学 農学食科 農学生命科学,京都府立大 農学食科学部 農学生命科学科 
2170750210,京都府立大学 農学食科 栄養科学,京都府立大 農学食科学部 栄養科学科 
2170750311,京都府立大学 農学食科 和食文化科学,京都府立大 農学食科学部 和食文化科学科 
2175550110,京都府立医科大学 医 医,京都府立医大 医学部 医学科 
2175550210,京都府立医科大学 医 看護,京都府立医大 医学部 看護学科 
2178010010,大阪公立大学 文 ,大阪公立大 文学部 
2178120110,大阪公立大学 法 法,大阪公立大 法学部 法学科 
2178180110,大阪公立大学 経済 経済,大阪公立大 経済学部 経済学科 
2178200010,大阪公立大学 商 ,大阪公立大 商学部 
2178420110,大阪公立大学 理 数学,大阪公立大 理学部 数学科 
2178420210,大阪公立大学 理 物理,大阪公立大 理学部 物理学科 
2178420310,大阪公立大学 理 化学,大阪公立大 理学部 化学科 
2178420410,大阪公立大学 理 生物,大阪公立大 理学部 生物学科 
2178420510,大阪公立大学 理 地球,大阪公立大 理学部 地球学科 
2178420610,大阪公立大学 理 生物化,大阪公立大 理学部 生物化学科 
2178460110,大阪公立大学 工 航空宇宙工,大阪公立大 工学部 航空宇宙工学科 
2178460210,大阪公立大学 工 海洋シス工,大阪公立大 工学部 海洋システム工学科 
2178460310,大阪公立大学 工 機械工,大阪公立大 工学部 機械工学科 
2178460410,大阪公立大学 工 建築,大阪公立大 工学部 建築学科 
2178460510,大阪公立大学 工 都市,大阪公立大 工学部 都市学科 
2178460610,大阪公立大学 工 電子物理工,大阪公立大 工学部 電子物理工学科 
2178460710,大阪公立大学 工 情報工,大阪公立大 工学部 情報工学科 
2178460810,大阪公立大学 工 電気電子シス,大阪公立大 工学部 電気電子システム工学科 
2178460910,大阪公立大学 工 応用化,大阪公立大 工学部 応用化学科 
2178461010,大阪公立大学 工 化学工,大阪公立大 工学部 化学工学科 
2178461110,大阪公立大学 工 マテリアル工,大阪公立大 工学部 マテリアル工学科 
2178461210,大阪公立大学 工 化学バイオ工,大阪公立大 工学部 化学バイオ工学科 
2178550111,大阪公立大学 医 医,大阪公立大 医学部 医学科 
2178550210,大阪公立大学 医 リハ／理学療,大阪公立大 医学部 リハビリテーション学科 理学療法学専攻 
2178550310,大阪公立大学 医 リハ／作業療,大阪公立大 医学部 リハビリテーション学科 作業療法学専攻 
2178640110,大阪公立大学 看護 看護,大阪公立大 看護学部 看護学科 
2178720110,大阪公立大学 農 応用生物科学,大阪公立大 農学部 応用生物科学科 
2178720210,大阪公立大学 農 生命機能化,大阪公立大 農学部 生命機能化学科 
2178720310,大阪公立大学 農 緑地環境科学,大阪公立大 農学部 緑地環境科学科 
2178740110,大阪公立大学 獣医 獣医,大阪公立大 獣医学部 獣医学科 
2178790110,大阪公立大学 生活科学 食栄養,大阪公立大 生活科学部 食栄養学科 
2178790210,大阪公立大学 生活科学 居住環境,大阪公立大 生活科学部 居住環境学科 
2178790310,大阪公立大学 生活科学 人間福祉,大阪公立大 生活科学部 人間福祉学科 
2178880110,大阪公立大学 現代シス 知識情報シス,大阪公立大 現代システム科学域 知識情報システム学類 
2178880211,大阪公立大学 現代シス 環境社会シス,大阪公立大 現代システム科学域 環境社会システム学類 
2178880310,大阪公立大学 現代シス 教育福祉学類,大阪公立大 現代システム科学域 教育福祉学類 
2178880411,大阪公立大学 現代シス 心理学類,大阪公立大 現代システム科学域 心理学類 
2178880511,大阪公立大学 現代シス 学域一括,大阪公立大 大阪公立大学 現代シス 学域一括
2198640110,神戸市看護大学 看護 看護,神戸市看護大 看護学部 看護学科 
2199210210,兵庫県立大学 国際商経 国際／経済学,兵庫県立大 国際商経学部 国際商経学科 経済学・経営学コース 
2199210310,兵庫県立大学 国際商経 国際／グロー,兵庫県立大 国際商経学部 国際商経学科 グローバルビジネスコース 
2199370110,兵庫県立大学 環境人間 環境人間,兵庫県立大 環境人間学部 環境人間学科 
2199370210,兵庫県立大学 環境人間 環境／食環境,兵庫県立大 兵庫県立大学 環境人間 環境／食環境
2199380110,兵庫県立大学 社会情報 社会情報科学,兵庫県立大 社会情報科学部 社会情報科学科 
2199420150,兵庫県立大学 理 生命科学,兵庫県立大 理学部 生命科学科 
2199420250,兵庫県立大学 理 物質科学,兵庫県立大 理学部 物質科学科 
2199460410,兵庫県立大学 工 工／電気電子,兵庫県立大 工学部 工学科 電気電子工学コース 
2199460510,兵庫県立大学 工 工／知能情報,兵庫県立大 工学部 工学科 知能情報コース 
2199460610,兵庫県立大学 工 工／機械工学,兵庫県立大 工学部 工学科 機械工学コース 
2199460710,兵庫県立大学 工 工／材料デザ,兵庫県立大 工学部 工学科 材料デザインコース 
2199460810,兵庫県立大学 工 工／化学,兵庫県立大 工学部 工学科 化学コース 
2199640110,兵庫県立大学 看護 看護,兵庫県立大 看護学部 看護学科 
2200080110,神戸市外国語大学 外国語 イスパニア,神戸市外大 外国語学部 イスパニア学科 
2200080210,神戸市外国語大学 外国語 英米,神戸市外大 外国語学部 英米学科 
2200080310,神戸市外国語大学 外国語 国際関係,神戸市外大 外国語学部 国際関係学科 
2200080410,神戸市外国語大学 外国語 中国,神戸市外大 外国語学部 中国学科 
2200080510,神戸市外国語大学 外国語 ロシア,神戸市外大 外国語学部 ロシア学科 
2200110110,神戸市外国語大学 外国語２ 英米,神戸市外大 外国語学部第２部 英米学科 
2201830161,芸術文化観光専門職大学 芸文観光 芸術文化観光,芸術文観光職大 芸術文化・観光学部 芸術文化・観光学科 
2220550110,奈良県立医科大学 医 医,奈良県立医大 医学部 医学科 
2220550311,奈良県立医科大学 医 看護,奈良県立医大 医学部 看護学科 
2225230310,奈良県立大学 地域創造 地域創造,奈良県立大 地域創造学部 地域創造学科 
2230550111,和歌山県立医科大学 医 医,和歌山県立医大 医学部 医学科 
2230610110,和歌山県立医科大学 薬 薬,和歌山県立医大 薬学部 薬学科 
2230640110,和歌山県立医科大学 保健看護 保健看護,和歌山県立医大 保健看護学部 保健看護学科 
2235190111,公立鳥取環境大学 経営 経営,公立鳥取環境大 経営学部 経営学科 
2235470111,公立鳥取環境大学 環境 環境,公立鳥取環境大 環境学部 環境学科 
2240140110,島根県立大学 地域政策 地域／経済経,島根県立大 地域政策学部 地域政策学科 経済経営・デジタルマネジメントコース 
2240140210,島根県立大学 地域政策 地域／地域公,島根県立大 地域政策学部 地域政策学科 地域公共コース 
2240140310,島根県立大学 地域政策 地域／地域づ,島根県立大 地域政策学部 地域政策学科 地域づくりコース 
2240330110,島根県立大学 国際関係 国際／国際関,島根県立大 国際関係学部 国際関係学科 国際関係コース 
2240330210,島根県立大学 国際関係 国際／国際コ,島根県立大 国際関係学部 国際関係学科 国際コミュニケーションコース 
2240370110,島根県立大学 人間文化 保育教育,島根県立大 人間文化学部 保育教育学科 
2240370210,島根県立大学 人間文化 地域文化,島根県立大 人間文化学部 地域文化学科 
2240640111,島根県立大学 看護栄養 看護,島根県立大 看護栄養学部 看護学科 
2240640211,島根県立大学 看護栄養 健康栄養,島根県立大 看護栄養学部 健康栄養学科 
2243640110,新見公立大学 健康科学 看護,新見公立大 健康科学部 看護学科 
2243640210,新見公立大学 健康科学 地域福祉,新見公立大 健康科学部 地域福祉学科 
2243640310,新見公立大学 健康科学 健康保育,新見公立大 健康科学部 健康保育学科 
2245470110,岡山県立大学 情報工 情報シス工,岡山県立大 情報工学部 情報システム工学科 
2245470210,岡山県立大学 情報工 情報通信工,岡山県立大 情報工学部 情報通信工学科 
2245470310,岡山県立大学 情報工 人間情報工,岡山県立大 情報工学部 人間情報工学科 
2245640110,岡山県立大学 保健福祉 栄養,岡山県立大 保健福祉学部 栄養学科 
2245640210,岡山県立大学 保健福祉 看護,岡山県立大 保健福祉学部 看護学科 
2245640610,岡山県立大学 保健福祉 現代福祉,岡山県立大 保健福祉学部 現代福祉学科 
2245640710,岡山県立大学 保健福祉 子ども,岡山県立大 保健福祉学部 子ども学科 
2245830110,岡山県立大学 デザイン 工芸工業デザ,岡山県立大 デザイン学部 工芸工業デザイン学科 
2245830210,岡山県立大学 デザイン ビジュアルデ,岡山県立大 デザイン学部 ビジュアルデザイン学科 
2245830510,岡山県立大学 デザイン 建築,岡山県立大 デザイン学部 建築学科 
2249210110,尾道市立大学 経済情報 経済情報,尾道市立大 経済情報学部 経済情報学科 
2249830110,尾道市立大学 芸術文化 日本文,尾道市立大 芸術文化学部 日本文学科 
2249830210,尾道市立大学 芸術文化 美術,尾道市立大 芸術文化学部 美術学科 
2251390110,県立広島大学 地域創生 地域／国際共,県立広島大 地域創生学部 地域創生学科 国際共生コース 
2251390310,県立広島大学 地域創生 地域／健康科,県立広島大 地域創生学部 地域創生学科 健康科学コース 
2251390510,県立広島大学 地域創生 地域／経営,県立広島大 地域創生学部 地域創生学科 経営コース 
2251390610,県立広島大学 地域創生 情報,県立広島大 地域創生学部 情報学科 
2251640610,県立広島大学 保健福祉 保健／看護学,県立広島大 保健福祉学部 保健福祉学科 看護学コース 
2251640710,県立広島大学 保健福祉 保健／理学療,県立広島大 保健福祉学部 保健福祉学科 理学療法学コース 
2251640810,県立広島大学 保健福祉 保健／作業療,県立広島大 保健福祉学部 保健福祉学科 作業療法学コース 
2251640910,県立広島大学 保健福祉 保健／コミュ,県立広島大 保健福祉学部 保健福祉学科 コミュニケーション障害学コース 
2251641010,県立広島大学 保健福祉 保健／人間福,県立広島大 保健福祉学部 保健福祉学科 人間福祉学コース 
2251740110,県立広島大学 生物資源 地域資源開発,県立広島大 生物資源科学部 地域資源開発学科 
2251740310,県立広島大学 生物資源 生命／生命科,県立広島大 生物資源科学部 生命環境学科 生命科学コース 
2251740410,県立広島大学 生物資源 生命／環境科,県立広島大 生物資源科学部 生命環境学科 環境科学コース 
2252210110,福山市立大学 都市経営 都市経営,福山市立大 都市経営学部 都市経営学科 
2252300110,福山市立大学 教育 児童／教育,福山市立大 教育学部 児童教育学科 教育コース 
2252300210,福山市立大学 教育 児童／保育,福山市立大 教育学部 児童教育学科 保育コース 
2253270160,叡啓大学 ソーシャ ソーシャルシ,叡啓大 ソーシャルシステムデザイン学部 ソーシャルシステムデザイン学科 
2260330110,広島市立大学 国際 国際,広島市立大 国際学部 国際学科 
2260370010,広島市立大学 情報科学 ,広島市立大 情報科学部 
2260830110,広島市立大学 芸術 デザイン工芸,広島市立大 芸術学部 デザイン工芸学科 
2260830210,広島市立大学 芸術 美術／油絵,広島市立大 芸術学部 美術学科 油絵専攻 
2260830320,広島市立大学 芸術 美術／彫刻,広島市立大 芸術学部 美術学科 彫刻専攻 
2260830410,広島市立大学 芸術 美術／日本画,広島市立大 芸術学部 美術学科 日本画専攻 
2263460111,山陽小野田市立山口東京理科大学 工 機械工,山口東京理科大 工学部 機械工学科 
2263460211,山陽小野田市立山口東京理科大学 工 電気工,山口東京理科大 工学部 電気工学科 
2263460311,山陽小野田市立山口東京理科大学 工 応用化,山口東京理科大 工学部 応用化学科 
2263460411,山陽小野田市立山口東京理科大学 工 数理情報科学,山口東京理科大 工学部 数理情報科学科 
2263460511,山陽小野田市立山口東京理科大学 工 医薬工,山口東京理科大 工学部 医薬工学科 
2263610110,山陽小野田市立山口東京理科大学 薬 薬,山口東京理科大 薬学部 薬学科 
2264210110,周南公立大学 経済経営 経済経営,周南公立大 経済経営学部 経済経営学科 
2264370110,周南公立大学 情報科学 情報科学,周南公立大 情報科学部 情報科学科 
2264640110,周南公立大学 人間健康 スポーツ健康,周南公立大 人間健康科学部 スポーツ健康科学科 
2264640210,周南公立大学 人間健康 看護,周南公立大 人間健康科学部 看護学科 
2264640310,周南公立大学 人間健康 福祉,周南公立大 人間健康科学部 福祉学科 
2265180111,下関市立大学 経済 経済,下関市立大 経済学部 経済学科 
2265180211,下関市立大学 経済 国際商,下関市立大 経済学部 国際商学科 
2265180311,下関市立大学 経済 公共マネジメ,下関市立大 経済学部 公共マネジメント学科 
2265370110,下関市立大学 データサ データサイエ,下関市立大 データサイエンス学部 データサイエンス学科 
2265640110,下関市立大学 看護 看護,下関市立大 看護学部 看護学科 
2270260110,山口県立大学 社会福祉 社会福祉,山口県立大 社会福祉学部 社会福祉学科 
2270330110,山口県立大学 国際文化 国際文化,山口県立大 国際文化学部 国際文化学科 
2270330210,山口県立大学 国際文化 文化創造,山口県立大 国際文化学部 文化創造学科 
2270330310,山口県立大学 国際文化 情報社会,山口県立大 国際文化学部 情報社会学科 
2270650110,山口県立大学 看護栄養 看護,山口県立大 看護栄養学部 看護学科 
2270650210,山口県立大学 看護栄養 栄養,山口県立大 看護栄養学部 栄養学科 
2280640110,香川県立保健医療大学 保健医療 看護,香川保健医療大 保健医療学部 看護学科 
2280640210,香川県立保健医療大学 保健医療 臨床検査,香川保健医療大 保健医療学部 臨床検査学科 
2285640110,愛媛県立医療技術大学 保健科学 看護,愛媛医療技術大 保健科学部 看護学科 
2285640210,愛媛県立医療技術大学 保健科学 臨床検査,愛媛医療技術大 保健科学部 臨床検査学科 
2288220010,高知工科大学 経済マネ ,高知工科大 経済・マネジメント学群 
2288370010,高知工科大学 情報 ,高知工科大 情報学群 
2288380010,高知工科大学 データイ ,高知工科大 データ＆イノベーション学群 
2288470010,高知工科大学 シス工 ,高知工科大 システム工学群 
2288480010,高知工科大学 理工 ,高知工科大 理工学群 
2290030110,高知県立大学 文化 文化,高知県立大 文化学部 文化学科 
2290260110,高知県立大学 社会福祉 社会福祉,高知県立大 社会福祉学部 社会福祉学科 
2290640110,高知県立大学 看護 看護,高知県立大 看護学部 看護学科 
2290650110,高知県立大学 健康栄養 健康栄養,高知県立大 健康栄養学部 健康栄養学科 
2295010110,北九州市立大学 文 人間関係,北九州市立大 文学部 人間関係学科 
2295010210,北九州市立大学 文 比較文化,北九州市立大 文学部 比較文化学科 
2295080310,北九州市立大学 外国語 国際関係,北九州市立大 外国語学部 国際関係学科 
2295080410,北九州市立大学 外国語 英米,北九州市立大 外国語学部 英米学科 
2295080510,北九州市立大学 外国語 中国,北九州市立大 外国語学部 中国学科 
2295120110,北九州市立大学 法 政策科学,北九州市立大 法学部 政策科学科 
2295120210,北九州市立大学 法 法律,北九州市立大 法学部 法律学科 
2295180010,北九州市立大学 経済 ,北九州市立大 経済学部 
2295370210,北九州市立大学 国際環境 機械シス工,北九州市立大 国際環境工学部 機械システム工学科 
2295370310,北九州市立大学 国際環境 情報シス工,北九州市立大北九州市立大学 国際環境 情報シス工
2295370410,北九州市立大学 国際環境 建築デザイン,北九州市立大 国際環境工学部 建築デザイン学科 
2295370511,北九州市立大学 国際環境 環境化学工,北九州市立大 国際環境工学部 環境化学工学科 
2295370610,北九州市立大学 国際環境 生命工,北九州市立大 国際環境工学部 生命工学科 
2295380110,北九州市立大学 地域創生 地域創生学類,北九州市立大 地域創生学群 地域創生学類 
2300580110,九州歯科大学 歯 歯,九州歯大 歯学部 歯学科 
2300580210,九州歯科大学 歯 口腔保健,九州歯大 歯学部 口腔保健学科 
2305270110,福岡県立大学 人間社会 公共社会,福岡県立大 人間社会学部 公共社会学科 
2305270210,福岡県立大学 人間社会 社会福祉,福岡県立大 人間社会学部 社会福祉学科 
2305270310,福岡県立大学 人間社会 人間形成,福岡県立大 人間社会学部 人間形成学科 
2305640110,福岡県立大学 看護 看護,福岡県立大 看護学部 看護学科 
2310380110,福岡女子大学 国際文理 国際教養,福岡女子大 国際文理学部 国際教養学科 
2310380210,福岡女子大学 国際文理 環境科学,福岡女子大 福岡女子大学 国際文理 環境科学
2310380310,福岡女子大学 国際文理 食・健康,福岡女子大 国際文理学部 食・健康学科 
2320190110,長崎県立大学 経営 経営,長崎県立大 経営学部 経営学科 
2320190310,長崎県立大学 経営 国際経営,長崎県立大 経営学部 国際経営学科 
2320210111,長崎県立大学 地域創造 公共政策,長崎県立大 地域創造学部 公共政策学科 
2320210211,長崎県立大学 地域創造 実践経済,長崎県立大 地域創造学部 実践経済学科 
2320270110,長崎県立大学 国際社会 国際社会,長崎県立大 国際社会学部 国際社会学科 
2320470110,長崎県立大学 情報シス 情報システム,長崎県立大 情報システム学部 情報システム学科 
2320470210,長崎県立大学 情報シス 情報セキュリ,長崎県立大 情報システム学部 情報セキュリティ学科 
2320640110,長崎県立大学 看護栄養 看護,長崎県立大 看護栄養学部 看護学科 
2320640210,長崎県立大学 看護栄養 栄養健康,長崎県立大 看護栄養学部 栄養健康学科 
2325010110,熊本県立大学 文 グローバルス,熊本県立大 文学部 グローバル・スタディーズ学科 
2325010210,熊本県立大学 文 日本語日本文,熊本県立大 文学部 日本語日本文学科 
2325370111,熊本県立大学 総合管理 総合管理,熊本県立大 総合管理学部 総合管理学科 
2325800210,熊本県立大学 環境共生 環境／居住環,熊本県立大 環境共生学部 環境共生学科 居住環境学専攻 
2325800710,熊本県立大学 環境共生 環境／環境資,熊本県立大 環境共生学部 環境共生学科 環境資源学専攻 
2325800810,熊本県立大学 環境共生 環境／食健康,熊本県立大 環境共生学部 環境共生学科 食健康環境学専攻 
2328640110,大分県立看護科学大学 看護 看護,大分看護科学大 看護学部 看護学科 
2333640110,宮崎県立看護大学 看護 看護,宮崎県立看護大 看護学部 看護学科 
2335020110,宮崎公立大学 人文 国際文化,宮崎公立大 人文学部 国際文化学科 
2343640110,沖縄県立看護大学 看護 看護,沖縄県立看護大 看護学部 看護学科 
2344340111,名桜大学 国際 国際文化,名桜大 国際学部 国際文化学科 
2344340211,名桜大学 国際 国際観光産業,名桜大 国際学部 国際観光産業学科 
2344640110,名桜大学 人間健康 スポーツ健康,名桜大 人間健康学部 スポーツ健康学科 
2344640210,名桜大学 人間健康 看護,名桜大 人間健康学部 看護学科 
2344640311,名桜大学 人間健康 健康情報,名桜大 人間健康学部 健康情報学科 
2345830110,沖縄県立芸術大学 美術工芸 デザ／工芸,沖縄県立芸大 美術工芸学部 デザイン工芸学科 工芸専攻 
2345830210,沖縄県立芸術大学 美術工芸 デザ／デザイ,沖縄県立芸大 美術工芸学部 デザイン工芸学科 デザイン専攻 
2345830310,沖縄県立芸術大学 美術工芸 美術／絵画,沖縄県立芸大 美術工芸学部 美術学科 絵画専攻 
2345830410,沖縄県立芸術大学 美術工芸 美術／彫刻,沖縄県立芸大 美術工芸学部 美術学科 彫刻専攻 
2345830510,沖縄県立芸術大学 美術工芸 美術／芸術学,沖縄県立芸大 美術工芸学部 美術学科 芸術学専攻 
2345840410,沖縄県立芸術大学 音楽 音楽／琉球芸,沖縄県立芸大 音楽学部 音楽学科 琉球芸能専攻 
2345840710,沖縄県立芸術大学 音楽 音楽／音楽表,沖縄県立芸大 音楽学部 音楽学科 音楽表現専攻 
2345840810,沖縄県立芸術大学 音楽 音楽／音楽文,沖縄県立芸大 音楽学部 音楽学科 音楽文化専攻 
3002911501,札幌大学 地域共創 学群一括,札幌大札幌大学 地域共創 学群一括
3002911601,札幌大学 地域共創 経済学,札幌大 地域共創学群 経済学専攻 
3002911801,札幌大学 地域共創 経営学,札幌大 地域共創学群 経営学専攻 
3002911901,札幌大学 地域共創 法学,札幌大 地域共創学群 法学専攻 
3002912101,札幌大学 地域共創 英語,札幌大 地域共創学群 英語専攻 
3002912301,札幌大学 地域共創 歴史文化,札幌大 地域共創学群 歴史文化専攻 
3002912401,札幌大学 地域共創 日本語・日本,札幌大 地域共創学群 日本語・日本文化専攻 
3002912701,札幌大学 地域共創 スポーツ文化,札幌大 地域共創学群 スポーツ文化専攻 
3002912901,札幌大学 地域共創 リベラルアー,札幌大 地域共創学群 リベラルアーツ専攻 
3003020102,札幌学院大学 人文 英語英米文,札幌学院大 人文学部 英語英米文学科 
3003020202,札幌学院大学 人文 人間科学,札幌学院大 人文学部 人間科学科 
3003020401,札幌学院大学 人文 こども発達,札幌学院大 人文学部 こども発達学科 
3003030101,札幌学院大学 心理 臨床心理,札幌学院大 心理学部 臨床心理学科 
3003120102,札幌学院大学 法 法律,札幌学院大 法学部 法律学科 
3003210101,札幌学院大学 経済経営 経済,札幌学院大 経済経営学部 経済学科 
3003210201,札幌学院大学 経済経営 経営,札幌学院大 経済経営学部 経営学科 
3004020203,札幌国際大学 人文 心理／臨床心,札幌国際大 人文学部 心理学科 臨床心理専攻 
3004020401,札幌国際大学 人文 心理／子ども,札幌国際大 人文学部 心理学科 子ども心理専攻 
3004020501,札幌国際大学 人文 国際教養,札幌国際大 人文学部 国際教養学科 
3004280201,札幌国際大学 観光 観光ビジネス,札幌国際大 観光学部 観光ビジネス学科 
3004640101,札幌国際大学 スポーツ スポーツビジ,札幌国際大 スポーツ人間学部 スポーツビジネス学科 
3004640201,札幌国際大学 スポーツ スポーツ指導,札幌国際大 スポーツ人間学部 スポーツ指導学科 
3005190101,星槎道都大学 経営 経営,星槎道都大 経営学部 経営学科 
3005260102,星槎道都大学 社会福祉 社会福祉,星槎道都大 社会福祉学部 社会福祉学科 
3005830101,星槎道都大学 美術 建築,星槎道都大 美術学部 建築学科 
3005830202,星槎道都大学 美術 デザイン,星槎道都大 美術学部 デザイン学科 
3006200103,函館大学 商 商,函館大 商学部 商学科 
3007010102,藤女子大学 文 英語文化,藤女子大 文学部 英語文化学科 
3007010202,藤女子大学 文 日本語・日本,藤女子大 文学部 日本語・日本文学科 
3007010300,藤女子大学 文 文化総合,藤女子大 文学部 文化総合学科 
3007370101,藤女子大学 ウェルビ 地域創生,藤女子大藤女子大学 ウェルビ 地域創生
3007370201,藤女子大学 ウェルビ 食環境マネジ,藤女子大藤女子大学 ウェルビ 食環境マネジ
3007370301,藤女子大学 ウェルビ 子ども教育,藤女子大 ウェルビーイング学部 子ども教育学科 
3008010101,北星学園大学 文 英文,北星学園大 文学部 英文学科 
3008010401,北星学園大学 文 心理・応用コ,北星学園大 文学部 心理・応用コミュニケーション学科 
3008180101,北星学園大学 経済 経営情報,北星学園大 経済学部 経営情報学科 
3008180201,北星学園大学 経済 経済,北星学園大 経済学部 経済学科 
3008180301,北星学園大学 経済 経済法,北星学園大 経済学部 経済法学科 
3008260301,北星学園大学 社会福祉 心理,北星学園大 社会福祉学部 心理学科 
3008260401,北星学園大学 社会福祉 社会福祉,北星学園大 社会福祉学部 社会福祉学科 
3008330101,北星学園大学 国際 グローバルイ,北星学園大 国際学部 グローバル・イノベーション学科 
3009020102,北海学園大学 人文 英米文化,北海学園大 人文学部 英米文化学科 
3009020202,北海学園大学 人文 日本文化,北海学園大 人文学部 日本文化学科 
3009070101,北海学園大学 人文２ 英米文化,北海学園大 人文学部２部 英米文化学科 
3009070201,北海学園大学 人文２ 日本文化,北海学園大 人文学部２部 日本文化学科 
3009120000,北海学園大学 法 ,北海学園大 法学部 
3009170000,北海学園大学 法２ ,北海学園大 法学部２部 
3009180000,北海学園大学 経済 ,北海学園大 経済学部 
3009190102,北海学園大学 経営 経営,北海学園大 経営学部 経営学科 
3009190201,北海学園大学 経営 経営情報,北海学園大 経営学部 経営情報学科 
3009230101,北海学園大学 経営２ 経営,北海学園大 経営学部２部 経営学科 
3009240000,北海学園大学 経済２ ,北海学園大 経済学部２部 
3009460102,北海学園大学 工 建築,北海学園大 工学部 建築学科 
3009460202,北海学園大学 工 電子情報工,北海学園大 工学部 電子情報工学科 
3009461002,北海学園大学 工 社会／社会環,北海学園大 工学部 社会環境工学科 社会環境コース 
3009461102,北海学園大学 工 社会／環境情,北海学園大 工学部 社会環境工学科 環境情報コース 
3009461202,北海学園大学 工 生命工,北海学園大 工学部 生命工学科 
3010200000,北海商科大学 商 ,北海商大 商学部 
3011030101,北海道医療大学 心理科学 臨床心理,北海道医療大 心理科学部 臨床心理学科 
3011580101,北海道医療大学 歯 歯,北海道医療大 歯学部 歯学科 
3011610301,北海道医療大学 薬 薬,北海道医療大 薬学部 薬学科 
3011640301,北海道医療大学 看護福祉 看護,北海道医療大 看護福祉学部 看護学科 
3011640401,北海道医療大学 看護福祉 福祉マネジメ,北海道医療大 看護福祉学部 福祉マネジメント学科 
3011650101,北海道医療大学 リハビリ 理学療法,北海道医療大 リハビリテーション科学部 理学療法学科 
3011650201,北海道医療大学 リハビリ 作業療法,北海道医療大 リハビリテーション科学部 作業療法学科 
3011650301,北海道医療大学 リハビリ 言語聴覚療法,北海道医療大 リハビリテーション科学部 言語聴覚療法学科 
3011660101,北海道医療大学 医療技術 臨床検査,北海道医療大 医療技術学部 臨床検査学科 
3011670000,北海道医療大学 臨床デー ,北海道医療大 臨床データサイエンス学環 
3012370101,北海道科学大学 未来デザ 人間社会,北海道科学大北海道科学大学 未来デザ 人間社会
3012370201,北海道科学大学 未来デザ メディアデザ,北海道科学大 未来デザイン学部 メディアデザイン学科 
3012380101,北海道科学大学 情報科学 情報科学,北海道科学大 情報科学部 情報科学科 
3012460201,北海道科学大学 工 機械工,北海道科学大 工学部 機械工学科 
3012460703,北海道科学大学 工 電気電子工,北海道科学大 工学部 電気電子工学科 
3012461401,北海道科学大学 工 建築,北海道科学大 工学部 建築学科 
3012462201,北海道科学大学 工 都市環境,北海道科学大 工学部 都市環境学科 
3012610101,北海道科学大学 薬 薬,北海道科学大 薬学部 薬学科 
3012640101,北海道科学大学 保健医療 臨床工,北海道科学大 保健医療学部 臨床工学科 
3012640301,北海道科学大学 保健医療 診療放射線,北海道科学大 保健医療学部 診療放射線学科 
3012640401,北海道科学大学 保健医療 理学療法,北海道科学大 保健医療学部 理学療法学科 
3012640501,北海道科学大学 保健医療 看護,北海道科学大 保健医療学部 看護学科 
3013220201,北海道情報大学 医療情報 医療／医療情,北海道情報大北海道情報大学 医療情報 医療／医療情
3013220301,北海道情報大学 医療情報 医療／臨床工,北海道情報大北海道情報大学 医療情報 医療／臨床工
3013370101,北海道情報大学 情報メデ 情報メディア,北海道情報大 情報メディア学部 情報メディア学科 
3013380101,北海道情報大学 総合情報 経営情報,北海道情報大 総合情報学部 経営情報学科 
3013380201,北海道情報大学 総合情報 システム情報,北海道情報大 総合情報学部 システム情報学科 
3016760101,酪農学園大学 農食環境 循環農学類,酪農学園大 農食環境学群 循環農学類 
3016760201,酪農学園大学 農食環境 食と健康学類,酪農学園大 農食環境学群 食と健康学類 
3016760301,酪農学園大学 農食環境 環境共生学類,酪農学園大 農食環境学群 環境共生学類 
3016761101,酪農学園大学 農食環境 食と／管理栄,酪農学園大 農食環境学群 食と健康学類 管理栄養士コース 
3016761401,酪農学園大学 農食環境 農環境情報学,酪農学園大 農食環境学群 農環境情報学類 
3016770102,酪農学園大学 獣医 獣医学類,酪農学園大 獣医学群 獣医学類 
3016770201,酪農学園大学 獣医 獣医保健看護,酪農学園大 獣医学群 獣医保健看護学類 
3017310101,北翔大学 教育文化 教育,北翔大 教育文化学部 教育学科 
3017310201,北翔大学 教育文化 芸術,北翔大 教育文化学部 芸術学科 
3017310301,北翔大学 教育文化 心理カウンセ,北翔大 教育文化学部 心理カウンセリング学科 
3017640301,北翔大学 生涯スポ 生涯スポーツ,北翔大 生涯スポーツ学部 生涯スポーツ学科 
3018330301,北洋大学 国際文化 キャリア創造,北洋大 国際文化学部 キャリア創造学科 
3020640101,日本赤十字北海道看護大学 看護 看護,日赤北海道看大 看護学部 看護学科 
3021330101,北海道文教大学 国際 国際教養,北海道文教大 国際学部 国際教養学科 
3021330201,北海道文教大学 国際 国際コミュニ,北海道文教大 国際学部 国際コミュニケーション学科 
3021370101,北海道文教大学 人間科学 健康栄養,北海道文教大 人間科学部 健康栄養学科 
3021370502,北海道文教大学 人間科学 こども発達,北海道文教大 人間科学部 こども発達学科 
3021370602,北海道文教大学 人間科学 地域未来,北海道文教大 人間科学部 地域未来学科 
3021640101,北海道文教大学 医療保健 看護,北海道文教大 医療保健科学部 看護学科 
3021640201,北海道文教大学 医療保健 リハ／理学療,北海道文教大 医療保健科学部 リハビリテーション学科 理学療法学専攻 
3021640301,北海道文教大学 医療保健 リハ／作業療,北海道文教大 医療保健科学部 リハビリテーション学科 作業療法学専攻 
3022640101,天使大学 看護栄養 看護,天使大 看護栄養学部 看護学科 
3022640201,天使大学 看護栄養 栄養,天使大 看護栄養学部 栄養学科 
3023370101,育英館大学 情報メデ 情報メディア,育英館大 情報メディア学部 情報メディア学科 
3024250101,札幌大谷大学 社会 地域社会,札幌大谷大 札幌大谷大学 社会 地域社会
3024830271,札幌大谷大学 芸術 美術,札幌大谷大 芸術学部 美術学科 
3024830371,札幌大谷大学 芸術 音楽／ピアノ,札幌大谷大 芸術学部 音楽学科 ピアノコース 
3024830471,札幌大谷大学 芸術 音楽／声楽,札幌大谷大 芸術学部 音楽学科 声楽コース 
3024830571,札幌大谷大学 芸術 音楽／管弦打,札幌大谷大 芸術学部 音楽学科 管弦打楽コース 
3024830671,札幌大谷大学 芸術 音楽／作曲サ,札幌大谷大 芸術学部 音楽学科 作曲・サウンドクリエイションコース 
3024830771,札幌大谷大学 芸術 音楽／電子オ,札幌大谷大 芸術学部 音楽学科 電子オルガンコース 
3024830971,札幌大谷大学 芸術 音楽／音楽総,札幌大谷大 芸術学部 音楽学科 音楽総合コース 
3025640101,札幌保健医療大学 保健医療 看護,札幌保健医療大 保健医療学部 看護学科 
3025640201,札幌保健医療大学 保健医療 栄養,札幌保健医療大 保健医療学部 栄養学科 
3026370101,日本医療大学 ヒューマ 医療ＤＸマネ,日本医療大 ヒューマンデザイン学部 医療ＤＸマネジメント学科 
3026370201,日本医療大学 ヒューマ 共生社会デザ,日本医療大 ヒューマンデザイン学部 共生社会デザイン学科 
3026640101,日本医療大学 保健医療 看護,日本医療大 保健医療学部 看護学科 
3026640201,日本医療大学 保健医療 リハ／理学療,日本医療大 保健医療学部 リハビリテーション学科 理学療法学専攻 
3026640301,日本医療大学 保健医療 リハ／作業療,日本医療大 保健医療学部 リハビリテーション学科 作業療法学専攻 
3026640401,日本医療大学 保健医療 診療放射線,日本医療大 保健医療学部 診療放射線学科 
3026640501,日本医療大学 保健医療 臨床工,日本医療大 保健医療学部 臨床工学科 
3026640601,日本医療大学 保健医療 臨床検査,日本医療大 保健医療学部 臨床検査学科 
3027640102,北海道千歳リハビリテーション大学 健康科学 リハ／理学療,千歳リハビリ大 健康科学部 リハビリテーション学科 理学療法学専攻 
3027640202,北海道千歳リハビリテーション大学 健康科学 リハ／作業療,千歳リハビリ大 健康科学部 リハビリテーション学科 作業療法学専攻 
3028190101,北海道武蔵女子大学 経営 経営,北海道武蔵女大 経営学部 経営学科 
3041210101,青森大学 総合経営 経営,青森大 総合経営学部 経営学科 
3041470101,青森大学 ソフトウ ソフトウェア,青森大 ソフトウェア情報学部 ソフトウェア情報学科 
3041610101,青森大学 薬 薬,青森大 薬学部 薬学科 
3042790101,柴田学園大学 生活創生 健康栄養,柴田学園大 生活創生学部 健康栄養学科 
3042790200,柴田学園大学 生活創生 こども発達,柴田学園大 生活創生学部 こども発達学科 
3042790301,柴田学園大学 生活創生 フードマネジ,柴田学園大 生活創生学部 フードマネジメント学科 
3043270101,八戸学院大学 地域共創 地域共創,八戸学院大 地域共創学部 地域共創学科 
3043640102,八戸学院大学 人間健康 人間健康科学,八戸学院大 人間健康科学部 人間健康科学科 
3043650101,八戸学院大学 看護 看護,八戸学院大 看護学部 看護学科 
3044370102,八戸工業大学 感性デザ 感性デザイン,八戸工大八戸工業大学 感性デザ 感性デザイン
3044460901,八戸工業大学 工 工,八戸工大八戸工業大学 工 工
3045010100,弘前学院大学 文 英語・英米文,弘前学院大 文学部 英語文化・コミュニケーション学科 
3045010200,弘前学院大学 文 日本語・日本,弘前学院大 文学部 日本語・日本文学科 
3045260100,弘前学院大学 社会福祉 社会福祉,弘前学院大 社会福祉学部 社会福祉学科 
3045640101,弘前学院大学 看護 看護,弘前学院大 看護学部 看護学科 
3046210101,青森中央学院大学 経営法 経営法,青森中央学院大 経営法学部 経営法学科 
3046640101,青森中央学院大学 看護 看護,青森中央学院大 看護学部 看護学科 
3047640101,弘前医療福祉大学 保健 看護,弘前医療福祉大 保健学部 看護学科 
3047640201,弘前医療福祉大学 保健 医療／作業療,弘前医療福祉大 保健学部 医療技術学科 作業療法学専攻 
3047640301,弘前医療福祉大学 保健 医療／言語聴,弘前医療福祉大 保健学部 医療技術学科 言語聴覚学専攻 
3056550100,岩手医科大学 医 医,岩手医大 医学部 医学科 
3056580100,岩手医科大学 歯 歯,岩手医大 歯学部 歯学科 
3056610102,岩手医科大学 薬 薬,岩手医大 薬学部 薬学科 
3056640101,岩手医科大学 看護 看護,岩手医大 看護学部 看護学科 
3057180101,富士大学 経済 経済,富士大富士大学 経済 経済
3057180201,富士大学 経済 経営法,富士大富士大学 経済 経営法
3058010101,盛岡大学 文 英語文化,盛岡大 文学部 英語文化学科 
3058010301,盛岡大学 文 日本文,盛岡大 文学部 日本文学科 
3058010401,盛岡大学 文 社会文化,盛岡大 文学部 社会文化学科 
3058010501,盛岡大学 文 児童／児童教,盛岡大 文学部 児童教育学科 児童教育コース 
3058010601,盛岡大学 文 児童／保育幼,盛岡大 文学部 児童教育学科 保育・幼児教育コース 
3058790101,盛岡大学 栄養科学 栄養科学,盛岡大 栄養科学部 栄養科学科 
3059640101,岩手保健医療大学 看護 看護,岩手保健医療大 看護学部 看護学科 
3066190101,石巻専修大学 経営 経営,石巻専修大 経営学部 経営学科 
3066190201,石巻専修大学 経営 情報マネジメ,石巻専修大 石巻専修大学 経営 情報マネジメ
3066370101,石巻専修大学 人間 人間文化,石巻専修大 人間学部 人間文化学科 
3066370201,石巻専修大学 人間 人間教育,石巻専修大 人間学部 人間教育学科 
3066470101,石巻専修大学 理工 機械工,石巻専修大 石巻専修大学 理工 機械工
3066470401,石巻専修大学 理工 情報電子工,石巻専修大 石巻専修大学 理工 情報電子工
3066470601,石巻専修大学 理工 生物科学,石巻専修大 理工学部 生物科学科 
3067640100,仙台大学 体育 健康福祉,仙台大 体育学部 健康福祉学科 
3067640201,仙台大学 体育 体育,仙台大 体育学部 体育学科 
3067640300,仙台大学 体育 スポーツ栄養,仙台大 体育学部 スポーツ栄養学科 
3067640401,仙台大学 体育 スポーツ情報,仙台大 体育学部 スポーツ情報マスメディア学科 
3067640501,仙台大学 体育 現代武道,仙台大 体育学部 現代武道学科 
3067640602,仙台大学 体育 子ども運動教,仙台大 体育学部 子ども運動教育学科 
3068010101,東北学院大学 文 英文,東北学院大 文学部 英文学科 
3068010301,東北学院大学 文 歴史,東北学院大 文学部 歴史学科 
3068010403,東北学院大学 文 総合人文,東北学院大 文学部 総合人文学科 
3068010504,東北学院大学 文 教育,東北学院大 東北学院大学 文 教育
3068120101,東北学院大学 法 法律,東北学院大 法学部 法律学科 
3068180101,東北学院大学 経済 経済,東北学院大 経済学部 経済学科 
3068190103,東北学院大学 経営 経営,東北学院大 経営学部 経営学科 
3068330101,東北学院大学 国際 国際教養,東北学院大 国際学部 国際教養学科 
3068380101,東北学院大学 地域総合 地域コミュニ,東北学院大 地域総合学部 地域コミュニティ学科 
3068380201,東北学院大学 地域総合 政策デザイン,東北学院大 地域総合学部 政策デザイン学科 
3068390101,東北学院大学 情報 データサイエ,東北学院大 情報学部 データサイエンス学科 
3068400101,東北学院大学 人間科学 心理行動科学,東北学院大 人間科学部 心理行動科学科 
3068460301,東北学院大学 工 電気電子工,東北学院大 工学部 電気電子工学科 
3068460501,東北学院大学 工 機械知能工,東北学院大 工学部 機械知能工学科 
3068460701,東北学院大学 工 環境建設工,東北学院大 工学部 環境建設工学科 
3069460302,東北工業大学 工 情報通信工学,東北工大 工学部 情報通信工学課程 
3069460402,東北工業大学 工 電気電子工学,東北工大 工学部 電気電子工学課程 
3069460702,東北工業大学 工 都市工学,東北工大 工学部 都市工学課程 
3069460902,東北工業大学 工 環境応用化学,東北工大 工学部 環境応用化学課程 
3069470102,東北工業大学 建築 建築,東北工大 建築学部 建築学科 
3069790102,東北工業大学 ライフデ 産業デザイン,東北工大 ライフデザイン学部 産業デザイン学科 
3069790202,東北工業大学 ライフデ 生活デザイン,東北工大 ライフデザイン学部 生活デザイン学科 
3069790302,東北工業大学 ライフデ 経営デザイン,東北工大 ライフデザイン学部 経営デザイン学科 
3070790301,東北生活文化大学 家政 家政／服飾文,東北生活文化大 家政学部 家政学科 服飾文化専攻 
3070790401,東北生活文化大学 家政 家政／健康栄,東北生活文化大 家政学部 家政学科 健康栄養学専攻 
3070830101,東北生活文化大学 美術 美術表現,東北生活文化大 美術学部 美術表現学科 
3071270300,東北福祉大学 総合福祉 社会福祉,東北福祉大 総合福祉学部 社会福祉学科 
3071270400,東北福祉大学 総合福祉 福祉心理,東北福祉大 総合福祉学部 福祉心理学科 
3071270601,東北福祉大学 総合福祉 福祉行政,東北福祉大 総合福祉学部 福祉行政学科 
3071280101,東北福祉大学 共生まち 共生まちづく,東北福祉大 共生まちづくり学部 共生まちづくり学科 
3071300101,東北福祉大学 教育 教育／初等教,東北福祉大 教育学部 教育学科 初等教育専攻 
3071300201,東北福祉大学 教育 教育／中等教,東北福祉大 教育学部 教育学科 中等教育専攻 
3071640102,東北福祉大学 健康科学 保健看護,東北福祉大 健康科学部 保健看護学科 
3071640201,東北福祉大学 健康科学 リハ／作業療,東北福祉大 健康科学部 リハビリテーション学科 作業療法学専攻 
3071640301,東北福祉大学 健康科学 リハ／理学療,東北福祉大 健康科学部 リハビリテーション学科 理学療法学専攻 
3071640401,東北福祉大学 健康科学 医療経営管理,東北福祉大 健康科学部 医療経営管理学科 
3072550102,東北医科薬科大学 医 医,東北医薬大 医学部 医学科 
3072610301,東北医科薬科大学 薬 薬,東北医薬大 薬学部 薬学科 
3072610401,東北医科薬科大学 薬 生命薬科学,東北医薬大 薬学部 生命薬科学科 
3073030100,宮城学院女子大学 学芸 英語文化コミ,宮城学院女子大 学芸学部 英語文化コミュニケーション学科 
3073030201,宮城学院女子大学 学芸 音楽,宮城学院女子大 学芸学部 音楽科 
3073030500,宮城学院女子大学 学芸 日本文,宮城学院女子大 学芸学部 日本文学科 
3073030600,宮城学院女子大学 学芸 人間文化,宮城学院女子大 学芸学部 人間文化学科 
3073031301,宮城学院女子大学 学芸 心理行動科学,宮城学院女子大 学芸学部 心理行動科学科 
3073210101,宮城学院女子大学 現代ビジ 現代ビジネス,宮城学院女子大 現代ビジネス学部 現代ビジネス学科 
3073300101,宮城学院女子大学 教育 教育／幼児教,宮城学院女子大 教育学部 教育学科 幼児教育専攻 
3073300201,宮城学院女子大学 教育 教育／児童教,宮城学院女子大 教育学部 教育学科 児童教育専攻 
3073300301,宮城学院女子大学 教育 教育／健康教,宮城学院女子大 教育学部 教育学科 健康教育専攻 
3073790101,宮城学院女子大学 生活科学 食品栄養,宮城学院女子大 生活科学部 食品栄養学科 
3073790201,宮城学院女子大学 生活科学 生活文化デザ,宮城学院女子大 生活科学部 生活文化デザイン学科 
3074371001,仙台白百合女子大学 人間 健康栄養,仙台白百合女大 人間学部 健康栄養学科 
3074371301,仙台白百合女子大学 人間 グローバルス,仙台白百合女大 人間学部 グローバル・スタディーズ学科 
3074371401,仙台白百合女子大学 人間 心理福祉,仙台白百合女大 人間学部 心理福祉学科 
3074371501,仙台白百合女子大学 人間 子ども教育,仙台白百合女大 人間学部 子ども教育学科 
3075210101,東北文化学園大学 経営法 経営法,東北文化学園大 経営法学部 経営法学科 
3075270101,東北文化学園大学 現代社会 現代社会,東北文化学園大 現代社会学部 現代社会学科 
3075460101,東北文化学園大学 工 知能情報シス,東北文化学園大 工学部 知能情報システム学科 
3075460201,東北文化学園大学 工 建築環境,東北文化学園大 工学部 建築環境学科 
3075460301,東北文化学園大学 工 臨床工,東北文化学園大 工学部 臨床工学科 
3075640100,東北文化学園大学 医療福祉 リハ／理学療,東北文化学園大 医療福祉学部 リハビリテーション学科 理学療法学専攻 
3075640200,東北文化学園大学 医療福祉 リハ／作業療,東北文化学園大 医療福祉学部 リハビリテーション学科 作業療法学専攻 
3075640601,東北文化学園大学 医療福祉 リハ／視覚機,東北文化学園大 医療福祉学部 リハビリテーション学科 視覚機能学専攻 
3075640701,東北文化学園大学 医療福祉 リハ／言語聴,東北文化学園大 医療福祉学部 リハビリテーション学科 言語聴覚学専攻 
3075640801,東北文化学園大学 医療福祉 看護,東北文化学園大 医療福祉学部 看護学科 
3076030101,尚絅学院大学 心理教育 心理学類,尚絅学院大 心理・教育学群 心理学類 
3076030201,尚絅学院大学 心理教育 子ども学類,尚絅学院大 心理・教育学群 子ども学類 
3076030301,尚絅学院大学 心理教育 学校教育学類,尚絅学院大 心理・教育学群 学校教育学類 
3076270101,尚絅学院大学 人文社会 人文社会学類,尚絅学院大 人文社会学群 人文社会学類 
3076640101,尚絅学院大学 健康栄養 健康栄養学類,尚絅学院大 健康栄養学群 健康栄養学類 
3077640101,仙台青葉学院大学 看護 看護,仙台青葉学院大 看護学部 看護学科 
3077650101,仙台青葉学院大学 リハビリ リハ／理学療,仙台青葉学院大 リハビリテーション学部 リハビリテーション学科 理学療法学専攻 
3077650201,仙台青葉学院大学 リハビリ リハ／作業療,仙台青葉学院大 リハビリテーション学部 リハビリテーション学科 作業療法学専攻 
3081130000,ノースアジア大学 総合政策 ,ノースアジア大 総合政策学部 
3081180301,ノースアジア大学 経済 経済,ノースアジア大 経済学部 経済学科 
3082640101,秋田看護福祉大学 看護福祉 看護,秋田看護福祉大 看護福祉学部 看護学科 
3082640202,秋田看護福祉大学 看護福祉 医療福祉,秋田看護福祉大 看護福祉学部 医療福祉学科 
3083640101,日本赤十字東北看護大学 看護 看護,日赤東北看護大 看護学部 看護学科 
3090470100,東北芸術工科大学 デザイン 建築・環境デ,東北芸術工大 デザイン工学部 建築・環境デザイン学科 
3090470300,東北芸術工科大学 デザイン プロダクトデ,東北芸術工大 デザイン工学部 プロダクトデザイン学科 
3090471301,東北芸術工科大学 デザイン グラ／グラフ,東北芸術工大 デザイン工学部 グラフィックデザイン学科 グラフィックデザインコース 
3090471401,東北芸術工科大学 デザイン グラ／イラス,東北芸術工大 デザイン工学部 グラフィックデザイン学科 イラストレーションコース 
3090471501,東北芸術工科大学 デザイン 映像／キャラ,東北芸術工大 デザイン工学部 映像学科 キャラクター・ゲームコース 
3090471601,東北芸術工科大学 デザイン 映像／ＣＧア,東北芸術工大 デザイン工学部 映像学科 ＣＧ・アニメーションコース 
3090471701,東北芸術工科大学 デザイン 映像／映像ク,東北芸術工大 デザイン工学部 映像学科 映像クリエイションコース 
3090471801,東北芸術工科大学 デザイン 企画／企画構,東北芸術工大 デザイン工学部 企画構想学科 企画構想コース 
3090471901,東北芸術工科大学 デザイン 企画／地域デ,東北芸術工大 デザイン工学部 企画構想学科 地域デザインコース 
3090472001,東北芸術工科大学 デザイン 企画／食文化,東北芸術工大 デザイン工学部 企画構想学科 食文化デザインコース 
3090830701,東北芸術工科大学 芸術 美術／彫刻キ,東北芸術工大 芸術学部 美術科 彫刻・キャラクター造形コース 
3090830901,東北芸術工科大学 芸術 美術／日本画,東北芸術工大 芸術学部 美術科 日本画コース 
3090831001,東北芸術工科大学 芸術 美術／洋画,東北芸術工大 芸術学部 美術科 洋画コース 
3090831101,東北芸術工科大学 芸術 美術／総合美,東北芸術工大 芸術学部 美術科 総合美術コース 
3090831201,東北芸術工科大学 芸術 美術／グラフ,東北芸術工大 芸術学部 美術科 グラフィックアーツコース 
3090831401,東北芸術工科大学 芸術 文芸,東北芸術工大 芸術学部 文芸学科 
3090831501,東北芸術工科大学 芸術 工芸デザイン,東北芸術工大 芸術学部 工芸デザイン学科 
3090831601,東北芸術工科大学 芸術 歴史／歴史遺,東北芸術工大 芸術学部 歴史遺産学科 歴史遺産コース 
3090831701,東北芸術工科大学 芸術 歴史／文化財,東北芸術工大 芸術学部 歴史遺産学科 文化財保存修復コース 
3091210100,東北公益文科大学 公益 公益,東北公益文科大東北公益文科大学 公益 公益
3091330101,東北公益文科大学 国際 国際コミュニ,東北公益文科大東北公益文科大学 国際 国際コミュニ
3092370101,東北文教大学 人間科学 子ども教育,東北文教大 人間科学部 子ども教育学科 
3092370201,東北文教大学 人間科学 人間関係,東北文教大 人間科学部 人間関係学科 
3098660101,医療創生大学 国際看護 看護,医療創生大 国際看護学部 看護学科 
3098670101,医療創生大学 総合医療 理学療法,医療創生大 総合医療学部 理学療法学科 
3098670201,医療創生大学 総合医療 看護,医療創生大 総合医療学部 看護学科 
3098670301,医療創生大学 総合医療 心理,医療創生大 総合医療学部 心理学科 
3098670401,医療創生大学 総合医療 作業療法,医療創生大 総合医療学部 作業療法学科 
3099580100,奥羽大学 歯 歯,奥羽大 歯学部 歯学科 
3099610101,奥羽大学 薬 薬,奥羽大 薬学部 薬学科 
3100790103,郡山女子大学 生活科学 食物栄養,郡山女子大 生活科学部 食物栄養学科 
3100790603,郡山女子大学 生活科学 生活／建築デ,郡山女子大 生活科学部 生活科学科 建築デザイン専攻 
3100790701,郡山女子大学 生活科学 生活／社会福,郡山女子大 生活科学部 生活科学科 社会福祉専攻 
3101210101,東日本国際大学 経済経営 経済経営,東日本国際大 経済経営学部 経済経営学科 
3101640101,東日本国際大学 健康福祉 社会福祉,東日本国際大 健康福祉学部 社会福祉学科 
3102210101,福島学院大学 マネジメ 地域マネジメ,福島学院大 マネジメント学部 地域マネジメント学科 
3102270100,福島学院大学 福祉 福祉心理,福島学院大 福祉学部 福祉心理学科 
3102270501,福島学院大学 福祉 こども,福島学院大 福祉学部 こども学科 
3106010100,茨城キリスト教大学 文 現代英語,茨城キリスト大 文学部 現代英語学科 
3106010400,茨城キリスト教大学 文 文化交流,茨城キリスト大 文学部 文化交流学科 
3106010501,茨城キリスト教大学 文 児童／児童教,茨城キリスト大 文学部 児童教育学科 児童教育コース 
3106010601,茨城キリスト教大学 文 児童／幼児保,茨城キリスト大 文学部 児童教育学科 幼児保育コース 
3106190101,茨城キリスト教大学 経営 経営,茨城キリスト大 経営学部 経営学科 
3106640101,茨城キリスト教大学 看護 看護,茨城キリスト大 看護学部 看護学科 
3106790100,茨城キリスト教大学 生活科学 心理福祉,茨城キリスト大 生活科学部 心理福祉学科 
3106790200,茨城キリスト教大学 生活科学 食物健康科学,茨城キリスト大 生活科学部 食物健康科学科 
3106880000,茨城キリスト教大学 未来教養 ,茨城キリスト大 未来教養学環 
3107640101,つくば国際大学 医療保健 理学療法,つくば国際大 医療保健学部 理学療法学科 
3107640201,つくば国際大学 医療保健 看護,つくば国際大 医療保健学部 看護学科 
3107640301,つくば国際大学 医療保健 保健栄養,つくば国際大 医療保健学部 保健栄養学科 
3107640401,つくば国際大学 医療保健 診療放射線,つくば国際大 医療保健学部 診療放射線学科 
3107640501,つくば国際大学 医療保健 臨床検査,つくば国際大 医療保健学部 臨床検査学科 
3107640601,つくば国際大学 医療保健 医療技術,つくば国際大 医療保健学部 医療技術学科 
3108130101,常磐大学 総合政策 経営,常磐大 総合政策学部 経営学科 
3108130201,常磐大学 総合政策 法律行政,常磐大 総合政策学部 法律行政学科 
3108130301,常磐大学 総合政策 総合政策,常磐大 総合政策学部 総合政策学科 
3108370101,常磐大学 人間科学 コミュニケー,常磐大 人間科学部 コミュニケーション学科 
3108370601,常磐大学 人間科学 現代社会,常磐大 人間科学部 現代社会学科 
3108370801,常磐大学 人間科学 心理,常磐大 人間科学部 心理学科 
3108371001,常磐大学 人間科学 健康栄養,常磐大 人間科学部 健康栄養学科 
3108371101,常磐大学 人間科学 教育／初等教,常磐大 人間科学部 教育学科 初等教育コース 
3108371201,常磐大学 人間科学 教育／中等教,常磐大 人間科学部 教育学科 中等教育コース 
3108640101,常磐大学 看護 看護,常磐大 看護学部 看護学科 
3109120102,流通経済大学 法 法律,流通経済大 法学部 法律学科 
3109120202,流通経済大学 法 自治行政,流通経済大 法学部 自治行政学科 
3109180101,流通経済大学 経済 経営,流通経済大 経済学部 経営学科 
3109180201,流通経済大学 経済 経済,流通経済大 経済学部 経済学科 
3109210101,流通経済大学 流通情報 流通情報,流通経済大 流通情報学部 流通情報学科 
3109270101,流通経済大学 共創社会 国際文化ツー,流通経済大 共創社会学部 国際文化ツーリズム学科 
3109270201,流通経済大学 共創社会 地域人間科学,流通経済大 共創社会学部 地域人間科学科 
3109640101,流通経済大学 スポーツ スポーツ健康,流通経済大 スポーツ健康科学部 スポーツ健康科学科 
3109640201,流通経済大学 スポーツ スポーツコミ,流通経済大 スポーツ健康科学部 スポーツコミュニケーション学科 
3110210101,日本国際学園大学 経営情報 ビジネスデザ,日本国際学園大 経営情報学部 ビジネスデザイン学科 
3112640101,日本ウェルネススポーツ大学 スポーツ スポーツプロ,ウェルネス大 スポーツプロモーション学部 スポーツプロモーション学科 
3113640101,アール医療専門職大学 リハビリ 理学療法,アール医療職大 リハビリテーション学部 理学療法学科 
3113640201,アール医療専門職大学 リハビリ 作業療法,アール医療職大 リハビリテーション学部 作業療法学科 
3119461201,足利大学 工 創生／機械,足利大 工学部 創生工学科 機械・エネルギー分野 
3119461301,足利大学 工 創生／電気電,足利大 工 創生／電気電 '09 0
3119461401,足利大学 工 創生／システ,足利大 工 創生／システ '09 0
3119461501,足利大学 工 創生／建築土,足利大 工学部 創生工学科 建築・都市デザイン分野 
3119461601,足利大学 工 創生／ライフ,足利大 工学部 創生工学科 ライフデザイン分野 
3119640101,足利大学 看護 看護,足利大 看護学部 看護学科 
3120550101,国際医療福祉大学 医 医,国際医療福祉大 医学部 医学科 
3120610101,国際医療福祉大学 薬 薬,国際医療福祉大 薬学部 薬学科 
3120620101,国際医療福祉大学 福岡薬 薬,国際医療福祉大 福岡薬学部 薬学科 
3120630101,国際医療福祉大学 成田薬 薬,国際医療福祉大 成田薬学部 薬学科 
3120640101,国際医療福祉大学 保健医療 看護,国際医療福祉大 保健医療学部 看護学科 
3120640201,国際医療福祉大学 保健医療 言語聴覚,国際医療福祉大 保健医療学部 言語聴覚学科 
3120640301,国際医療福祉大学 保健医療 作業療法,国際医療福祉大 保健医療学部 作業療法学科 
3120640401,国際医療福祉大学 保健医療 放射線・情報,国際医療福祉大 保健医療学部 放射線・情報科学科 
3120640501,国際医療福祉大学 保健医療 理学療法,国際医療福祉大 保健医療学部 理学療法学科 
3120640601,国際医療福祉大学 保健医療 視機能療法,国際医療福祉大 保健医療学部 視機能療法学科 
3120640701,国際医療福祉大学 保健医療 医学検査,国際医療福祉大 保健医療学部 医学検査学科 
3120650301,国際医療福祉大学 医療福祉 医療福祉・マ,国際医療福祉大 医療福祉学部 医療福祉・マネジメント学科 
3120660101,国際医療福祉大学 福岡保健 理学療法,国際医療福祉大 福岡保健医療学部 理学療法学科 
3120660201,国際医療福祉大学 福岡保健 作業療法,国際医療福祉大 福岡保健医療学部 作業療法学科 
3120660401,国際医療福祉大学 福岡保健 医学検査,国際医療福祉大 福岡保健医療学部 医学検査学科 
3120660501,国際医療福祉大学 福岡保健 看護,国際医療福祉大 福岡保健医療学部 看護学科 
3120670101,国際医療福祉大学 小田原保 看護,国際医療福祉大 小田原保健医療学部 看護学科 
3120670201,国際医療福祉大学 小田原保 理学療法,国際医療福祉大 小田原保健医療学部 理学療法学科 
3120670301,国際医療福祉大学 小田原保 作業療法,国際医療福祉大 小田原保健医療学部 作業療法学科 
3120690101,国際医療福祉大学 成田看護 看護,国際医療福祉大 成田看護学部 看護学科 
3120700101,国際医療福祉大学 成田保健 理学療法,国際医療福祉大 成田保健医療学部 理学療法学科 
3120700201,国際医療福祉大学 成田保健 作業療法,国際医療福祉大 成田保健医療学部 作業療法学科 
3120700301,国際医療福祉大学 成田保健 言語聴覚,国際医療福祉大 成田保健医療学部 言語聴覚学科 
3120700401,国際医療福祉大学 成田保健 医学検査,国際医療福祉大 成田保健医療学部 医学検査学科 
3120700501,国際医療福祉大学 成田保健 放射線・情報,国際医療福祉大 成田保健医療学部 放射線・情報科学科 
3120710101,国際医療福祉大学 赤坂心理 心理,国際医療福祉大 赤坂心理・医療福祉マネジメント学部 心理学科 
3120710201,国際医療福祉大学 赤坂心理 医療マネジメ,国際医療福祉大 赤坂心理・医療福祉マネジメント学部 医療マネジメント学科 
3121190101,作新学院大学 経営 経営,作新学院大 経営学部 経営学科 
3121190201,作新学院大学 経営 スポーツマネ,作新学院大 経営学部 スポーツマネジメント学科 
3121370201,作新学院大学 人間文化 発達教育,作新学院大 人間文化学部 発達教育学科 
3121370301,作新学院大学 人間文化 心理コミュニ,作新学院大 人間文化学部 心理コミュニケーション学科 
3122550100,自治医科大学 医 医,自治医大 医学部 医学科 
3122640000,自治医科大学 看護 ,自治医大 看護学部 
3123550101,獨協医科大学 医 医,獨協医大 医学部 医学科 
3123640101,獨協医科大学 看護 看護,獨協医大 看護学部 看護学科 
3124120101,白鴎大学 法 法律,白鴎大 法学部 法律学科 
3124190101,白鴎大学 経営 経営,白鴎大 経営学部 経営学科 
3124300102,白鴎大学 教育 発達／児童教,白鴎大 教育学部 発達科学科 児童教育専攻 
3124300202,白鴎大学 教育 発達／スポー,白鴎大 教育学部 発達科学科 スポーツ健康専攻 
3124300302,白鴎大学 教育 発達／英語教,白鴎大 教育学部 発達科学科 英語教育専攻 
3124300402,白鴎大学 教育 発達／心理学,白鴎大 教育学部 発達科学科 心理学専攻 
3125370101,宇都宮共和大学 シティラ シティライフ,宇都宮共和大 シティライフ学部 シティライフ学科 
3125790101,宇都宮共和大学 子ども生 子ども生活,宇都宮共和大 子ども生活学部 子ども生活学科 
3126830100,文星芸術大学 美術 美術,文星芸大 美術学部 美術学科 
3132180102,関東学園大学 経済 経営,関東学園大 経済学部 経営学科 
3132180202,関東学園大学 経済 経済,関東学園大 経済学部 経済学科 
3133220601,上武大学 ビジネス スポ／柔道整,上武大 ビジネス情報学部 スポーツ健康マネジメント学科 柔道整復師コース 
3133220701,上武大学 ビジネス 国際ビジネス,上武大 ビジネス情報学部 国際ビジネス学科 
3133221001,上武大学 ビジネス スポ／救急救,上武大 ビジネス情報学部 スポーツ健康マネジメント学科 救急救命士コース 
3133221101,上武大学 ビジネス スポ／マネト,上武大 ビジネス情報学部 スポーツ健康マネジメント学科 スポーツマネジメント・トレーナーコース 
3133640102,上武大学 看護 看護,上武大 看護学部 看護学科 
3134270207,共愛学園前橋国際大学 国際社会 国際／地域児,共愛前橋国際大 国際社会学部 国際社会学科 地域児童教育専攻 
3134270304,共愛学園前橋国際大学 国際社会 国際／国際社,共愛前橋国際大 国際社会学部 国際社会学科 国際社会専攻 
3134370101,共愛学園前橋国際大学 デジタル デジタル共創,共愛前橋国際大 デジタル共創学部 デジタル共創学科 
3135030102,東京福祉大学 心理 心理,東京福祉大 東京福祉大学 心理 心理
3135260401,東京福祉大学 社会福祉 社会福祉,東京福祉大 東京福祉大学 社会福祉 社会福祉
3135300102,東京福祉大学 教育 教育,東京福祉大 東京福祉大学 教育 教育
3135790101,東京福祉大学 保育児童 保育児童,東京福祉大 東京福祉大学 保育児童 保育児童
3136610101,高崎健康福祉大学 薬 薬,高崎健康福祉大 薬学部 薬学科 
3136640101,高崎健康福祉大学 健康福祉 医療情報,高崎健康福祉大 健康福祉学部 医療情報学科 
3136640201,高崎健康福祉大学 健康福祉 社会福祉,高崎健康福祉大 健康福祉学部 社会福祉学科 
3136640301,高崎健康福祉大学 健康福祉 健康栄養,高崎健康福祉大 健康福祉学部 健康栄養学科 
3136660101,高崎健康福祉大学 保健医療 看護,高崎健康福祉大 保健医療学部 看護学科 
3136660201,高崎健康福祉大学 保健医療 理学療法,高崎健康福祉大 保健医療学部 理学療法学科 
3136720101,高崎健康福祉大学 農 生物生産,高崎健康福祉大 農学部 生物生産学科 
3136790101,高崎健康福祉大学 人間発達 子ども教育,高崎健康福祉大 人間発達学部 子ども教育学科 
3136790201,高崎健康福祉大学 人間発達 心理,高崎健康福祉大 人間発達学部 心理学科 
3137200201,高崎商科大学 商 経営,高崎商大 商学部 経営学科 
3137200301,高崎商科大学 商 会計,高崎商大 商学部 会計学科 
3138260101,群馬医療福祉大学 社会福祉 社会／社会福,群馬医療福祉大 社会福祉学部 社会福祉学科 社会福祉コース・心理福祉コース 
3138260201,群馬医療福祉大学 社会福祉 社会／子ども,群馬医療福祉大 社会福祉学部 社会福祉学科 子ども福祉コース 
3138640101,群馬医療福祉大学 看護 看護,群馬医療福祉大 看護学部 看護学科 
3138650101,群馬医療福祉大学 リハビリ リハ／理学療,群馬医療福祉大 リハビリテーション学部 リハビリテーション学科 理学療法専攻 
3138650201,群馬医療福祉大学 リハビリ リハ／作業療,群馬医療福祉大 リハビリテーション学部 リハビリテーション学科 作業療法専攻 
3138660101,群馬医療福祉大学 医療技術 医療／臨床検,群馬医療福祉大 医療技術学部 医療技術学科 臨床検査学専攻 
3138660201,群馬医療福祉大学 医療技術 医療／臨床工,群馬医療福祉大 医療技術学部 医療技術学科 臨床工学専攻 
3140640301,群馬パース大学 医療技術 検査技術,群馬パース大 医療技術学部 検査技術学科 
3140640401,群馬パース大学 医療技術 放射線,群馬パース大 医療技術学部 放射線学科 
3140640501,群馬パース大学 医療技術 臨床工,群馬パース大 医療技術学部 臨床工学科 
3140650101,群馬パース大学 リハビリ 理学療法,群馬パース大 リハビリテーション学部 理学療法学科 
3140650201,群馬パース大学 リハビリ 作業療法,群馬パース大 リハビリテーション学部 作業療法学科 
3140650301,群馬パース大学 リハビリ 言語聴覚,群馬パース大 リハビリテーション学部 言語聴覚学科 
3140660101,群馬パース大学 看護 看護,群馬パース大 看護学部 看護学科 
3141640101,ぐんま未来大学 医療保健 看護,ぐんま未来大 医療保健学部 看護学科 
3141640201,ぐんま未来大学 医療保健 栄養,ぐんま未来大 医療保健学部 栄養学科 
3142300101,育英大学 教育 教育／児童教,育英大 教育学部 教育学科 児童教育専攻 
3142300201,育英大学 教育 教育／スポー,育英大 教育学部 教育学科 スポーツ教育専攻 
3142300301,育英大学 教育 教育／英語,育英大 教育学部 教育学科 英語教育専攻 
3143640101,太田医療科学大学 健康科学 リハ／理学療,太田医療科学大 健康科学部 リハビリテーション学科 理学療法学専攻 
3143640201,太田医療科学大学 健康科学 リハ／作業療,太田医療科学大 健康科学部 リハビリテーション学科 作業療法学専攻 
3147010602,跡見学園女子大学 文 人文,跡見学園女子大 文学部 人文学科 
3147010802,跡見学園女子大学 文 現代文化表現,跡見学園女子大 文学部 現代文化表現学科 
3147030101,跡見学園女子大学 心理 臨床心理,跡見学園女子大 心理学部 臨床心理学科 
3147210102,跡見学園女子大学 マネジメ マネジメント,跡見学園女子大 マネジメント学部 マネジメント学科 
3147270101,跡見学園女子大学 観光コミ 観光デザイン,跡見学園女子大 観光コミュニティ学部 観光デザイン学科 
3148550100,埼玉医科大学 医 医,埼玉医大 医学部 医学科 
3148640101,埼玉医科大学 保健医療 看護,埼玉医大 保健医療学部 看護学科 
3148640201,埼玉医科大学 保健医療 臨床検査,埼玉医大 保健医療学部 臨床検査学科 
3148640301,埼玉医科大学 保健医療 臨床工,埼玉医大 保健医療学部 臨床工学科 
3148640401,埼玉医科大学 保健医療 理学療法,埼玉医大 保健医療学部 理学療法学科 
3149270301,埼玉工業大学 人間社会 情報／ＩＴ経,埼玉工大 人間社会 情報／ＩＴ経 '11 0
3149270401,埼玉工業大学 人間社会 情報／メディ,埼玉工大 人間社会 情報／メディ '11 0
3149270501,埼玉工業大学 人間社会 心理／ビジネ,埼玉工大 人間社会 心理／ビジネ '11 0
3149270601,埼玉工業大学 人間社会 心理／臨床心,埼玉工大 人間社会 心理／臨床心 '11 0
3149460801,埼玉工業大学 工 機械／機械工,埼玉工大 工 機械／機械工 '11 0
3149461101,埼玉工業大学 工 生命／応用化,埼玉工大 工 生命／応用化 '11 0
3149461201,埼玉工業大学 工 情報／ＩＴ,埼玉工大 工 情報／ＩＴ '11 0
3149461301,埼玉工業大学 工 情報／電気電,埼玉工大 工 情報／電気電 '11 0
3149461401,埼玉工業大学 工 情報／ＡＩ,埼玉工大 工 情報／ＡＩ '11 0
3149461501,埼玉工業大学 工 総合工学系,埼玉工大 工学部 総合工学系 
3149461601,埼玉工業大学 工 機械／ＩＴ応,埼玉工大 工 機械／ＩＴ応 '11 0
3149461701,埼玉工業大学 工 機械／ＡＩロ,埼玉工大 工 機械／ＡＩロ '11 0
3149461801,埼玉工業大学 工 生命／バイオ,埼玉工大 工 生命／バイオ '11 0
3149461901,埼玉工業大学 工 生命／環境ク,埼玉工大 工 生命／環境ク '11 0
3149462001,埼玉工業大学 工 情報／自動運,埼玉工大 工 情報／自動運 '11 0
3150130101,城西大学 総合政策 総合政策,城西大 総合政策学部 総合政策学科 
3150180201,城西大学 経済 経済,城西大 経済学部 経済学科 
3150190101,城西大学 経営 マネジメント,城西大 経営学部 マネジメント総合学科 
3150420101,城西大学 理 化学・生命科,城西大 理学部 化学・生命科学科 
3150420301,城西大学 理 数学,城西大 理学部 数学科 
3150420501,城西大学 理 情報数理,城西大 理学部 情報数理学科 
3150610201,城西大学 薬 薬,城西大 薬学部 薬学科 
3150610301,城西大学 薬 医療栄養,城西大 薬学部 医療栄養学科 
3150610401,城西大学 薬 薬科学,城西大 薬学部 薬科学科 
3151050103,駿河台大学 心理 心理,駿河台大 心理学部 心理学科 
3151120101,駿河台大学 法 法律,駿河台大 法学部 法律学科 
3151210103,駿河台大学 経済経営 経済経営,駿河台大 経済経営学部 経済経営学科 
3151370103,駿河台大学 メディア メディア情報,駿河台大 メディア情報学部 メディア情報学科 
3151650103,駿河台大学 スポーツ スポーツ科学,駿河台大 スポーツ科学部 スポーツ科学科 
3152020100,聖学院大学 人文 国際文化,聖学院大 人文学部 国際文化学科 
3152020201,聖学院大学 人文 子ども教育,聖学院大 人文学部 子ども教育学科 
3152020300,聖学院大学 人文 日本文化,聖学院大 人文学部 日本文化学科 
3152030101,聖学院大学 心理福祉 心理福祉,聖学院大 心理福祉学部 心理福祉学科 
3152130100,聖学院大学 政治経済 政治経済,聖学院大 政治経済学部 政治経済学科 
3153180301,東京国際大学 経済 経済／現代経,東京国際大 経済学部 経済学科 現代経済専攻 
3153180401,東京国際大学 経済 経済／ビジネ,東京国際大 経済学部 経済学科 ビジネスエコノミクス専攻 
3153200201,東京国際大学 商 マーケティン,東京国際大 商学部 マーケティング学科 
3153200501,東京国際大学 商 経営,東京国際大 商学部 経営学科 
3153270201,東京国際大学 人間社会 福祉心理,東京国際大 人間社会学部 心理カウンセリング学科 
3153270301,東京国際大学 人間社会 人間スポーツ,東京国際大 人間社会学部 人間スポーツ学科 
3153270401,東京国際大学 人間社会 スポーツ科学,東京国際大 人間社会学部 スポーツ科学科 
3153330101,東京国際大学 国際関係 国際関係,東京国際大 国際関係学部 国際関係学科 
3153330201,東京国際大学 国際関係 国際メディア,東京国際大 国際関係学部 国際メディア学科 
3153380101,東京国際大学 言語コミ 英語コミュニ,東京国際大 言語コミュニケーション学部 英語コミュニケーション学科 
3153640101,東京国際大学 医療健康 理学療法,東京国際大 医療健康学部 理学療法学科 
3154830100,東邦音楽大学 音楽 音楽,東邦音大 音楽学部 音楽学科 
3155080104,獨協大学 外国語 英語,獨協大 外国語学部 英語学科 
3155080203,獨協大学 外国語 ドイツ語,獨協大 外国語学部 ドイツ語学科 
3155080303,獨協大学 外国語 フランス語,獨協大 外国語学部 フランス語学科 
3155080502,獨協大学 外国語 交流文化,獨協大 外国語学部 交流文化学科 
3155120104,獨協大学 法 法律,獨協大 法学部 法律学科 
3155120204,獨協大学 法 国際関係法,獨協大 法学部 国際関係法学科 
3155120301,獨協大学 法 総合政策,獨協大 法学部 総合政策学科 
3155180104,獨協大学 経済 経営,獨協大 経済学部 経営学科 
3155180204,獨協大学 経済 経済,獨協大 経済学部 経済学科 
3155180301,獨協大学 経済 国際環境経済,獨協大 経済学部 国際環境経済学科 
3155370101,獨協大学 国際教養 言語文化,獨協大 国際教養学部 言語文化学科 
3156470101,日本工業大学 基幹工 機械工,日本工大 基幹工学部 機械工学科 
3156470201,日本工業大学 基幹工 電気情報工,日本工大 基幹工学部 電気情報工学科 
3156470301,日本工業大学 基幹工 環境生命化,日本工大 基幹工学部 環境生命化学科 
3156480101,日本工業大学 先進工 ロボティクス,日本工大 先進工学部 ロボティクス学科 
3156480201,日本工業大学 先進工 情報メディア,日本工大 先進工学部 情報メディア工学科 
3156480301,日本工業大学 先進工 データサイエ,日本工大 先進工学部 データサイエンス学科 
3156490101,日本工業大学 建築 建築／建築,日本工大 建築学部 建築学科 建築コース 
3156490201,日本工業大学 建築 建築／生活環,日本工大 建築学部 建築学科 生活環境デザインコース 
3157010101,文教大学 文 英米語英米文,文教大 文学部 英米語英米文学科 
3157010201,文教大学 文 中国語中国文,文教大 文学部 中国語中国文学科 
3157010301,文教大学 文 日本語日本文,文教大 文学部 日本語日本文学科 
3157010402,文教大学 文 外国語,文教大 文学部 外国語学科 
3157190101,文教大学 経営 経営,文教大 経営学部 経営学科 
3157300101,文教大学 教育 学校／音楽,文教大 教育学部 学校教育課程 音楽専修 
3157300201,文教大学 教育 学校／家庭,文教大 教育学部 学校教育課程 家庭専修 
3157300301,文教大学 教育 学校／国語,文教大 教育学部 学校教育課程 国語専修 
3157300401,文教大学 教育 学校／社会,文教大 教育学部 学校教育課程 社会専修 
3157300501,文教大学 教育 学校／数学,文教大 教育学部 学校教育課程 数学専修 
3157300601,文教大学 教育 学校／体育,文教大 教育学部 学校教育課程 体育専修 
3157300801,文教大学 教育 学校／美術,文教大 教育学部 学校教育課程 美術専修 
3157300901,文教大学 教育 学校／理科,文教大 教育学部 学校教育課程 理科専修 
3157301601,文教大学 教育 学校／英語,文教大 教育学部 学校教育課程 英語専修 
3157301701,文教大学 教育 発達／特別支,文教大 教育学部 発達教育課程 特別支援教育専修 
3157301801,文教大学 教育 発達／初等連,文教大 教育学部 発達教育課程 初等連携教育専修 
3157301901,文教大学 教育 発達／児童心,文教大 教育学部 発達教育課程 児童心理教育専修 
3157302001,文教大学 教育 発達／幼児心,文教大 教育学部 発達教育課程 幼児心理教育専修 
3157330201,文教大学 国際 国際理解,文教大 国際学部 国際理解学科 
3157330301,文教大学 国際 国際観光,文教大 国際学部 国際観光学科 
3157370101,文教大学 人間科学 人間科学,文教大 人間科学部 人間科学科 
3157370201,文教大学 人間科学 臨床心理,文教大 人間科学部 臨床心理学科 
3157370301,文教大学 人間科学 心理,文教大 人間科学部 心理学科 
3157470201,文教大学 情報 メディア表現,文教大 情報学部 メディア表現学科 
3157470301,文教大学 情報 情報システム,文教大 情報学部 情報システム学科 
3157470401,文教大学 情報 データサイエ,文教大 情報学部 データサイエンス学科 
3157640101,文教大学 健康栄養 管理栄養,文教大 健康栄養学部 管理栄養学科 
3158080202,文京学院大学 外国語 英語／国際ビ,文京学院大 外国語学部 英語コミュニケーション学科 グローバルビジネス専攻 
3158080302,文京学院大学 外国語 英語／国際教,文京学院大 外国語学部 英語コミュニケーション学科 グローバル教養専攻 
3158190101,文京学院大学 経営 経営コミュニ,文京学院大 経営学部 ビジネス・プロデュース学科 
3158190401,文京学院大学 経営 マーケティン,文京学院大 経営学部 マーケティング・デザイン学科 
3158370502,文京学院大学 人間 児童発達,文京学院大 人間学部 児童発達学科 
3158370602,文京学院大学 人間 人間福祉,文京学院大 人間学部 人間福祉学科 
3158370702,文京学院大学 人間 心理,文京学院大 人間学部 心理学科 
3158380101,文京学院大学 ヒューマ ヒューマンデ,文京学院大 ヒューマン・データサイエンス学部 ヒューマン・データサイエンス学科 
3158640101,文京学院大学 保健医療 理学療法,文京学院大 保健医療技術学部 理学療法学科 
3158640201,文京学院大学 保健医療 作業療法,文京学院大 保健医療技術学部 作業療法学科 
3158640301,文京学院大学 保健医療 臨床検査,文京学院大 保健医療技術学部 臨床検査学科 
3158640401,文京学院大学 保健医療 看護,文京学院大 保健医療技術学部 看護学科 
3159080101,明海大学 外国語 英米語,明海大 外国語学部 英米語学科 
3159080201,明海大学 外国語 中国語,明海大 外国語学部 中国語学科 
3159080301,明海大学 外国語 日本語,明海大 外国語学部 日本語学科 
3159180101,明海大学 経済 経済,明海大 経済学部 経済学科 
3159210101,明海大学 不動産 不動産,明海大 不動産学部 不動産学科 
3159270201,明海大学 ホスピタ ホス／観光,明海大 ホスピタリティ・ツーリズム学部 ホスピタリティ・ツーリズム学科 観光専攻 
3159270301,明海大学 ホスピタ ホス／グロー,明海大 ホスピタリティ・ツーリズム学部 ホスピタリティ・ツーリズム学科 グローバル・マネジメント専攻 
3159270401,明海大学 ホスピタ ホス／経営情,明海大 ホスピタ ホス／経営情 '12 0
3159580101,明海大学 歯・埼玉 歯,明海大 歯（埼玉）学部 歯学科 
3159640102,明海大学 保健医療 口腔保健,明海大 保健医療学部 口腔保健学科 
3160030102,目白大学 心理 心理カウンセ,目白大 心理学部 心理カウンセリング学科 
3160080101,目白大学 外国語 英米語,目白大 外国語学部 英米語学科 
3160080501,目白大学 外国語 中国語,目白大 外国語学部 中国語学科 
3160080601,目白大学 外国語 韓国語,目白大目白大学 外国語 韓国語
3160080701,目白大学 外国語 日本語・日本,目白大 外国語学部 日本語・日本語教育学科 
3160190100,目白大学 経営 経営,目白大 経営学部 経営学科 
3160250101,目白大学 社会 社会情報,目白大 社会学部 社会情報学科 
3160250301,目白大学 社会 地域社会,目白大 社会学部 地域社会学科 
3160370201,目白大学 人間 人間福祉,目白大 人間学部 人間福祉学科 
3160370301,目白大学 人間 子ども,目白大 人間学部 子ども学科 
3160370401,目白大学 人間 児童教育,目白大 人間学部 児童教育学科 
3160470102,目白大学 メディア メディア,目白大 メディア学部 メディア学科 
3160640101,目白大学 保健医療 理学療法,目白大 保健医療学部 理学療法学科 
3160640201,目白大学 保健医療 作業療法,目白大 保健医療学部 作業療法学科 
3160640301,目白大学 保健医療 言語聴覚,目白大 保健医療学部 言語聴覚学科 
3160650101,目白大学 看護 看護,目白大 看護学部 看護学科 
3161120301,平成国際大学 法 法,平成国際大 法学部 法学科 
3161370101,平成国際大学 情報デザ 情報デザイン,平成国際大 情報デザイン学部 情報デザイン学科 
3161640101,平成国際大学 スポーツ スポーツ健康,平成国際大 スポーツ健康学部 スポーツ健康学科 
3162280102,十文字学園女子大学 社会情報 社会情報デザ,十文字学園女大 社会情報デザイン学部 社会情報デザイン学科 
3162310102,十文字学園女子大学 教育人文 幼児教育,十文字学園女大十文字学園女子大学 教育人文 幼児教育
3162310202,十文字学園女子大学 教育人文 児童教育,十文字学園女大十文字学園女子大学 教育人文 児童教育
3162310302,十文字学園女子大学 教育人文 心理,十文字学園女大十文字学園女子大学 教育人文 心理
3162310402,十文字学園女子大学 教育人文 文芸文化,十文字学園女大十文字学園女子大学 教育人文 文芸文化
3162790201,十文字学園女子大学 人間生活 食物栄養,十文字学園女大 人間生活学部 食物栄養学科 
3162791201,十文字学園女子大学 人間生活 健康栄養,十文字学園女大 人間生活学部 健康栄養学科 
3162791301,十文字学園女子大学 人間生活 人間／社福保,十文字学園女大 人間生活学部 人間福祉学科 社会福祉・保育コース 
3162791401,十文字学園女子大学 人間生活 人間／社福介,十文字学園女大 人間生活学部 人間福祉学科 社会福祉・介護福祉コース 
3162791502,十文字学園女子大学 人間生活 食品開発,十文字学園女大 人間生活学部 食品開発学科 
3163210101,西武文理大学 サービス サービス経営,西武文理大 サービス経営学部 サービス経営学科 
3163640101,西武文理大学 看護 看護,西武文理大 看護学部 看護学科 
3164210101,埼玉学園大学 経済経営 経済経営,埼玉学園大 経済経営学部 経済経営学科 
3164370101,埼玉学園大学 人間 人間文化,埼玉学園大 人間学部 人間文化学科 
3164370201,埼玉学園大学 人間 子ども発達,埼玉学園大 人間学部 子ども発達学科 
3164370301,埼玉学園大学 人間 心理,埼玉学園大 人間学部 心理学科 
3165130103,尚美学園大学 総合政策 総合政策,尚美学園大 総合政策学部 総合政策学科 
3165640101,尚美学園大学 スポーツ スポーツマネ,尚美学園大 スポーツマネジメント学部 スポーツマネジメント学科 
3165830100,尚美学園大学 芸術情報 情報表現,尚美学園大 芸術情報学部 情報表現学科 
3165832101,尚美学園大学 芸術情報 芸術表現,尚美学園大 芸術情報学部 芸術表現学科 
3166210104,共栄大学 国際経営 国際経営,共栄大 国際経営学部 国際経営学科 
3166300101,共栄大学 教育 教育,共栄大 教育学部 教育学科 
3167830101,ものつくり大学 技能工芸 情報メカトロ,ものつくり大 技能工芸学部 情報メカトロニクス学科 
3167830201,ものつくり大学 技能工芸 建設,ものつくり大 技能工芸学部 建設学科 
3168250101,浦和大学 社会 総合福祉,浦和大 社会学部 総合福祉学科 
3168250201,浦和大学 社会 現代社会,浦和大 社会学部 現代社会学科 
3168790101,浦和大学 こども こども,浦和大 こども学部 こども学科 
3168790201,浦和大学 こども 学校教育,浦和大 こども学部 学校教育学科 
3169610401,日本薬科大学 薬 薬,日本薬大 薬学部 薬学科 
3169620101,日本薬科大学 薬科学 医療／お茶の,日本薬大 薬科学部 医療ビジネス薬科学科 お茶の水キャンパス 
3169620201,日本薬科大学 薬科学 医療／さいた,日本薬大 薬科学部 医療ビジネス薬科学科 さいたまキャンパス 
3170370103,武蔵野学院大学 国際コミ 国際コミュニ,武蔵野学院大 国際コミュニケーション学部 国際コミュニケーション学科 
3171370101,人間総合科学大学 人間科学 健康栄養,人間総合科学大 人間科学部 健康栄養学科 
3171370201,人間総合科学大学 人間科学 ヘルスフード,人間総合科学大 人間科学部 ヘルスフードサイエンス学科 
3171370301,人間総合科学大学 人間科学 心身健康科学,人間総合科学大 人間科学部 心身健康科学科 
3171640101,人間総合科学大学 保健医療 看護,人間総合科学大 保健医療学部 看護学科 
3171640201,人間総合科学大学 保健医療 リハ／理学療,人間総合科学大 保健医療学部 リハビリテーション学科 理学療法学専攻 
3171640301,人間総合科学大学 保健医療 リハ／義肢装,人間総合科学大 保健医療学部 リハビリテーション学科 義肢装具学専攻 
3172640101,日本医療科学大学 保健医療 診療放射線,日本医療科学大 保健医療学部 診療放射線学科 
3172640201,日本医療科学大学 保健医療 リハ／理学療,日本医療科学大 保健医療学部 リハビリテーション学科 理学療法学専攻 
3172640301,日本医療科学大学 保健医療 リハ／作業療,日本医療科学大 保健医療学部 リハビリテーション学科 作業療法学専攻 
3172640401,日本医療科学大学 保健医療 看護,日本医療科学大 保健医療学部 看護学科 
3172640501,日本医療科学大学 保健医療 臨床工,日本医療科学大 保健医療学部 臨床工学科 
3172640601,日本医療科学大学 保健医療 臨床検査,日本医療科学大 保健医療学部 臨床検査学科 
3173640101,東都大学 ヒューマ 看護,東都大 ヒューマンケア学部 看護学科 
3173650101,東都大学 幕張ヒュ 看護,東都大 幕張ヒューマンケア学部 看護学科 
3173650201,東都大学 幕張ヒュ 理学療法,東都大 幕張ヒューマンケア学部 理学療法学科 
3173650301,東都大学 幕張ヒュ 臨床工,東都大 幕張ヒューマンケア学部 臨床工学科 
3173650401,東都大学 幕張ヒュ 健康科学,東都大 幕張ヒューマンケア学部 健康科学科 
3173660101,東都大学 沼津ヒュ 看護,東都大 沼津ヒューマンケア学部 看護学科 
3174640104,日本保健医療大学 保健医療 看護,日本保健医療大 保健医療学部 看護学科 
3174640204,日本保健医療大学 保健医療 理学療法,日本保健医療大 保健医療学部 理学療法学科 
3191250403,江戸川大学 社会 経営社会,江戸川大 社会学部 経営社会学科 
3191250501,江戸川大学 社会 人間心理,江戸川大 社会学部 人間心理学科 
3191250601,江戸川大学 社会 現代社会,江戸川大 社会学部 現代社会学科 
3191370101,江戸川大学 メディア マス・コミュ,江戸川大 メディアコミュニケーション学部 マス・コミュニケーション学科 
3191370201,江戸川大学 メディア 情報文化,江戸川大 メディアコミュニケーション学部 情報文化学科 
3191370301,江戸川大学 メディア こどもコミュ,江戸川大 メディアコミュニケーション学部 こどもコミュニケーション学科 
3192010201,川村学園女子大学 文 史学,川村学園女子大 文 史学 '12 0
3192010301,川村学園女子大学 文 心理,川村学園女子大 文 心理 '12 0
3192010601,川村学園女子大学 文 日本文化,川村学園女子大 文 日本文化 '12 0
3193080103,神田外語大学 外国語 英米語,神田外語大 外国語学部 英米語学科 
3193081103,神田外語大学 外国語 国際／国際コ,神田外語大 外国語学部 国際コミュニケーション学科 国際コミュニケーション専攻 
3193081203,神田外語大学 外国語 国際／国際ビ,神田外語大 外国語学部 国際コミュニケーション学科 国際ビジネスキャリア専攻 
3193081303,神田外語大学 外国語 アジ／中国語,神田外語大 外国語学部 アジア言語学科 中国語専攻 
3193081403,神田外語大学 外国語 アジ／韓国語,神田外語大 外国語学部 アジア言語学科 韓国語専攻 
3193081503,神田外語大学 外国語 アジ／インド,神田外語大 外国語学部 アジア言語学科 インドネシア語専攻 
3193081603,神田外語大学 外国語 アジ／ベトナ,神田外語大 外国語学部 アジア言語学科 ベトナム語専攻 
3193081703,神田外語大学 外国語 アジ／タイ語,神田外語大 外国語学部 アジア言語学科 タイ語専攻 
3193081803,神田外語大学 外国語 イベ／スペイ,神田外語大 外国語学部 イベロアメリカ言語学科 スペイン語専攻 
3193081903,神田外語大学 外国語 イベ／ブラジ,神田外語大 外国語学部 イベロアメリカ言語学科 ブラジル・ポルトガル語専攻 
3193330101,神田外語大学 グローバ グローバルリ,神田外語大 グローバル・リベラルアーツ学部 グローバル・リベラルアーツ学科 
3194180000,敬愛大学 経済 ,敬愛大 経済学部 
3194210101,敬愛大学 情報マネ 情報マネジメ,敬愛大 情報マネジメント学部 情報マネジメント学科 
3194300105,敬愛大学 教育 こども教育,敬愛大 教育学部 こども教育学科 
3194330205,敬愛大学 国際 国際,敬愛大 国際学部 国際学科 
3195640101,国際武道大学 体育 体育,国際武道大 体育学部 体育学科 
3195640201,国際武道大学 体育 武道,国際武道大 体育学部 武道学科 
3196020101,淑徳大学 人文 表現,淑徳大 人文学部 表現学科 
3196020201,淑徳大学 人文 歴史,淑徳大 人文学部 歴史学科 
3196020301,淑徳大学 人文 人間科学,淑徳大 人文学部 人間科学科 
3196190101,淑徳大学 経営 経営,淑徳大 経営学部 経営学科 
3196190201,淑徳大学 経営 観光経営,淑徳大 経営学部 観光経営学科 
3196270201,淑徳大学 総合福祉 実践心理,淑徳大 総合福祉学部 実践心理学科 
3196270701,淑徳大学 総合福祉 教育／学校教,淑徳大 総合福祉学部 教育福祉学科 学校教育コース 
3196270801,淑徳大学 総合福祉 教育／健康教,淑徳大 総合福祉学部 教育福祉学科 健康教育コース 
3196270901,淑徳大学 総合福祉 社会／社会福,淑徳大 総合福祉学部 社会福祉学科 社会福祉コース 
3196271001,淑徳大学 総合福祉 社会／福祉教,淑徳大 総合福祉学部 社会福祉学科 福祉教職コース 
3196280101,淑徳大学 コミュニ コミュニティ,淑徳大 コミュニティ政策学部 コミュニティ政策学科 
3196300101,淑徳大学 教育 こども教育,淑徳大 教育学部 こども教育学科 
3196380101,淑徳大学 地域創生 地域創生,淑徳大 地域創生学部 地域創生学科 
3196640101,淑徳大学 看護栄養 看護,淑徳大 看護栄養学部 看護学科 
3196640201,淑徳大学 看護栄養 栄養,淑徳大 看護栄養学部 栄養学科 
3197210701,城西国際大学 経営情報 総合／東京紀,城西国際大 経営情報学部 総合経営学科 東京紀尾井町キャンパス 
3197210801,城西国際大学 経営情報 総合／千葉東,城西国際大 経営情報学部 総合経営学科 千葉東金キャンパス 
3197280101,城西国際大学 観光 観光,城西国際大 観光学部 観光学科 
3197330101,城西国際大学 国際人文 国際文化,城西国際大 国際人文学部 国際文化学科 
3197330201,城西国際大学 国際人文 国際交流,城西国際大 国際人文学部 国際交流学科 
3197610104,城西国際大学 薬 医療薬,城西国際大 城西国際大学 薬 医療薬
3197650101,城西国際大学 健康科学 看護,城西国際大 健康科学部 看護学科 
3197650202,城西国際大学 健康科学 理学療法,城西国際大 健康科学部 理学療法学科 
3197650402,城西国際大学 健康科学 福祉総合,城西国際大 健康科学部 福祉総合学科 
3197830203,城西国際大学 メディア メデ／ニュー,城西国際大 メディア学部 メディア情報学科 ニューメディアコース 
3197830303,城西国際大学 メディア メデ／映像芸,城西国際大 メディア学部 メディア情報学科 映像芸術コース 
3198010208,聖徳大学 文 文学／国際文,聖徳大 文学部 文学科 国際文化コミュニケーションコース 
3198010308,聖徳大学 文 文学／日本語,聖徳大 文学部 文学科 日本語・日本文学コース 
3198010408,聖徳大学 文 文学／歴史文,聖徳大 文学部 文学科 歴史文化コース 
3198010506,聖徳大学 文 文学／書道文,聖徳大 文学部 文学科 書道文化コース 
3198010708,聖徳大学 文 文学／図書館,聖徳大 文学部 文学科 図書館情報コース 
3198010801,聖徳大学 文 文学／教養デ,聖徳大 文学部 文学科 教養デザインコース 
3198030108,聖徳大学 心理福祉 心理,聖徳大 心理・福祉学部 心理学科 
3198030208,聖徳大学 心理福祉 社会福祉,聖徳大 心理・福祉学部 社会福祉学科 
3198300501,聖徳大学 教育 教育／小学校,聖徳大 教育学部 教育学科 小学校教員養成コース 
3198300601,聖徳大学 教育 教育／特別支,聖徳大 教育学部 教育学科 特別支援教育コース 
3198300701,聖徳大学 教育 教育／スポー,聖徳大聖徳大学 教育 教育／スポー
3198300801,聖徳大学 教育 児童,聖徳大 教育学部 児童学科 
3198320101,聖徳大学 教育夜 児童,聖徳大聖徳大学 教育夜 児童
3198320301,聖徳大学 教育夜 教育／小学校,聖徳大聖徳大学 教育夜 教育／小学校
3198320401,聖徳大学 教育夜 教育／特別支,聖徳大聖徳大学 教育夜 教育／特別支
3198640105,聖徳大学 看護 看護,聖徳大 看護学部 看護学科 
3198800108,聖徳大学 人間栄養 人間栄養,聖徳大 人間栄養学部 人間栄養学科 
3198830301,聖徳大学 音楽 音楽,聖徳大 音楽学部 音楽学科 
3199120202,清和大学 法 法律／法学,清和大 法学部 法律学科 法学コース 
3199120302,清和大学 法 法律／情報法,清和大 法学部 法律学科 情報と法コース 
3200180000,千葉経済大学 経済 ,千葉経大 経済学部 
3201380102,千葉工業大学 未来変革 デジタル変革,千葉工大 未来変革科学部 デジタル変革科学科 
3201380202,千葉工業大学 未来変革 経営デザイン,千葉工大 未来変革科学部 経営デザイン科学科 
3201460101,千葉工業大学 工 機械工,千葉工大 工学部 機械工学科 
3201462001,千葉工業大学 工 宇宙・半導体,千葉工大 工 宇宙・半導体 '12 0
3201462101,千葉工業大学 工 先端材料工,千葉工大 工 先端材料工 '12 0
3201462201,千葉工業大学 工 電気電子工,千葉工大 工学部 電気電子工学科 
3201462301,千葉工業大学 工 情報通信シス,千葉工大 工学部 情報通信システム工学科 
3201462401,千葉工業大学 工 応用化,千葉工大 工学部 応用化学科 
3201470101,千葉工業大学 創造工 建築,千葉工大 創造工学部 建築学科 
3201470201,千葉工業大学 創造工 都市環境工,千葉工大 創造工学部 都市環境工学科 
3201470301,千葉工業大学 創造工 デザイン科学,千葉工大 創造工学部 デザイン科学科 
3201480101,千葉工業大学 先進工 未来ロボティ,千葉工大 先進工学部 未来ロボティクス学科 
3201480201,千葉工業大学 先進工 生命科学,千葉工大 先進工学部 生命科学科 
3201480301,千葉工業大学 先進工 知能メディア,千葉工大 先進工学部 知能メディア工学科 
3201490102,千葉工業大学 情報変革 情報工,千葉工大 情報変革科学部 情報工学科 
3201490202,千葉工業大学 情報変革 認知情報科学,千葉工大 情報変革科学部 認知情報科学科 
3201490302,千葉工業大学 情報変革 高度応用情報,千葉工大 情報変革科学部 高度応用情報科学科 
3202130102,千葉商科大学 総合政策 政策情報,千葉商大 総合政策学部 政策情報学科 
3202130201,千葉商科大学 総合政策 経済,千葉商大 総合政策学部 経済学科 
3202210100,千葉商科大学 商経 経営,千葉商大 商経学部 経営学科 
3202210300,千葉商科大学 商経 商,千葉商大 商経学部 商学科 
3202220102,千葉商科大学 サービス サービス創造,千葉商大 サービス創造学部 サービス創造学科 
3202270101,千葉商科大学 人間社会 人間社会,千葉商大 人間社会学部 人間社会学科 
3203120101,中央学院大学 法 法,中央学院大 法学部 法学科 
3203200101,中央学院大学 商 商,中央学院大 商学部 商学科 
3203370105,中央学院大学 現代教養 現代教養,中央学院大 現代教養学部 現代教養学科 
3204270101,帝京平成大学 人文社会 教育／小学校,帝京平成大 人文社会学部 教育学科 小学校・特別支援コース 
3204270201,帝京平成大学 人文社会 教育／保育幼,帝京平成大 人文社会学部 教育学科 保育・幼稚園コース 
3204270301,帝京平成大学 人文社会 人間／福祉,帝京平成大 人文社会学部 人間文化学科 福祉コース 
3204270401,帝京平成大学 人文社会 人間／メディ,帝京平成大 人文社会学部 人間文化学科 メディア文化コース 
3204270501,帝京平成大学 人文社会 人間／グロー,帝京平成大 人文社会学部 人間文化学科 国際教養デザインコース 
3204270601,帝京平成大学 人文社会 経営／経営,帝京平成大 人文社会学部 経営学科 経営コース 
3204270701,帝京平成大学 人文社会 経営／トレー,帝京平成大 人文社会学部 経営学科 スポーツ経営・トレーナーコース 
3204270901,帝京平成大学 人文社会 観光経営,帝京平成大 人文社会学部 観光経営学科 
3204390101,帝京平成大学 共創 デジタル共創,帝京平成大 共創学部 デジタル共創学科 
3204610101,帝京平成大学 薬 薬,帝京平成大 薬学部 薬学科 
3204640100,帝京平成大学 健康メデ 理学療法,帝京平成大 健康メディカル学部 理学療法学科 
3204640200,帝京平成大学 健康メデ 作業療法,帝京平成大 健康メディカル学部 作業療法学科 
3204640300,帝京平成大学 健康メデ 言語聴覚,帝京平成大 健康メディカル学部 言語聴覚学科 
3204640400,帝京平成大学 健康メデ 心理,帝京平成大 健康メディカル学部 心理学科 
3204640701,帝京平成大学 健康メデ 健康栄養,帝京平成大 健康メディカル学部 健康栄養学科 
3204640901,帝京平成大学 健康メデ 医療／救急救,帝京平成大 健康メディカル学部 医療科学科 救急救命士コース 
3204641001,帝京平成大学 健康メデ 医療／臨床工,帝京平成大 健康メディカル学部 医療科学科 臨床工学コース 
3204641101,帝京平成大学 健康メデ 医療／スポー,帝京平成大 健康メディカル学部 医療科学科 スポーツサイエンスコース 
3204650101,帝京平成大学 ヒューマ 看護,帝京平成大 ヒューマンケア学部 看護学科 
3204650501,帝京平成大学 ヒューマ 柔道整復,帝京平成大 ヒューマンケア学部 柔道整復学科 
3204650601,帝京平成大学 ヒューマ 鍼灸,帝京平成大 ヒューマンケア学部 鍼灸学科 
3204660101,帝京平成大学 健康医療 柔道整復,帝京平成大 健康医療スポーツ学部 柔道整復学科 
3204660501,帝京平成大学 健康医療 医療／救急救,帝京平成大 健康医療スポーツ学部 医療スポーツ学科 救急救命士コース 
3204660601,帝京平成大学 健康医療 医療／トレー,帝京平成大 健康医療スポーツ学部 医療スポーツ学科 スポーツ・トレーナーコース 
3204660701,帝京平成大学 健康医療 医療／アスリ,帝京平成大 健康医療スポーツ学部 医療スポーツ学科 アスリートコース 
3204660801,帝京平成大学 健康医療 看護,帝京平成大 健康医療スポーツ学部 看護学科 
3204660901,帝京平成大学 健康医療 リハ／作業療,帝京平成大 健康医療スポーツ学部 リハビリテーション学科 作業療法コース 
3204661001,帝京平成大学 健康医療 リハ／理学療,帝京平成大 健康医療スポーツ学部 リハビリテーション学科 理学療法コース 
3204661101,帝京平成大学 健康医療 医療／動物医,帝京平成大 健康医療スポーツ学部 医療スポーツ学科 動物医療コース 
3205030500,東京基督教大学 神 神学・国際教,東京基督教大 神学部 神学・国際教養学科 
3206580100,東京歯科大学 歯 歯,東京歯大 歯学部 歯学科 
3207370601,東京情報大学 総合情報 総合情報,東京情報大 総合情報学部 総合情報学科 
3207640101,東京情報大学 看護 看護,東京情報大 看護学部 看護学科 
3208030202,東京成徳大学 応用心理 臨床心理,東京成徳大 応用心理学部 臨床心理学科 
3208030302,東京成徳大学 応用心理 健康・スポー,東京成徳大 応用心理学部 健康・スポーツ心理学科 
3208190101,東京成徳大学 経営 経営,東京成徳大 経営学部 経営学科 
3208330101,東京成徳大学 国際 国際,東京成徳大 国際学部 国際学科 
3208790101,東京成徳大学 子ども 子ども,東京成徳大 子ども学部 子ども学科 
3209210102,東洋学園大学 現代経営 現代経営,東洋学園大 現代経営学部 現代経営学科 
3209330103,東洋学園大学 グローバ グローバルコ,東洋学園大 国際共創学部 現代コミュニケーション学科 
3209370103,東洋学園大学 人間科学 人間科学,東洋学園大 人間科学部 人間科学科 
3210210101,秀明大学 総合経営 企業経営,秀明大 総合経営学部 企業経営学科 
3210220101,秀明大学 グローバ グローバルマ,秀明大 グローバルマネジメント学部 グローバルマネジメント学科 
3210270101,秀明大学 観光ビジ 観光ビジネス,秀明大 観光ビジネス学部 観光ビジネス学科 
3210310102,秀明大学 学校教師 中等／国語,秀明大 学校教師学部 中等教育教員養成課程 国語専修 
3210310202,秀明大学 学校教師 中等／社会,秀明大 学校教師学部 中等教育教員養成課程 社会専修 
3210310302,秀明大学 学校教師 中等／数学,秀明大 学校教師学部 中等教育教員養成課程 数学専修 
3210310402,秀明大学 学校教師 中等／理科,秀明大 学校教師学部 中等教育教員養成課程 理科専修 
3210310502,秀明大学 学校教師 中等／英語,秀明大 学校教師学部 中等教育教員養成課程 英語専修 
3210310702,秀明大学 学校教師 中等／初等教,秀明大 学校教師学部 中等教育教員養成課程 初等教育コース 
3210310802,秀明大学 学校教師 中等／保健体,秀明大 学校教師学部 中等教育教員養成課程 保健体育専修 
3210640102,秀明大学 看護 看護,秀明大 看護学部 看護学科 
3211080501,麗澤大学 外国語 外国／英語コ,麗澤大 外国語学部 外国語学科 英語コミュニケーション専攻 
3211080601,麗澤大学 外国語 外国／英語リ,麗澤大 外国語学部 外国語学科 英語・リベラルアーツ専攻 
3211080801,麗澤大学 外国語 外国／ドイツ,麗澤大 外国語学部 外国語学科 ドイツ語・ヨーロッパ文化専攻 
3211080901,麗澤大学 外国語 外国／中国語,麗澤大 外国語学部 外国語学科 中国語・アジアグローバル専攻 
3211180101,麗澤大学 経済 経済,麗澤大 経済学部 経済学科 
3211190101,麗澤大学 経営 経営／ビジネ,麗澤大 経営学部 経営学科 ビジネスデザイン専攻 
3211190201,麗澤大学 経営 経営／ＡＩビ,麗澤大 経営学部 経営学科 ＡＩ・ビジネス専攻 
3211190301,麗澤大学 経営 経営／スポー,麗澤大 経営学部 経営学科 スポーツビジネス専攻 
3211190401,麗澤大学 経営 経営／ファミ,麗澤大 経営学部 経営学科 ファミリービジネス専攻 
3211330101,麗澤大学 国際 国際／日本学,麗澤大 国際学部 国際学科 日本学・国際コミュニケーション専攻 
3211330201,麗澤大学 国際 国際／国際交,麗澤大 国際学部 国際学科 国際交流・国際協力専攻 
3211330701,麗澤大学 国際 国際／国際社,麗澤大 国際学部 国際学科 国際社会・国際情報専攻 
3211460101,麗澤大学 工 工／情報シス,麗澤大 工学部 工学科 情報システム工学専攻 
3211460201,麗澤大学 工 工／ロボティ,麗澤大 工学部 工学科 ロボティクス専攻 
3212020601,和洋女子大学 人文 日本文学文化,和洋女子大 人文学部 日本文学文化学科 
3212020701,和洋女子大学 人文 心理,和洋女子大 人文学部 心理学科 
3212020801,和洋女子大学 人文 こども発達,和洋女子大 人文学部 こども発達学科 
3212330101,和洋女子大学 国際 英語コミュニ,和洋女子大 国際学部 英語コミュニケーション学科 
3212330201,和洋女子大学 国際 国際,和洋女子大 国際学部 国際学科 
3212640101,和洋女子大学 看護 看護,和洋女子大 看護学部 看護学科 
3212790101,和洋女子大学 家政 健康栄養,和洋女子大 家政学部 健康栄養学科 
3212790201,和洋女子大学 家政 生活環境,和洋女子大 家政学部 生活環境学科 
3212810101,和洋女子大学 ＡＩライ ＡＩライフデ,和洋女子大 ＡＩライフデザイン学部 ＡＩライフデザイン学科 
3213370100,愛国学園大学 人間文化 人間文化,愛国学園大 人間文化学部 人間文化学科 
3214300102,開智国際大学 教育 教育／初等教,開智国際大 開智国際大学 教育 教育／初等教
3214300202,開智国際大学 教育 教育／中等教,開智国際大 開智国際大学 教育 教育／中等教
3214380102,開智国際大学 国際教養 国際教養,開智国際大 国際教養学部 国際教養学科 
3215370301,千葉科学大学 危機管理 危機管理,千葉科学大 危機管理学部 危機管理学科 
3215370501,千葉科学大学 危機管理 保健医療,千葉科学大 危機管理学部 保健医療学科 
3215370801,千葉科学大学 危機管理 動物危機管理,千葉科学大 危機管理学部 動物危機管理学科 
3215370901,千葉科学大学 危機管理 航空／パイロ,千葉科学大 危機管理学部 航空技術危機管理学科 パイロットコース 
3215371001,千葉科学大学 危機管理 航空／航空マ,千葉科学大 危機管理学部 航空技術危機管理学科 航空マネジメントコース 
3215371101,千葉科学大学 危機管理 航空／航空工,千葉科学大 危機管理学部 航空技術危機管理学科 航空工学・ドローンコース 
3215610101,千葉科学大学 薬 薬,千葉科学大 薬学部 薬学科 
3215640101,千葉科学大学 看護 看護,千葉科学大 看護学部 看護学科 
3216640102,ＳＢＣ東京医療大学 健康科学 理学療法,ＳＢＣ医療大 健康科学部 理学療法学科 
3216640202,ＳＢＣ東京医療大学 健康科学 整復医療・ト,ＳＢＣ医療大 健康科学部 整復医療・トレーナー学科 
3216640302,ＳＢＣ東京医療大学 健康科学 看護,ＳＢＣ医療大 健康科学部 看護学科 
3217310101,植草学園大学 発達教育 発達支援教育,植草学園大 発達教育学部 発達支援教育学科 
3217640201,植草学園大学 保健医療 リハ／理学療,植草学園大 保健医療学部 リハビリテーション学科 理学療法学専攻 
3217640301,植草学園大学 保健医療 リハ／作業療,植草学園大 保健医療学部 リハビリテーション学科 作業療法学専攻 
3217650101,植草学園大学 看護 看護,植草学園大 看護学部 看護学科 
3218640101,三育学院大学 看護 看護,三育学院大 看護学部 看護学科 
3219640101,亀田医療大学 看護 看護,亀田医療大 看護学部 看護学科 
3231010102,青山学院大学 文 英米文,青山学院大 青学 文学部 英米文学科 
3231010302,青山学院大学 文 史学,青山学院大 青学 文学部 史学科 
3231010403,青山学院大学 文 日本文,青山学院大 青学 文学部 日本文学科 
3231010503,青山学院大学 文 フランス文,青山学院大 青学 文学部 フランス文学科 
3231010701,青山学院大学 文 比較芸術,青山学院大 青学 文学部 比較芸術学科 
3231030103,青山学院大学 総合文化 総合文化政策,青山学院大 青学 総合文化政策学部 総合文化政策学科 
3231120304,青山学院大学 法 法,青山学院大 青学 法学部 法学科 
3231120401,青山学院大学 法 ヒューマンラ,青山学院大 青学 法学部 ヒューマンライツ学科 
3231130201,青山学院大学 国際政経 国際経済,青山学院大 青学 国際政治経済学部 国際経済学科 
3231130303,青山学院大学 国際政経 国際政治,青山学院大 青学 国際政治経済学部 国際政治学科 
3231130402,青山学院大学 国際政経 国際コミュニ,青山学院大 青学 国際政治経済学部 国際コミュニケーション学科 
3231180101,青山学院大学 経済 経済,青山学院大 青学 経済学部 経済学科 
3231180201,青山学院大学 経済 現代経済デザ,青山学院大 青学 経済学部 現代経済デザイン学科 
3231190104,青山学院大学 経営 経営,青山学院大 青学 経営学部 経営学科 
3231190204,青山学院大学 経営 マーケティン,青山学院大 青学 経営学部 マーケティング学科 
3231270101,青山学院大学 社会情報 社会情報,青山学院大 青学 社会情報学部 社会情報学科 
3231280105,青山学院大学 コミュニ コミュニティ,青山学院大 青学 コミュニティ人間科学部 コミュニティ人間科学科 
3231310103,青山学院大学 教育人間 教育,青山学院大 青学 教育人間科学部 教育学科 
3231310203,青山学院大学 教育人間 心理,青山学院大 青学 教育人間科学部 心理学科 
3231330103,青山学院大学 地球社会 地球社会共生,青山学院大 青学 地球社会共生学部 地球社会共生学科 
3231470400,青山学院大学 理工 電気電子工,青山学院大 青学 理工学部 電気電子工学科 
3231470600,青山学院大学 理工 機械創造工,青山学院大 青学 理工学部 機械創造工学科 
3231470700,青山学院大学 理工 経営シス工,青山学院大 青学 理工学部 経営システム工学科 
3231470800,青山学院大学 理工 情報テクノロ,青山学院大 青学 理工学部 情報テクノロジー学科 
3231470901,青山学院大学 理工 化学・生命科,青山学院大 青学 理工学部 化学・生命科学科 
3231471102,青山学院大学 理工 物理科学,青山学院大 青学 理工学部 物理科学科 
3231471202,青山学院大学 理工 数理サイエン,青山学院大 青学 理工学部 数理サイエンス学科 
3232120102,亜細亜大学 法 法律,亜細亜大 法学部 法律学科 
3232180102,亜細亜大学 経済 経済,亜細亜大 経済学部 経済学科 
3232190102,亜細亜大学 経営 経営,亜細亜大 経営学部 経営学科 
3232190402,亜細亜大学 経営 ホスピタリテ,亜細亜大 経営学部 ホスピタリティ・マネジメント学科 
3232190602,亜細亜大学 経営 データサイエ,亜細亜大 経営学部 データサイエンス学科 
3232250101,亜細亜大学 社会 現代社会,亜細亜大 社会学部 現代社会学科 
3232330102,亜細亜大学 国際関係 国際関係,亜細亜大 国際関係学部 国際関係学科 
3232330202,亜細亜大学 国際関係 多文化コミュ,亜細亜大 国際関係学部 多文化コミュニケーション学科 
3232640101,亜細亜大学 健康スポ 健康スポーツ,亜細亜大 健康スポーツ科学部 健康スポーツ科学科 
3234220000,桜美林大学 ビジネス ,桜美林大 ビジネスマネジメント学群 
3234310101,桜美林大学 教育探究 教育探究科学,桜美林大 教育探究科学群 教育探究科学類 
3234340201,桜美林大学 グローバ 英語,桜美林大 グローバル・コミュニケーション学群 英語トラック 
3234340301,桜美林大学 グローバ 中国語,桜美林大 グローバル・コミュニケーション学群 中国語トラック 
3234340401,桜美林大学 グローバ トリ／韓・英,桜美林大 グローバル・コミュニケーション学群 トリリンガルトラック 韓国語・英語 
3234340501,桜美林大学 グローバ トリ／韓・中,桜美林大 グローバル・コミュニケーション学群 トリリンガルトラック 韓国語・中国語 
3234370101,桜美林大学 リベラル 人文,桜美林大 リベラルアーツ学群 人文領域 
3234370201,桜美林大学 リベラル 社会,桜美林大 リベラルアーツ学群 社会領域 
3234370301,桜美林大学 リベラル 自然,桜美林大 リベラルアーツ学群 自然領域 
3234470601,桜美林大学 航空 フライト・オ,桜美林大 航空学群 フライト・オペレーションコース 
3234470701,桜美林大学 航空 航空３,桜美林大 航空学群 航空管制・航空機管理・空港管理コース 
3234640801,桜美林大学 健康福祉 健康科学,桜美林大 健康福祉学群 健康科学専攻 
3234640901,桜美林大学 健康福祉 スポーツ科学,桜美林大 健康福祉学群 スポーツ科学専攻 
3234641001,桜美林大学 健康福祉 社会福祉学,桜美林大 健康福祉学群 社会福祉学専攻 
3234641101,桜美林大学 健康福祉 精神保健福祉,桜美林大 健康福祉学群 精神保健福祉学専攻 
3234641201,桜美林大学 健康福祉 実践心理学,桜美林大 健康福祉学群 実践心理学専攻 
3234641301,桜美林大学 健康福祉 保育学,桜美林大 健康福祉学群 保育学専攻 
3234830200,桜美林大学 芸術文化 音楽,桜美林大 芸術文化学群 音楽専修 
3234830502,桜美林大学 芸術文化 演劇・ダンス,桜美林大 芸術文化学群 演劇・ダンス専修 
3234830602,桜美林大学 芸術文化 ビジュアルア,桜美林大 芸術文化学群 ビジュアル・アーツ専修 
3235010101,大妻女子大学 文 英語英文,大妻女子大 文学部 英語英文学科 
3235010201,大妻女子大学 文 日本文,大妻女子大 文学部 日本文学科 
3235010301,大妻女子大学 文 コミュニケー,大妻女子大 文学部 コミュニケーション文化学科 
3235030101,大妻女子大学 比較文化 比較文化,大妻女子大 比較文化学部 比較文化学科 
3235270101,大妻女子大学 社会情報 社会／環境情,大妻女子大 社会情報学部 社会情報学科 環境デザイン専攻 
3235270201,大妻女子大学 社会情報 社会／情報デ,大妻女子大 社会情報学部 社会情報学科 情報デザイン専攻 
3235270301,大妻女子大学 社会情報 社会／社会生,大妻女子大 社会情報学部 社会情報学科 社会生活情報学専攻 
3235370501,大妻女子大学 人間共生 福祉,大妻女子大 人間共生学部 福祉学科 
3235370601,大妻女子大学 人間共生 社会,大妻女子大 人間共生学部 社会学科 
3235370701,大妻女子大学 人間共生 心理,大妻女子大 人間共生学部 心理学科 
3235370801,大妻女子大学 人間共生 共生デザイン,大妻女子大 人間共生学部 共生デザイン学科 
3235380101,大妻女子大学 データサ データサイエ,大妻女子大 データサイエンス学部 データサイエンス学科 
3235790101,大妻女子大学 家政 食物／管理栄,大妻女子大 家政学部 食物学科 管理栄養士専攻 
3235790201,大妻女子大学 家政 食物／食物学,大妻女子大 家政学部 食物学科 食物学専攻 
3235790301,大妻女子大学 家政 児童／児童学,大妻女子大 家政学部 児童学科 児童学専攻 
3235790401,大妻女子大学 家政 児童／児童教,大妻女子大 家政学部 児童学科 児童教育専攻 
3235790501,大妻女子大学 家政 被服,大妻女子大 家政学部 被服学科 
3235790601,大妻女子大学 家政 ライフデザイ,大妻女子大 家政学部 ライフデザイン学科 
3236010100,学習院大学 文 英語英米文化,学習院大学大 文学部 英語英米文化学科 
3236010200,学習院大学 文 史学,学習院大学大 文学部 史学科 
3236010300,学習院大学 文 心理,学習院大学大 文学部 心理学科 
3236010400,学習院大学 文 哲学,学習院大学大 文学部 哲学科 
3236010600,学習院大学 文 日本語日本文,学習院大学大 文学部 日本語日本文学科 
3236010801,学習院大学 文 ドイツ語圏文,学習院大学大 文学部 ドイツ語圏文化学科 
3236010901,学習院大学 文 フランス語圏,学習院大学大 文学部 フランス語圏文化学科 
3236011001,学習院大学 文 教育,学習院大学大 文学部 教育学科 
3236120100,学習院大学 法 政治,学習院大学大 法学部 政治学科 
3236120200,学習院大学 法 法,学習院大学大 法学部 法学科 
3236180100,学習院大学 経済 経営,学習院大学大 経済学部 経営学科 
3236180200,学習院大学 経済 経済,学習院大学大 経済学部 経済学科 
3236270101,学習院大学 国際社会 国際社会科学,学習院大学大 国際社会科学部 国際社会科学科 
3236330101,学習院大学 国際文化 日本文化,学習院大学大 国際文化交流学部 日本文化学科 
3236330201,学習院大学 国際文化 国際コミュニ,学習院大学大 国際文化交流学部 国際コミュニケーション学科 
3236330301,学習院大学 国際文化 英語コミュニ,学習院大学大 国際文化交流学部 英語コミュニケーション学科 
3236420100,学習院大学 理 化学,学習院大学大 理学部 化学科 
3236420200,学習院大学 理 数学,学習院大学大 理学部 数学科 
3236420300,学習院大学 理 物理,学習院大学大 理学部 物理学科 
3236420401,学習院大学 理 生命科学,学習院大学大 理学部 生命科学科 
3237420101,北里大学 理 化学,北里大 理学部 化学科 
3237420201,北里大学 理 生物科学,北里大 理学部 生物科学科 
3237420301,北里大学 理 物理,北里大 理学部 物理学科 
3237470101,北里大学 未来工 データサイエ,北里大 未来工学部 データサイエンス学科 
3237550100,北里大学 医 医,北里大 医学部 医学科 
3237610201,北里大学 薬 薬,北里大 薬学部 薬学科 
3237610301,北里大学 薬 生命創薬科学,北里大 薬学部 生命創薬科学科 
3237640101,北里大学 医療衛生 医療／診療放,北里大 医療衛生学部 医療工学科 診療放射線技術科学専攻 
3237640201,北里大学 医療衛生 医療／臨床工,北里大 医療衛生学部 医療工学科 臨床工学専攻 
3237640501,北里大学 医療衛生 リハ／言語聴,北里大 医療衛生学部 リハビリテーション学科 言語聴覚療法学専攻 
3237640601,北里大学 医療衛生 リハ／作業療,北里大 医療衛生学部 リハビリテーション学科 作業療法学専攻 
3237640701,北里大学 医療衛生 リハ／視覚機,北里大 医療衛生学部 リハビリテーション学科 視覚機能療法学専攻 
3237640801,北里大学 医療衛生 リハ／理学療,北里大 医療衛生学部 リハビリテーション学科 理学療法学専攻 
3237641201,北里大学 医療衛生 医療検査,北里大 医療衛生学部 医療検査学科 
3237641301,北里大学 医療衛生 保健／環境保,北里大 医療衛生学部 保健衛生学科 環境保健学コース 
3237641401,北里大学 医療衛生 保健／臨床心,北里大 医療衛生学部 保健衛生学科 臨床心理学コース 
3237650100,北里大学 看護 看護,北里大 看護学部 看護学科 
3237660101,北里大学 健康科学 看護,北里大 健康科学部 看護学科 
3237660201,北里大学 健康科学 医療検査,北里大 健康科学部 医療検査学科 
3237750101,北里大学 獣医 獣医,北里大 獣医学部 獣医学科 
3237750201,北里大学 獣医 動物資源科学,北里大 獣医学部 動物資源科学科 
3237750301,北里大学 獣医 グリーン環境,北里大 獣医学部 グリーン環境創成科学科 
3237760101,北里大学 海洋生命 海洋生命科学,北里大 海洋生命科学部 海洋生命科学科 
3238030301,共立女子大学 文芸 文芸,共立女子大 文芸学部 文芸学科 
3238210101,共立女子大学 ビジネス ビジネス,共立女子大 ビジネス学部 ビジネス学科 
3238340101,共立女子大学 国際 国際,共立女子大 国際学部 国際学科 
3238470102,共立女子大学 建築デザ 建築・デザイ,共立女子大 建築・デザイン学部 建築・デザイン学科 
3238640101,共立女子大学 看護 看護,共立女子大 看護学部 看護学科 
3238790101,共立女子大学 家政 食物／管理栄,共立女子大 家政学部 食物栄養学科 管理栄養士専攻 
3238790201,共立女子大学 家政 食物／食物学,共立女子大 家政学部 食物栄養学科 食物学専攻 
3238790401,共立女子大学 家政 被服,共立女子大 家政学部 被服学科 
3238800101,共立女子大学 児童 児童,共立女子大 児童学部 児童学科 
3240080201,杏林大学 外国語 中国語,杏林大 外国語学部 日中韓言語文化学科 
3240080501,杏林大学 外国語 英語,杏林大 外国語学部 英語学科 
3240080801,杏林大学 外国語 観光交流文化,杏林大 外国語学部 観光交流文化学科 
3240130102,杏林大学 総合政策 法律政治,杏林大 総合政策学部 法律政治学科 
3240130202,杏林大学 総合政策 経済経営,杏林大 総合政策学部 経済経営学科 
3240550100,杏林大学 医 医,杏林大 医学部 医学科 
3240640302,杏林大学 保健 臨床検査技術,杏林大 保健学部 臨床検査技術学科 
3240640402,杏林大学 保健 臨床工,杏林大 保健学部 臨床工学科 
3240640502,杏林大学 保健 救急救命,杏林大 保健学部 救急救命学科 
3240640802,杏林大学 保健 看護／看護学,杏林大 保健学部 看護学科 看護学専攻 
3240640902,杏林大学 保健 看護／看護養,杏林大 保健学部 看護学科 看護養護教育学専攻 
3240641002,杏林大学 保健 診療放射技術,杏林大 保健学部 診療放射線技術学科 
3240641102,杏林大学 保健 臨床心理,杏林大 保健学部 臨床心理学科 
3240641202,杏林大学 保健 リハ／理学療,杏林大 保健学部 リハビリテーション学科 理学療法学専攻 
3240641302,杏林大学 保健 リハ／作業療,杏林大 保健学部 リハビリテーション学科 作業療法学専攻 
3240641402,杏林大学 保健 リハ／言語聴,杏林大 保健学部 リハビリテーション学科 言語聴覚療法学専攻 
3240641501,杏林大学 保健 健康／健康福,杏林大 保健学部 健康福祉学科 健康福祉コース 
3240641601,杏林大学 保健 健康／健康ス,杏林大 保健学部 健康福祉学科 健康スポーツコース 
3241831701,国立音楽大学 音楽 演奏／声楽,国立音大 音楽学部 演奏・創作学科 声楽専修 
3241831801,国立音楽大学 音楽 演奏／ピアノ,国立音大 音楽学部 演奏・創作学科 鍵盤楽器専修 ピアノ
3241831901,国立音楽大学 音楽 演奏／オルガ,国立音大 音楽学部 演奏・創作学科 鍵盤楽器専修 オルガン
3241832001,国立音楽大学 音楽 演奏／電子オ,国立音大 音楽学部 演奏・創作学科 鍵盤楽器専修 電子オルガン
3241832101,国立音楽大学 音楽 演奏／弦管打,国立音大 音楽学部 演奏・創作学科 弦管打楽器専修 
3241832201,国立音楽大学 音楽 演奏／ジャズ,国立音大 音楽学部 演奏・創作学科 ジャズ専修 
3241832301,国立音楽大学 音楽 演奏／作曲,国立音大 音楽学部 演奏・創作学科 作曲専修 
3241832471,国立音楽大学 音楽 演奏／音楽デ,国立音大 音楽学部 演奏・創作学科 音楽デザイン専修 
3241832601,国立音楽大学 音楽 音楽／音楽教,国立音大 音楽学部 音楽文化教育学科 音楽文化教育専攻 音楽教育専修
3241832701,国立音楽大学 音楽 音楽／音楽療,国立音大 音楽学部 音楽文化教育学科 音楽文化教育専攻 音楽療法専修
3241832801,国立音楽大学 音楽 音楽／音楽情,国立音大 音楽学部 音楽文化教育学科 音楽文化教育専攻 音楽情報専修
3241832901,国立音楽大学 音楽 音楽／幼児音,国立音大 音楽学部 音楽文化教育学科 幼児音楽教育専攻 
3242010600,慶應義塾大学 文 人文社会,慶応大KO 慶大 慶応 文学部 人文社会学科 
3242120101,慶應義塾大学 法 政治,慶応大KO 慶大 慶応 法学部 政治学科 
3242120201,慶應義塾大学 法 法律,慶応大KO 慶大 慶応 法学部 法律学科 
3242130100,慶應義塾大学 総合政策 総合政策,慶応大KO 慶大 慶応 総合政策学部 総合政策学科 
3242180101,慶應義塾大学 経済 経済,慶応大KO 慶大 慶応 経済学部 経済学科 
3242200101,慶應義塾大学 商 商,慶応大KO 慶大 慶応 商学部 商学科 
3242472301,慶應義塾大学 理工 学門Ａ,慶応大KO 慶大 慶応 理工学部 学門Ａ 
3242472401,慶應義塾大学 理工 学門Ｂ,慶応大KO 慶大 慶応 理工学部 学門Ｂ 
3242472501,慶應義塾大学 理工 学門Ｃ,慶応大KO 慶大 慶応 理工学部 学門Ｃ 
3242472601,慶應義塾大学 理工 学門Ｄ,慶応大KO 慶大 慶応 理工学部 学門Ｄ 
3242472701,慶應義塾大学 理工 学門Ｅ,慶応大KO 慶大 慶応 理工学部 学門Ｅ 
3242480100,慶應義塾大学 環境情報 環境情報,慶応大KO 慶大 慶応 環境情報学部 環境情報学科 
3242550101,慶應義塾大学 医 医,慶応大KO 慶大 慶応 医学部 医学科 
3242610101,慶應義塾大学 薬 薬,慶応大KO 慶大 慶応 薬学部 薬学科 
3242610201,慶應義塾大学 薬 薬科学,慶応大KO 慶大 慶応 薬学部 薬科学科 
3242640100,慶應義塾大学 看護医療 看護,慶応大KO 慶大 慶応 看護医療学部 看護学科 
3244370101,工学院大学 情報 コンピュータ,工学院大 情報学部 コンピュータ科学科 
3244370201,工学院大学 情報 情報デザイン,工学院大 情報学部 情報デザイン学科 
3244370301,工学院大学 情報 情報科学,工学院大 情報学部 情報科学科 
3244370401,工学院大学 情報 情報通信工,工学院大 情報学部 情報通信工学科 
3244461101,工学院大学 工 機械シス工,工学院大 工学部 機械システム工学科 
3244461201,工学院大学 工 機械工,工学院大 工学部 機械工学科 
3244462101,工学院大学 工 電気電子工,工学院大 工学部 電気電子工学科 
3244480101,工学院大学 建築 建築,工学院大 建築学部 建築学科 
3244480201,工学院大学 建築 建築デザイン,工学院大 建築学部 建築デザイン学科 
3244480301,工学院大学 建築 まちづくり,工学院大 建築学部 まちづくり学科 
3244480401,工学院大学 建築 学部総合,工学院大工学院大学 建築 学部総合
3244490101,工学院大学 先進工 生命化,工学院大 先進工学部 生命化学科 
3244490201,工学院大学 先進工 応用化,工学院大 先進工学部 応用化学科 
3244490301,工学院大学 先進工 環境化,工学院大 先進工学部 環境化学科 
3244490401,工学院大学 先進工 応用物理,工学院大 先進工学部 応用物理学科 
3244490601,工学院大学 先進工 大学院接続型,工学院大工学院大学 先進工 大学院接続型
3244490701,工学院大学 先進工 機械／機械理,工学院大 先進工学部 機械理工学科 機械理工学専攻 
3244490801,工学院大学 先進工 機械／航空理,工学院大 先進工学部 機械理工学科 航空理工学専攻 
3245010101,國學院大學 文 史学,国学院大 文学部 史学科 
3245010301,國學院大學 文 哲学,国学院大 文学部 哲学科 
3245010501,國學院大學 文 日本文,国学院大 文学部 日本文学科 
3245010601,國學院大學 文 中国文,国学院大 文学部 中国文学科 
3245010701,國學院大學 文 外国語文化,国学院大 文学部 外国語文化学科 
3245030101,國學院大學 神道文化 神道文化,国学院大 神道文化学部 神道文化学科 
3245120201,國學院大學 法 法律／法律,国学院大 法学部 法律学科 法律専攻 
3245120301,國學院大學 法 法律／法律専,国学院大 法学部 法律学科 法律専門職専攻 
3245120401,國學院大學 法 法律／政治,国学院大 法学部 法律学科 政治専攻 
3245180101,國學院大學 経済 経済,国学院大 経済学部 経済学科 
3245180301,國學院大學 経済 経営,国学院大 経済学部 経営学科 
3245270101,國學院大學 観光まち 観光まちづく,国学院大 観光まちづくり学部 観光まちづくり学科 
3245310101,國學院大學 人間開発 初等教育,国学院大 人間開発学部 初等教育学科 
3245310201,國學院大學 人間開発 健康体育,国学院大 人間開発学部 健康体育学科 
3245310301,國學院大學 人間開発 子ども支援,国学院大 人間開発学部 子ども支援学科 
3246370701,国際基督教大学 教養 アーツ・サイ,国際基督教大ICU 教養学部 アーツ・サイエンス学科 
3247010902,国士舘大学 文 教育,国士舘大 文学部 教育学科 
3247011101,国士舘大学 文 文学,国士舘大 文学部 日本文学文化学科 
3247011401,国士舘大学 文 史／考古・日,国士舘大 文学部 史学地理学科 考古・日本史学コース 
3247011501,国士舘大学 文 史／地理・環,国士舘大 文学部 史学地理学科 地理・環境コース 
3247030101,国士舘大学 ２１世紀 ２１世紀アジ,国士舘大 ２１世紀アジア学部 ２１世紀アジア学科 
3247120101,国士舘大学 法 法律,国士舘大 法学部 法律学科 
3247120201,国士舘大学 法 現代ビジネス,国士舘大 法学部 現代ビジネス法学科 
3247130203,国士舘大学 政経 経済,国士舘大 政経学部 経済学科 
3247130303,国士舘大学 政経 政治行政,国士舘大 政経学部 政治行政学科 
3247190101,国士舘大学 経営 経営,国士舘大 経営学部 経営学科 
3247470101,国士舘大学 理工 理工,国士舘大 理工学部 理工学科 
3247640101,国士舘大学 体育 体育,国士舘大 体育学部 体育学科 
3247640201,国士舘大学 体育 スポーツ医科,国士舘大 体育学部 スポーツ医科学科 
3247640301,国士舘大学 体育 武道,国士舘大 体育学部 武道学科 
3247640401,国士舘大学 体育 こどもスポー,国士舘大 体育学部 こどもスポーツ教育学科 
3248010101,駒澤大学 文 英米文,駒澤大駒大 文学部 英米文学科 
3248010201,駒澤大学 文 国文,駒澤大駒大 文学部 国文学科 
3248010601,駒澤大学 文 心理,駒澤大駒大 文学部 心理学科 
3248010701,駒澤大学 文 社会／社会学,駒澤大駒大 文学部 社会学科 社会学専攻 
3248010801,駒澤大学 文 社会／社会福,駒澤大駒大 文学部 社会学科 社会福祉学専攻 
3248010901,駒澤大学 文 地理／地域文,駒澤大駒大 文学部 地理学科 地域文化研究専攻 
3248011001,駒澤大学 文 地理／地域環,駒澤大駒大 文学部 地理学科 地域環境研究専攻 
3248011101,駒澤大学 文 歴史／日本史,駒澤大駒大 文学部 歴史学科 日本史学専攻 
3248011201,駒澤大学 文 歴史／外国史,駒澤大駒大 文学部 歴史学科 外国史学専攻 
3248011301,駒澤大学 文 歴史／考古学,駒澤大駒大 文学部 歴史学科 考古学専攻 
3248030000,駒澤大学 仏教 ,駒澤大駒大 仏教学部 
3248120101,駒澤大学 法 政治,駒澤大駒大 法学部 政治学科 
3248120201,駒澤大学 法 法律,駒澤大駒大 法学部 法律学科 
3248170100,駒澤大学 法Ｂ 法律,駒澤大駒大 法学部フレックスＢ 法律学科 
3248180101,駒澤大学 経済 経済,駒澤大駒大 経済学部 経済学科 
3248180201,駒澤大学 経済 商,駒澤大駒大 経済学部 商学科 
3248180301,駒澤大学 経済 現代応用経済,駒澤大駒大 経済学部 現代応用経済学科 
3248190101,駒澤大学 経営 経営,駒澤大駒大 経営学部 経営学科 
3248190201,駒澤大学 経営 市場戦略,駒澤大駒大 経営学部 市場戦略学科 
3248370101,駒澤大学 グローバ グローバルメ,駒澤大駒大 グローバル・メディア・スタディーズ学部 グローバル・メディア学科 
3248640100,駒澤大学 医療健康 診療放射技術,駒澤大駒大 医療健康科学部 診療放射線技術科学科 
3249030101,駒沢女子大学 共創文化 国際日本,駒沢女子大 共創文化学部 国際日本学科 
3249030201,駒沢女子大学 共創文化 人間関係,駒沢女子大 共創文化学部 人間関係学科 
3249030401,駒沢女子大学 共創文化 心理,駒沢女子大 共創文化学部 心理学科 
3249270101,駒沢女子大学 観光文化 観光文化,駒沢女子大 観光文化学部 観光文化学科 
3249640101,駒沢女子大学 人間健康 健康栄養,駒沢女子大 人間健康学部 健康栄養学科 
3249650101,駒沢女子大学 看護 看護,駒沢女子大 看護学部 看護学科 
3249790101,駒沢女子大学 空間デザ 空間デザイン,駒沢女子大 空間デザイン学部 空間デザイン学科 
3250010101,実践女子大学 文 英文,実践女子大 文学部 英文学科 
3250010201,実践女子大学 文 国文,実践女子大 文学部 国文学科 
3250010301,実践女子大学 文 美学美術史,実践女子大 文学部 美学美術史学科 
3250270000,実践女子大学 人間社会 ,実践女子大 人間社会学部 
3250330102,実践女子大学 国際 国際,実践女子大 国際学部 国際学科 
3250790501,実践女子大学 生活科学 生活／生活心,実践女子大 生活科学部 生活文化学科 生活心理専攻 
3250790601,実践女子大学 生活科学 生活／幼児保,実践女子大 生活科学部 生活文化学科 幼児保育専攻 
3250790801,実践女子大学 生活科学 現代生活,実践女子大 生活科学部 現代生活学科 
3250800102,実践女子大学 環境デザ 環境デザイン,実践女子大 環境デザイン学部 環境デザイン学科 
3250810101,実践女子大学 食科学 食科／食デザ,実践女子大 食科学部 食科学科 食デザイン専攻 
3250810201,実践女子大学 食科学 食科／健康栄,実践女子大 食科学部 食科学科 健康栄養専攻 
3250810301,実践女子大学 食科学 管理栄養,実践女子大 食科学部 管理栄養学科 
3251461101,芝浦工業大学 工 土木工学,芝浦工大SIT 工学部 土木工学課程 
3251461401,芝浦工業大学 工 機械／基幹機,芝浦工大SIT 工学部 機械工学課程 基幹機械コース 
3251461501,芝浦工業大学 工 機械／先進機,芝浦工大SIT 工学部 機械工学課程 先進機械コース 
3251461601,芝浦工業大学 工 物質／環境物,芝浦工大SIT 工学部 物質化学課程 環境・物質工学コース 
3251461701,芝浦工業大学 工 物質／化学生,芝浦工大SIT 工学部 物質化学課程 化学・生命工学コース 
3251461801,芝浦工業大学 工 電気／電気ロ,芝浦工大SIT 工学部 電気電子工学課程 電気・ロボット工学コース 
3251461901,芝浦工業大学 工 電気／先端電,芝浦工大SIT 工学部 電気電子工学課程 先端電子工学コース 
3251462001,芝浦工業大学 工 情報／情報通,芝浦工大SIT 工学部 情報・通信工学課程 情報通信コース 
3251462101,芝浦工業大学 工 情報／情報工,芝浦工大SIT 工学部 情報・通信工学課程 情報工学コース 
3251470202,芝浦工業大学 シス理工 機械・電気,芝浦工大SIT システム理工学部 機械・電気課程 
3251470401,芝浦工業大学 シス理工 生命／生命科,芝浦工大SIT システム理工学部 生命科学課程 生命科学コース 
3251470501,芝浦工業大学 シス理工 生命／医工学,芝浦工大SIT システム理工学部 生命科学課程 医工学コース 
3251470601,芝浦工業大学 シス理工 数理科学,芝浦工大SIT システム理工学部 数理科学課程 
3251470701,芝浦工業大学 シス理工 建築／建築,芝浦工大SIT システム理工学部 建築・環境課程 建築コース 
3251470801,芝浦工業大学 シス理工 建築／環境都,芝浦工大SIT システム理工学部 建築・環境課程 環境・都市コース 
3251470901,芝浦工業大学 シス理工 情報／ＩｏＴ,芝浦工大SIT システム理工学部 情報課程 ＩｏＴコース 
3251471001,芝浦工業大学 シス理工 情報／ソフト,芝浦工大SIT システム理工学部 情報課程 ソフトウェアコース 
3251471101,芝浦工業大学 シス理工 情報／メディ,芝浦工大SIT システム理工学部 情報課程 メディアコース 
3251471201,芝浦工業大学 シス理工 情報／データ,芝浦工大SIT システム理工学部 情報課程 データサイエンスコース 
3251471301,芝浦工業大学 シス理工 生命／スポー,芝浦工大SIT システム理工学部 生命科学課程 スポーツ工学コース 
3251480701,芝浦工業大学 デザイン デザ／プロダ,芝浦工大SIT デザイン工学部 デザイン工学科 プロダクトデザインコース 
3251480801,芝浦工業大学 デザイン デザ／ＵＸ,芝浦工大SIT デザイン工学部 デザイン工学科 ＵＸデザインコース 
3251480901,芝浦工業大学 デザイン デザ／社会情,芝浦工大SIT デザイン工学部 デザイン工学科 システムデザインコース 
3251490102,芝浦工業大学 建築 建築／空間建,芝浦工大SIT 建築学部 建築学科 空間・建築デザインコース 
3251490202,芝浦工業大学 建築 建築／都市建,芝浦工大SIT 建築学部 建築学科 都市・建築デザインコース 
3251490302,芝浦工業大学 建築 建築／先進的,芝浦工大SIT 建築学部 建築学科 先進的プロジェクトデザインコース 
3252370101,順天堂大学 国際教養 国際教養,順天堂大 国際教養学部 国際教養学科 
3252380101,順天堂大学 健康デー 健康データサ,順天堂大 健康データサイエンス学部 健康データサイエンス学科 
3252550101,順天堂大学 医 医,順天堂大 医学部 医学科 
3252610101,順天堂大学 薬 薬,順天堂大 薬学部 薬学科 
3252640403,順天堂大学 スポーツ スポーツ健康,順天堂大 スポーツ健康科学部 スポーツ健康科学科 
3252650101,順天堂大学 医療看護 看護,順天堂大 医療看護学部 看護学科 
3252660101,順天堂大学 保健看護 看護,順天堂大 保健看護学部 看護学科 
3252670101,順天堂大学 保健医療 理学療法,順天堂大 保健医療学部 理学療法学科 
3252670201,順天堂大学 保健医療 診療放射線,順天堂大 保健医療学部 診療放射線学科 
3252680101,順天堂大学 医療科学 臨床検査,順天堂大 医療科学部 臨床検査学科 
3252680201,順天堂大学 医療科学 臨床工,順天堂大 医療科学部 臨床工学科 
3253010101,上智大学 文 英文,上智大 文学部 英文学科 
3253010301,上智大学 文 国文,上智大 文学部 国文学科 
3253010401,上智大学 文 史学,上智大 文学部 史学科 
3253010701,上智大学 文 新聞,上智大 文学部 新聞学科 
3253010901,上智大学 文 哲学,上智大 文学部 哲学科 
3253011001,上智大学 文 ドイツ文,上智大 文学部 ドイツ文学科 
3253011101,上智大学 文 フランス文,上智大 文学部 フランス文学科 
3253030101,上智大学 神 神,上智大 神学部 神学科 
3253080101,上智大学 外国語 イスパニア語,上智大 外国語学部 イスパニア語学科 
3253080201,上智大学 外国語 英語,上智大 外国語学部 英語学科 
3253080301,上智大学 外国語 ドイツ語,上智大 外国語学部 ドイツ語学科 
3253080401,上智大学 外国語 フランス語,上智大 外国語学部 フランス語学科 
3253080501,上智大学 外国語 ポルトガル語,上智大 外国語学部 ポルトガル語学科 
3253080601,上智大学 外国語 ロシア語,上智大 外国語学部 ロシア語学科 
3253120101,上智大学 法 国際関係法,上智大 法学部 国際関係法学科 
3253120201,上智大学 法 法律,上智大 法学部 法律学科 
3253120301,上智大学 法 地球環境法,上智大 法学部 地球環境法学科 
3253180101,上智大学 経済 経営,上智大 経済学部 経営学科 
3253180202,上智大学 経済 経済,上智大 経済学部 経済学科 
3253330102,上智大学 総合グロ 総合グローバ,上智大 総合グローバル学部 総合グローバル学科 
3253370103,上智大学 総合人間 教育,上智大 総合人間科学部 教育学科 
3253370202,上智大学 総合人間 心理,上智大 総合人間科学部 心理学科 
3253370302,上智大学 総合人間 社会,上智大 総合人間科学部 社会学科 
3253370403,上智大学 総合人間 社会福祉,上智大 総合人間科学部 社会福祉学科 
3253370502,上智大学 総合人間 看護,上智大 総合人間科学部 看護学科 
3253380101,上智大学 国際教養 国際教養,上智大上智大学 国際教養 国際教養
3253470603,上智大学 理工 機能創造理工,上智大 理工学部 機能創造理工学科 
3253470703,上智大学 理工 物質生命理工,上智大 理工学部 物質生命理工学科 
3253470803,上智大学 理工 情報理工,上智大 理工学部 情報理工学科 
3254550101,昭和医科大学 医 医,昭和医大 医学部 医学科 
3254580101,昭和医科大学 歯 歯,昭和医大 歯学部 歯学科 
3254610201,昭和医科大学 薬 薬,昭和医大 薬学部 薬学科 
3254640100,昭和医科大学 保健医療 看護,昭和医大 保健医療学部 看護学科 
3254640401,昭和医科大学 保健医療 リハ／理学療,昭和医大 保健医療学部 リハビリテーション学科 理学療法学専攻 
3254640501,昭和医科大学 保健医療 リハ／作業療,昭和医大 保健医療学部 リハビリテーション学科 作業療法学専攻 
3255210101,昭和女子大学 グローバ ビジネスデザ,昭和女子大 グローバルビジネス学部 ビジネスデザイン学科 
3255210201,昭和女子大学 グローバ 会計ファイナ,昭和女子大 グローバルビジネス学部 会計ファイナンス学科 
3255270101,昭和女子大学 人間社会 心理,昭和女子大 人間社会学部 心理学科 
3255270201,昭和女子大学 人間社会 福祉社会,昭和女子大 人間社会学部 福祉社会学科 
3255270301,昭和女子大学 人間社会 現代教養,昭和女子大 人間社会学部 現代教養学科 
3255270401,昭和女子大学 人間社会 初等教育,昭和女子大 人間社会学部 初等教育学科 
3255330101,昭和女子大学 国際 国際教養,昭和女子大 国際学部 国際教養学科 
3255330201,昭和女子大学 国際 国際,昭和女子大 国際学部 国際学科 
3255330301,昭和女子大学 国際 国際日本,昭和女子大 国際学部 国際日本学科 
3255370101,昭和女子大学 人間文化 日本語日本文,昭和女子大 人間文化学部 日本語日本文学科 
3255370301,昭和女子大学 人間文化 歴史文化,昭和女子大 人間文化学部 歴史文化学科 
3255380101,昭和女子大学 総合情報 データサイエ,昭和女子大 総合情報学部 データサイエンス学科 
3255380201,昭和女子大学 総合情報 デジタルイノ,昭和女子大 総合情報学部 デジタルイノベーション学科 
3255790401,昭和女子大学 食健康科 管理栄養,昭和女子大 食健康科学部 管理栄養学科 
3255790501,昭和女子大学 食健康科 健康デザイン,昭和女子大 食健康科学部 健康デザイン学科 
3255790601,昭和女子大学 食健康科 食安全マネジ,昭和女子大 食健康科学部 食安全マネジメント学科 
3255800101,昭和女子大学 環境デザ 環境デザイン,昭和女子大 環境デザイン学部 環境デザイン学科 
3256610201,昭和薬科大学 薬 薬,昭和薬大 薬学部 薬学科 
3257790301,日本栄養大学 栄養 食文化栄養,日本栄養大 栄養学部 食文化栄養学科 
3257790501,日本栄養大学 栄養 保健／栄養イ,日本栄養大 栄養学部 保健栄養学科 栄養イノベーション専攻 
3257790601,日本栄養大学 栄養 保健／保健養,日本栄養大 栄養学部 保健栄養学科 保健養護専攻 
3257790701,日本栄養大学 栄養 実践栄養,日本栄養大 栄養学部 実践栄養学科 
3258831101,女子美術大学 芸術 美術／洋画,女子美大 芸術学部 美術学科 洋画専攻 
3258831201,女子美術大学 芸術 美術／日本画,女子美大 芸術学部 美術学科 日本画専攻 
3258831301,女子美術大学 芸術 美術／立体ア,女子美大 芸術学部 美術学科 立体アート専攻 
3258831401,女子美術大学 芸術 美術／国際芸,女子美大 芸術学部 美術学科 国際芸術文化専攻 
3258831501,女子美術大学 芸術 デザ／ヴィジ,女子美大 芸術学部 デザイン・工芸学科 ヴィジュアルデザイン専攻 
3258831601,女子美術大学 芸術 デザ／環境デ,女子美大 芸術学部 デザイン・工芸学科 環境デザイン専攻 
3258831701,女子美術大学 芸術 デザ／プロダ,女子美大 芸術学部 デザイン・工芸学科 プロダクトデザイン専攻 
3258831801,女子美術大学 芸術 デザ／工芸,女子美大 芸術学部 デザイン・工芸学科 工芸専攻 
3258831901,女子美術大学 芸術 アー／メディ,女子美大 芸術学部 アート・デザイン表現学科 メディア表現領域 
3258832001,女子美術大学 芸術 アー／ヒーリ,女子美大 芸術学部 アート・デザイン表現学科 ヒーリング表現領域 
3258832101,女子美術大学 芸術 アー／ファッ,女子美大 芸術学部 アート・デザイン表現学科 ファッション表現領域 
3258832201,女子美術大学 芸術 アー／クリエ,女子美大 芸術学部 アート・デザイン表現学科 クリエイティブ・プロデュース表現領域 
3258832301,女子美術大学 芸術 美術／美術教,女子美大 芸術学部 美術学科 美術教育専攻 
3258832401,女子美術大学 芸術 共創デザイン,女子美大 芸術学部 共創デザイン学科 
3258832501,女子美術大学 芸術 アー／スペー,女子美大 芸術学部 アート・デザイン表現学科 スペース表現領域 
3259010101,白百合女子大学 文 英語英文,白百合女子大 文学部 英語英文学科 
3259010201,白百合女子大学 文 国語国文,白百合女子大 文学部 国語国文学科 
3259010401,白百合女子大学 文 フランス語フ,白百合女子大 文学部 フランス語フランス文学科 
3259370102,白百合女子大学 人間総合 児童文化,白百合女子大 人間総合学部 児童文化学科 
3259370202,白百合女子大学 人間総合 初等教育,白百合女子大 人間総合学部 初等教育学科 
3259370302,白百合女子大学 人間総合 発達心理,白百合女子大 人間総合学部 発達心理学科 
3260790101,杉野服飾大学 服飾 服飾,杉野服飾大 服飾学部 服飾学科 
3260790201,杉野服飾大学 服飾 服飾表現,杉野服飾大 服飾学部 服飾表現学科 
3260790301,杉野服飾大学 服飾 服飾文化,杉野服飾大 服飾学部 服飾文化学科 
3261010101,成蹊大学 文 英語英米文,成蹊大成大 文学部 英語英米文学科 
3261010201,成蹊大学 文 日本文,成蹊大成大 文学部 日本文学科 
3261010401,成蹊大学 文 国際文化,成蹊大成大 文学部 国際文化学科 
3261010501,成蹊大学 文 現代社会,成蹊大成大 文学部 現代社会学科 
3261120101,成蹊大学 法 政治,成蹊大成大 法学部 政治学科 
3261120201,成蹊大学 法 法律,成蹊大成大 法学部 法律学科 
3261180401,成蹊大学 経済 経済数理,成蹊大成大 経済学部 経済数理学科 
3261180501,成蹊大学 経済 現代経済,成蹊大成大 経済学部 現代経済学科 
3261190101,成蹊大学 経営 総合経営,成蹊大成大 経営学部 総合経営学科 
3261330101,成蹊大学 国際共創 国際／国際日,成蹊大成大 国際共創学部 国際共創学科 国際日本学専攻 
3261330201,成蹊大学 国際共創 国際／環境サ,成蹊大成大 国際共創学部 国際共創学科 環境サステナビリティ学専攻 
3261470401,成蹊大学 理工 理工／データ,成蹊大成大 理工学部 理工学科 データ数理専攻 
3261470501,成蹊大学 理工 理工／コンピ,成蹊大成大 理工学部 理工学科 コンピュータ科学専攻 
3261470601,成蹊大学 理工 理工／機械シ,成蹊大成大 理工学部 理工学科 機械システム専攻 
3261470701,成蹊大学 理工 理工／電気電,成蹊大成大 理工学部 理工学科 電気電子専攻 
3261470801,成蹊大学 理工 理工／応用化,成蹊大成大 理工学部 理工学科 応用化学専攻 
3262030101,成城大学 文芸 英文,成城大城大 文芸学部 英文学科 
3262030201,成城大学 文芸 芸術,成城大城大 文芸学部 芸術学科 
3262030301,成城大学 文芸 国文,成城大城大 文芸学部 国文学科 
3262030401,成城大学 文芸 文化史,成城大城大 文芸学部 文化史学科 
3262030501,成城大学 文芸 マスコミュニ,成城大城大 文芸学部 マスコミュニケーション学科 
3262030601,成城大学 文芸 ヨーロッパ文,成城大城大 文芸学部 ヨーロッパ文化学科 
3262120101,成城大学 法 法律,成城大城大 法学部 法律学科 
3262180101,成城大学 経済 経営,成城大城大 経済学部 経営学科 
3262180201,成城大学 経済 経済,成城大城大 経済学部 経済学科 
3262270101,成城大学 社会イノ 政策イノベー,成城大城大 社会イノベーション学部 政策イノベーション学科 
3262270201,成城大学 社会イノ 心理社会,成城大城大 社会イノベーション学部 心理社会学科 
3263370000,聖心女子大学 現代教養 ,聖心女子大 現代教養学部 
3264030101,清泉女子大学 総合文化 総合／日本文,清泉女子大 総合文化学部 総合文化学科 日本文化領域 
3264030201,清泉女子大学 総合文化 総合／国際文,清泉女子大 総合文化学部 総合文化学科 国際文化領域 
3264030301,清泉女子大学 総合文化 総合／文化史,清泉女子大 総合文化学部 総合文化学科 文化史領域 
3264370101,清泉女子大学 地球市民 地球／地域共,清泉女子大 地球市民学部 地球市民学科 地域共生領域 
3264370201,清泉女子大学 地球市民 地球／ソーシ,清泉女子大 地球市民学部 地球市民学科 ソーシャルデザイン領域 
3265640100,聖路加国際大学 看護 看護,聖路加国際大 看護学部 看護学科 
3266010101,専修大学 文 英語英米文,専修大専大 文学部 英語英米文学科 
3266011301,専修大学 文 日本文学文化,専修大専大 文学部 日本文学文化学科 
3266011401,専修大学 文 哲学,専修大専大 文学部 哲学科 
3266011501,専修大学 文 歴史,専修大専大 文学部 歴史学科 
3266011601,専修大学 文 環境地理,専修大専大 文学部 環境地理学科 
3266011702,専修大学 文 ジャーナリズ,専修大専大 文学部 ジャーナリズム学科 
3266120101,専修大学 法 法律,専修大専大 法学部 法律学科 
3266120201,専修大学 法 政治,専修大専大 法学部 政治学科 
3266180201,専修大学 経済 国際経済,専修大専大 経済学部 国際経済学科 
3266180301,専修大学 経済 現代経済,専修大専大 経済学部 現代経済学科 
3266180401,専修大学 経済 生活環境経済,専修大専大 経済学部 生活環境経済学科 
3266190101,専修大学 経営 経営,専修大専大 経営学部 経営学科 
3266190302,専修大学 経営 ビジネスデザ,専修大専大 経営学部 ビジネスデザイン学科 
3266200101,専修大学 商 会計,専修大専大 商学部 会計学科 
3266200201,専修大学 商 マーケティン,専修大専大 商学部 マーケティング学科 
3266370101,専修大学 ネットワ ネットワーク,専修大専大 ネットワーク情報学部 ネットワーク情報学科 
3266380101,専修大学 人間科学 心理,専修大専大 人間科学部 心理学科 
3266380201,専修大学 人間科学 社会,専修大専大 人間科学部 社会学科 
3266390101,専修大学 国際コミ 日本語,専修大専大 国際コミュニケーション学部 日本語学科 
3266390201,専修大学 国際コミ 異文化コミュ,専修大専大 国際コミュニケーション学部 異文化コミュニケーション学科 
3267010703,創価大学 文 人間,創価大 文学部 人間学科 
3267120103,創価大学 法 法律政治,創価大 法学部 法律政治学科 
3267210101,創価大学 経済経営 ビジネス,創価大 経済経営学部 ビジネス学科 
3267300103,創価大学 教育 心理・教育,創価大 教育学部 心理・教育学科 
3267300203,創価大学 教育 児童教育,創価大 教育学部 児童教育学科 
3267370103,創価大学 国際教養 国際教養,創価大 国際教養学部 国際教養学科 
3267470203,創価大学 理工 情報シス工,創価大 理工学部 情報システム工学科 
3267470401,創価大学 理工 グリーンテク,創価大 理工学部 グリーンテクノロジー学科 
3267470501,創価大学 理工 生命理工,創価大 理工学部 生命理工学科 
3267640103,創価大学 看護 看護,創価大 看護学部 看護学科 
3268010501,大正大学 文 歴史,大正大 文学部 歴史学科 
3268010602,大正大学 文 人文,大正大 文学部 人文学科 
3268011302,大正大学 文 日本文,大正大 文学部 日本文学科 
3268030102,大正大学 表現 表現文化,大正大 表現学部 表現文化学科 
3268030502,大正大学 表現 メディア表現,大正大 表現学部 メディア表現学科 
3268040102,大正大学 仏教 仏教,大正大 仏教学部 仏教学科 
3268050102,大正大学 臨床心理 臨床心理,大正大 臨床心理学部 臨床心理学科 
3268370102,大正大学 人間 人間科学,大正大 人間学部 人間科学科 
3268371001,大正大学 人間 社会福祉,大正大 人間学部 社会福祉学科 
3268380103,大正大学 地域創生 地域創生,大正大 地域創生学部 地域創生学科 
3268380202,大正大学 地域創生 公共政策,大正大 地域創生学部 公共政策学科 
3268400102,大正大学 情報科学 グリーンデジ,大正大 情報科学部 グリーンデジタル情報学科 
3268400202,大正大学 情報科学 デジタル文化,大正大 情報科学部 デジタル文化財情報学科 
3269010101,大東文化大学 文 英米文,大東文化大 文学部 英米文学科 
3269010201,大東文化大学 文 教育,大東文化大 文学部 教育学科 
3269010302,大東文化大学 文 中国文,大東文化大 文学部 中国文学科 
3269010401,大東文化大学 文 日本文,大東文化大 文学部 日本文学科 
3269010501,大東文化大学 文 書道,大東文化大 文学部 書道学科 
3269010601,大東文化大学 文 歴史文化,大東文化大 文学部 歴史文化学科 
3269080101,大東文化大学 外国語 英語,大東文化大 外国語学部 英語学科 
3269080201,大東文化大学 外国語 中国語,大東文化大 外国語学部 中国語学科 
3269080301,大東文化大学 外国語 日本語,大東文化大 外国語学部 日本語学科 
3269120101,大東文化大学 法 政治,大東文化大 法学部 政治学科 
3269120201,大東文化大学 法 法律,大東文化大 法学部 法律学科 
3269180201,大東文化大学 経済 社会経済,大東文化大 経済学部 社会経済学科 
3269180301,大東文化大学 経済 現代経済,大東文化大 経済学部 現代経済学科 
3269190101,大東文化大学 経営 経営,大東文化大 経営学部 経営学科 
3269250101,大東文化大学 社会 社会,大東文化大 社会学部 社会学科 
3269330101,大東文化大学 国際関係 国際関係,大東文化大 国際関係学部 国際関係学科 
3269330201,大東文化大学 国際関係 国際文化,大東文化大 国際関係学部 国際文化学科 
3269640101,大東文化大学 スポーツ スポーツ科学,大東文化大 スポーツ・健康科学部 スポーツ科学科 
3269640201,大東文化大学 スポーツ 健康科学,大東文化大 スポーツ・健康科学部 健康科学科 
3269640301,大東文化大学 スポーツ 看護,大東文化大 スポーツ・健康科学部 看護学科 
3270190101,高千穂大学 経営 経営,高千穂大 経営学部 経営学科 
3270190501,高千穂大学 経営 経営／起業事,高千穂大 経営 経営／起業事 '13 0
3270200201,高千穂大学 商 商,高千穂大 商学部 商学科 
3270370101,高千穂大学 人間科学 人間／人間科,高千穂大 人間科学部 人間科学科 人間科学専攻 
3270370201,高千穂大学 人間科学 人間／児童教,高千穂大 人間科学部 人間科学科 児童教育専攻 
3271080102,拓殖大学 外国語 英米語,拓殖大 外国語学部 英米語学科 
3271080202,拓殖大学 外国語 スペイン語,拓殖大 外国語学部 スペイン語学科 
3271080302,拓殖大学 外国語 中国語,拓殖大 外国語学部 中国語学科 
3271080401,拓殖大学 外国語 国際日本語,拓殖大 外国語学部 国際日本語学科 
3271130100,拓殖大学 政経 経済,拓殖大 政経学部 経済学科 
3271130200,拓殖大学 政経 法律政治,拓殖大 政経学部 法律政治学科 
3271130301,拓殖大学 政経 社会安全,拓殖大 政経学部 社会安全学科 
3271200102,拓殖大学 商 経営,拓殖大 商学部 経営学科 
3271200202,拓殖大学 商 国際ビジネス,拓殖大 商学部 国際ビジネス学科 
3271200301,拓殖大学 商 会計,拓殖大 商学部 会計学科 
3271340101,拓殖大学 国際 国際,拓殖大 国際学部 国際学科 
3271460101,拓殖大学 工 機械シス工,拓殖大 工学部 機械システム工学科 
3271460301,拓殖大学 工 情報工,拓殖大 工学部 情報工学科 
3271460401,拓殖大学 工 電子シス工,拓殖大 工学部 電子システム工学科 
3271460701,拓殖大学 工 国際,拓殖大拓殖大学 工 国際
3271461601,拓殖大学 工 デザイン,拓殖大 工学部 デザイン学科 
3272210000,多摩大学 経営情報 ,多摩大 経営情報学部 
3272370109,多摩大学 グローバ グローバルス,多摩大 グローバルスタディーズ学部 グローバルスタディーズ学科 
3273012302,玉川大学 文 英語教育,玉川大 文学部 英語教育学科 
3273012403,玉川大学 文 国語教育,玉川大 文学部 国語教育学科 
3273190101,玉川大学 経営 国際経営,玉川大 経営学部 国際経営学科 
3273270102,玉川大学 観光 観光,玉川大 観光学部 観光学科 
3273300101,玉川大学 教育 教育,玉川大 教育学部 教育学科 
3273300201,玉川大学 教育 乳幼児発達,玉川大 教育学部 乳幼児発達学科 
3273300302,玉川大学 教育 教育／保健体,玉川大 教育学部 教育学科 保健体育専攻 
3273370102,玉川大学 リベラル リベラルアー,玉川大 リベラルアーツ学部 リベラルアーツ学科 
3273460205,玉川大学 工 マネジメント,玉川大 工学部 マネジメントサイエンス学科 
3273460703,玉川大学 工 ソフトウェア,玉川大 工学部 ソフトウェアサイエンス学科 
3273460802,玉川大学 工 数学教員養成,玉川大 工学部 数学教員養成プログラム 
3273461003,玉川大学 工 情報通信工,玉川大 工学部 情報通信工学科 
3273461401,玉川大学 工 デザインサイ,玉川大 工学部 デザインサイエンス学科 
3273720603,玉川大学 農 生産農,玉川大 農学部 生産農学科 
3273720703,玉川大学 農 環境農,玉川大 農学部 環境農学科 
3273720803,玉川大学 農 先端食農,玉川大 農学部 先端食農学科 
3273720902,玉川大学 農 生産／理科,玉川大 農学部 生産農学科 理科教育コース 
3273831002,玉川大学 芸術 演劇・舞踊,玉川大 芸術学部 演劇・舞踊学科 
3273831101,玉川大学 芸術 音楽／演奏創,玉川大 芸術学部 音楽学科 演奏・創作コース 
3273831201,玉川大学 芸術 音楽／ミュー,玉川大 芸術学部 音楽学科 ミュージカルコース 
3273831301,玉川大学 芸術 音楽／音楽教,玉川大 芸術学部 音楽学科 音楽教育コース 
3273831401,玉川大学 芸術 アー／メディ,玉川大 芸術学部 アート・デザイン学科 メディア表現コース 
3273831501,玉川大学 芸術 アー／美術教,玉川大 芸術学部 アート・デザイン学科 美術教育コース 
3274830100,多摩美術大学 美術 絵画／油画,多摩美大 美術学部 絵画学科 油画専攻 
3274830200,多摩美術大学 美術 絵画／日本画,多摩美大 美術学部 絵画学科 日本画専攻 
3274830300,多摩美術大学 美術 絵画／版画,多摩美大 美術学部 絵画学科 版画・プリントメディア専攻 
3274830501,多摩美術大学 美術 芸術,多摩美大 美術学部 芸術学科 
3274830600,多摩美術大学 美術 彫刻,多摩美大 美術学部 彫刻学科 
3274831301,多摩美術大学 美術 建築・環境デ,多摩美大 美術学部 建築・環境デザイン学科 
3274831500,多摩美術大学 美術 工芸,多摩美大 美術学部 工芸学科 
3274831601,多摩美術大学 美術 グラフィック,多摩美大 美術学部 グラフィックデザイン学科 
3274831701,多摩美術大学 美術 情報／メディ,多摩美大 美術学部 情報デザイン学科 メディア芸術コース 
3274831801,多摩美術大学 美術 情報／情報デ,多摩美大 美術学部 情報デザイン学科 情報デザインコース 
3274831901,多摩美術大学 美術 生産／プロダ,多摩美大 美術学部 生産デザイン学科 プロダクトデザイン専攻 
3274832001,多摩美術大学 美術 生産／テキス,多摩美大 美術学部 生産デザイン学科 テキスタイルデザイン専攻 
3274832101,多摩美術大学 美術 統合デザイン,多摩美大 美術学部 統合デザイン学科 
3274832201,多摩美術大学 美術 演劇／演劇舞,多摩美大 美術学部 演劇舞踊デザイン学科 演劇舞踊コース 
3274832301,多摩美術大学 美術 演劇／劇場美,多摩美大 美術学部 演劇舞踊デザイン学科 劇場美術デザインコース 
3275011601,中央大学 文 人文／国文学,中央大中大 文学部 人文社会学科 国文学専攻 
3275011701,中央大学 文 人文／英語文,中央大中大 文学部 人文社会学科 英語文学文化専攻 
3275011801,中央大学 文 人文／ドイツ,中央大中大 文学部 人文社会学科 ドイツ語文学文化専攻 
3275011901,中央大学 文 人文／フラン,中央大中大 文学部 人文社会学科 フランス語文学文化専攻 
3275012001,中央大学 文 人文／中国言,中央大中大 文学部 人文社会学科 中国言語文化専攻 
3275012101,中央大学 文 人文／日本史,中央大中大 文学部 人文社会学科 日本史学専攻 
3275012201,中央大学 文 人文／東洋史,中央大中大 文学部 人文社会学科 東洋史学専攻 
3275012301,中央大学 文 人文／西洋史,中央大中大 文学部 人文社会学科 西洋史学専攻 
3275012401,中央大学 文 人文／哲学,中央大中大 文学部 人文社会学科 哲学専攻 
3275012501,中央大学 文 人文／社会学,中央大中大 文学部 人文社会学科 社会学専攻 
3275012601,中央大学 文 人文／社会情,中央大中大 文学部 人文社会学科 社会情報学専攻 
3275012701,中央大学 文 人文／教育学,中央大中大 文学部 人文社会学科 教育学専攻 
3275012801,中央大学 文 人文／心理学,中央大中大 文学部 人文社会学科 心理学専攻 
3275012901,中央大学 文 人文／学びの,中央大中大 文学部 人文社会学科 学びのパスポートプログラム 
3275120101,中央大学 法 国際企業関係,中央大中大 法学部 国際企業関係法学科 
3275120201,中央大学 法 政治,中央大中大 法学部 政治学科 
3275120301,中央大学 法 法律,中央大中大 法学部 法律学科 
3275130101,中央大学 総合政策 国際政策文化,中央大中大 総合政策学部 国際政策文化学科 
3275130201,中央大学 総合政策 政策科学,中央大中大 総合政策学部 政策科学科 
3275180101,中央大学 経済 経済,中央大中大 経済学部 経済学科 
3275180201,中央大学 経済 公共・環境経,中央大中大中央大学 経済 公共・環境経
3275180301,中央大学 経済 国際経済,中央大中大中央大学 経済 国際経済
3275180401,中央大学 経済 経済情報シス,中央大中大中央大学 経済 経済情報シス
3275200501,中央大学 商 会計／フレ,中央大中大 商学部 会計学科 フレックス・コース 
3275200601,中央大学 商 会計／フレＰ,中央大中大 商学部 会計学科 フレックスＰｌｕｓ１・コース 
3275200701,中央大学 商 経営／フレ,中央大中大 商学部 経営学科 フレックス・コース 
3275200801,中央大学 商 経営／フレＰ,中央大中大 商学部 経営学科 フレックスＰｌｕｓ１・コース 
3275200901,中央大学 商 国際／フレ,中央大中大 商学部 国際マーケティング学科 フレックス・コース 
3275201001,中央大学 商 国際／フレＰ,中央大中大 商学部 国際マーケティング学科 フレックスＰｌｕｓ１・コース 
3275201102,中央大学 商 フリーメジャ,中央大中大 商学部 フリーメジャー・コース 
3275201201,中央大学 商 金融／フレ,中央大中大 商学部 金融学科 フレックス・コース 
3275201301,中央大学 商 金融／フレＰ,中央大中大 商学部 金融学科 フレックスＰｌｕｓ１・コース 
3275210101,中央大学 国際経営 国際経営,中央大中大 国際経営学部 国際経営学科 
3275330101,中央大学 国際情報 国際情報,中央大中大 国際情報学部 国際情報学科 
3275480101,中央大学 基幹理工 数学,中央大中大 基幹理工学部 数学科 
3275480201,中央大学 基幹理工 物理,中央大中大 基幹理工学部 物理学科 
3275480301,中央大学 基幹理工 応用化,中央大中大 基幹理工学部 応用化学科 
3275480401,中央大学 基幹理工 生命科学,中央大中大 基幹理工学部 生命科学科 
3275490101,中央大学 社会理工 都市環境,中央大中大 社会理工学部 都市環境学科 
3275490201,中央大学 社会理工 ビジネスデー,中央大中大 社会理工学部 ビジネスデータサイエンス学科 
3275490301,中央大学 社会理工 人間総合理工,中央大中大 社会理工学部 人間総合理工学科 
3275500101,中央大学 先進理工 精密機械工,中央大中大 先進理工学部 精密機械工学科 
3275500201,中央大学 先進理工 電気電子情報,中央大中大 先進理工学部 電気電子情報通信工学科 
3275500301,中央大学 先進理工 情報工,中央大中大 先進理工学部 情報工学科 
3276030101,津田塾大学 学芸 英語英文,津田塾大 学芸学部 英語英文学科 
3276030201,津田塾大学 学芸 国際関係,津田塾大 学芸学部 国際関係学科 
3276030401,津田塾大学 学芸 数学,津田塾大 学芸学部 数学科 
3276030501,津田塾大学 学芸 情報科学,津田塾大 学芸学部 情報科学科 
3276030601,津田塾大学 学芸 多文化・国際,津田塾大 学芸学部 多文化・国際協力学科 
3276130101,津田塾大学 総合政策 総合政策,津田塾大 総合政策学部 総合政策学科 
3277010501,帝京大学 文 日本文化,帝京大 文学部 日本文化学科 
3277010601,帝京大学 文 史学,帝京大 文学部 史学科 
3277010701,帝京大学 文 社会,帝京大 文学部 社会学科 
3277010801,帝京大学 文 心理,帝京大 文学部 心理学科 
3277080201,帝京大学 外国語 国際日本,帝京大 外国語学部 国際日本学科 
3277080301,帝京大学 外国語 外国／英語,帝京大 外国語学部 外国語学科 英語コース 
3277080401,帝京大学 外国語 外国／ドイツ,帝京大 外国語学部 外国語学科 ドイツ語コース 
3277080501,帝京大学 外国語 外国／フラン,帝京大 外国語学部 外国語学科 フランス語コース 
3277080601,帝京大学 外国語 外国／スペイ,帝京大 外国語学部 外国語学科 スペイン語コース 
3277080701,帝京大学 外国語 外国／中国語,帝京大 外国語学部 外国語学科 中国語コース 
3277080801,帝京大学 外国語 外国／コリア,帝京大 外国語学部 外国語学科 コリア語コース 
3277120101,帝京大学 法 法律,帝京大 法学部 法律学科 
3277120201,帝京大学 法 政治,帝京大 法学部 政治学科 
3277180101,帝京大学 経済 経済,帝京大 経済学部 経済学科 
3277180202,帝京大学 経済 経営,帝京大 経済学部 経営学科 
3277180601,帝京大学 経済 観光経営,帝京大 経済学部 観光経営学科 
3277180701,帝京大学 経済 地域経済,帝京大 経済学部 地域経済学科 
3277180801,帝京大学 経済 国際経済,帝京大 経済学部 国際経済学科 
3277300101,帝京大学 教育 教育文化,帝京大 教育学部 教育文化学科 
3277300201,帝京大学 教育 初等／初等教,帝京大 教育学部 初等教育学科 初等教育コース 
3277300301,帝京大学 教育 初等／こども,帝京大 教育学部 初等教育学科 こども教育コース 
3277471101,帝京大学 理工 データサイエ,帝京大 理工学部 データサイエンス学科 
3277471201,帝京大学 理工 総合／機械航,帝京大 理工学部 総合理工学科 機械・航空宇宙コース 
3277471301,帝京大学 理工 総合／ロボテ,帝京大 理工学部 総合理工学科 ロボティクス・ＡＩコース 
3277471401,帝京大学 理工 総合／情報科,帝京大 理工学部 総合理工学科 情報科学コース 
3277471501,帝京大学 理工 総合／環境バ,帝京大 理工学部 総合理工学科 環境バイオテクノロジーコース 
3277550100,帝京大学 医 医,帝京大 医学部 医学科 
3277610201,帝京大学 薬 薬,帝京大 薬学部 薬学科 
3277640101,帝京大学 医療技術 視能矯正,帝京大 医療技術学部 視能矯正学科 
3277640501,帝京大学 医療技術 看護,帝京大 医療技術学部 看護学科 
3277640601,帝京大学 医療技術 診療放射線,帝京大 医療技術学部 診療放射線学科 
3277640701,帝京大学 医療技術 臨床検査,帝京大 医療技術学部 臨床検査学科 
3277640901,帝京大学 医療技術 スポ／健康ス,帝京大 医療技術学部 スポーツ医療学科 健康スポーツコース 
3277641001,帝京大学 医療技術 スポ／救急救,帝京大 医療技術学部 スポーツ医療学科 救急救命士コース 
3277641101,帝京大学 医療技術 柔道整復,帝京大 医療技術学部 柔道整復学科 
3277650101,帝京大学 福岡医療 理学療法,帝京大 福岡医療技術学部 理学療法学科 
3277650201,帝京大学 福岡医療 作業療法,帝京大 福岡医療技術学部 作業療法学科 
3277650301,帝京大学 福岡医療 看護,帝京大 福岡医療技術学部 看護学科 
3277650401,帝京大学 福岡医療 診療放射線,帝京大 福岡医療技術学部 診療放射線学科 
3277650601,帝京大学 福岡医療 医療／救急救,帝京大 福岡医療技術学部 医療技術学科 救急救命士コース 
3277650701,帝京大学 福岡医療 医療／臨床工,帝京大 福岡医療技術学部 医療技術学科 臨床工学コース 
3278010101,東海大学 文 英語文化コミ,東海大 文学部 英語文化コミュニケーション学科 
3278010601,東海大学 文 歴史／考古学,東海大 文学部 歴史学科 考古学専攻 
3278010701,東海大学 文 歴史／西洋史,東海大 文学部 歴史学科 西洋史専攻 
3278010901,東海大学 文 歴史／日本史,東海大 文学部 歴史学科 日本史専攻 
3278011001,東海大学 文 日本文,東海大 文学部 日本文学科 
3278012001,東海大学 文 文明,東海大 文学部 文明学科 
3278020101,東海大学 人文 人文,東海大 人文学部 人文学科 
3278030101,東海大学 文化社会 アジア,東海大 文化社会学部 アジア学科 
3278030201,東海大学 文化社会 ヨーロッパア,東海大 文化社会学部 ヨーロッパ・アメリカ学科 
3278030301,東海大学 文化社会 北欧,東海大 文化社会学部 北欧学科 
3278030401,東海大学 文化社会 文芸創作,東海大 文化社会学部 文芸創作学科 
3278030501,東海大学 文化社会 広報メディア,東海大 文化社会学部 広報メディア学科 
3278030601,東海大学 文化社会 心理・社会,東海大 文化社会学部 心理・社会学科 
3278120101,東海大学 法 法律,東海大 法学部 法律学科 
3278130201,東海大学 政治経済 経済,東海大 政治経済学部 経済学科 
3278130301,東海大学 政治経済 政治,東海大 政治経済学部 政治学科 
3278190103,東海大学 経営 経営,東海大 経営学部 経営学科 
3278270101,東海大学 観光 観光,東海大 観光学部 観光学科 
3278310101,東海大学 児童教育 児童教育,東海大 児童教育学部 児童教育学科 
3278330101,東海大学 国際文化 地域創造,東海大 国際文化学部 地域創造学科 
3278330201,東海大学 国際文化 国際コミュニ,東海大 国際文化学部 国際コミュニケーション学科 
3278340101,東海大学 国際 国際,東海大 国際学部 国際学科 
3278370101,東海大学 教養 芸術,東海大 教養学部 芸術学科 
3278370501,東海大学 教養 人間環境,東海大 教養学部 人間環境学科 
3278380101,東海大学 文理融合 経営,東海大 文理融合学部 経営学科 
3278380201,東海大学 文理融合 地域社会,東海大 文理融合学部 地域社会学科 
3278380301,東海大学 文理融合 人間情報工,東海大 文理融合学部 人間情報工学科 
3278420101,東海大学 理 化学,東海大 理学部 化学科 
3278420201,東海大学 理 情報数理,東海大 理学部 情報数理学科 
3278420301,東海大学 理 数学,東海大 理学部 数学科 
3278420401,東海大学 理 物理,東海大 理学部 物理学科 
3278460900,東海大学 工 機械工,東海大 工学部 機械工学科 
3278461800,東海大学 工 応用化,東海大 工学部 応用化学科 
3278462401,東海大学 工 電気電子工,東海大 工学部 電気電子工学科 
3278462571,東海大学 工 航空／航空操,東海大 工学部 航空宇宙学科 航空操縦学専攻 
3278462601,東海大学 工 航空／航空宇,東海大 工学部 航空宇宙学科 航空宇宙学専攻 
3278462801,東海大学 工 機械シス工,東海大 工学部 機械システム工学科 
3278462901,東海大学 工 医工,東海大 工学部 医工学科 
3278463001,東海大学 工 生物工,東海大 工学部 生物工学科 
3278480101,東海大学 情報理工 情報科学,東海大 情報理工学部 情報科学科 
3278480201,東海大学 情報理工 情報メディア,東海大 情報理工学部 情報メディア学科 
3278480401,東海大学 情報理工 コンピュータ,東海大 情報理工学部 コンピュータ応用工学科 
3278490501,東海大学 情報通信 情報通信,東海大 情報通信学部 情報通信学科 
3278530101,東海大学 建築都市 建築,東海大 建築都市学部 建築学科 
3278530201,東海大学 建築都市 土木工,東海大 建築都市学部 土木工学科 
3278550100,東海大学 医 医,東海大 医学部 医学科 
3278550201,東海大学 医 看護,東海大 医学部 看護学科 
3278650100,東海大学 体育 生涯スポーツ,東海大 体育学部 生涯スポーツ学科 
3278650200,東海大学 体育 体育,東海大 体育学部 体育学科 
3278650300,東海大学 体育 武道,東海大 体育学部 武道学科 
3278650401,東海大学 体育 競技スポーツ,東海大 体育学部 競技スポーツ学科 
3278650501,東海大学 体育 スポーツ・レ,東海大 体育学部 スポーツ・レジャーマネジメント学科 
3278660101,東海大学 健康 健康マネジメ,東海大 健康学部 健康マネジメント学科 
3278720401,東海大学 農 農,東海大 農学部 農学科 
3278720501,東海大学 農 動物科学,東海大 農学部 動物科学科 
3278720601,東海大学 農 食生命科学,東海大 農学部 食生命科学科 
3278740600,東海大学 海洋 水産,東海大 海洋学部 水産学科 
3278741101,東海大学 海洋 海洋生物,東海大 海洋学部 海洋生物学科 
3278741601,東海大学 海洋 海洋／海洋理,東海大 海洋学部 海洋理工学科 海洋理工学専攻 
3278741701,東海大学 海洋 海洋／航海学,東海大 海洋学部 海洋理工学科 航海学専攻 
3278760101,東海大学 生物 生物,東海大 生物学部 生物学科 
3278760201,東海大学 生物 海洋生物科学,東海大 生物学部 海洋生物科学科 
3279550100,東京医科大学 医 医,東京医大 医学部 医学科 
3279550201,東京医科大学 医 看護,東京医大 医学部 看護学科 
3280830102,東京音楽大学 音楽 音楽／音楽文,東京音大 音楽学部 音楽学科 音楽文化教育専攻 
3280830202,東京音楽大学 音楽 音楽／器楽,東京音大 音楽学部 音楽学科 器楽専攻 
3280830502,東京音楽大学 音楽 音楽／声楽,東京音大 音楽学部 音楽学科 声楽専攻 
3280830801,東京音楽大学 音楽 音楽／指揮,東京音大 音楽学部 音楽学科 作曲指揮専攻 指揮
3280831202,東京音楽大学 音楽 音楽／リベラ,東京音大 音楽学部 音楽学科 ミュージック・リベラルアーツ専攻 
3280831302,東京音楽大学 音楽 音楽／作曲芸,東京音大 音楽学部 音楽学科 作曲指揮専攻 作曲・芸術音楽コース
3280831401,東京音楽大学 音楽 音楽／作曲ミ,東京音大 音楽学部 音楽学科 作曲指揮専攻 作曲・ミュージック・メディアコース
3280831702,東京音楽大学 音楽 音楽／吹奏楽,東京音大 音楽学部 音楽学科 吹奏楽アカデミー専攻 
3280831801,東京音楽大学 音楽 音楽／ビジネ,東京音大 音楽学部 音楽学科 ミュージックビジネス・テクノロジー専攻 
3281020101,東京家政大学 人文 英語コミュニ,東京家政大 人文学部 英語コミュニケーション学科 
3281020201,東京家政大学 人文 心理カウンセ,東京家政大 人文学部 心理カウンセリング学科 
3281020301,東京家政大学 人文 教育福祉,東京家政大 人文学部 教育福祉学科 
3281370000,東京家政大学 社会デザ ,東京家政大 社会デザイン学環 
3281380000,東京家政大学 文化情報 ,東京家政大 文化情報学環 
3281650101,東京家政大学 健康科学 看護,東京家政大 健康科学部 看護学科 
3281650201,東京家政大学 健康科学 リハ／作業療,東京家政大 健康科学部 リハビリテーション学科 作業療法学専攻 
3281650301,東京家政大学 健康科学 リハ／理学療,東京家政大 健康科学部 リハビリテーション学科 理学療法学専攻 
3281791001,東京家政大学 共創デザ 服飾美術,東京家政大 共創デザイン学部 服飾美術学科 
3281791101,東京家政大学 共創デザ 造形表現,東京家政大 共創デザイン学部 造形表現学科 
3281800101,東京家政大学 子ども支 子ども支援,東京家政大 子ども支援学部 子ども支援学科 
3281810101,東京家政大学 栄養 栄養,東京家政大 栄養学部 栄養学科 
3281810201,東京家政大学 栄養 管理栄養,東京家政大 栄養学部 管理栄養学科 
3281820101,東京家政大学 児童 児童／児童学,東京家政大 児童 児童／児童学 '13 0
3281820201,東京家政大学 児童 児童／育児支,東京家政大 児童 児童／育児支 '13 0
3281820301,東京家政大学 児童 初等教育,東京家政大 児童学部 初等教育学科 
3282800103,東京家政学院大学 現代生活 現代家政,東京家政学院大 現代生活学部 現代家政学科 
3282810102,東京家政学院大学 人間栄養 人間栄養,東京家政学院大 人間栄養学部 人間栄養学科 
3282820202,東京家政学院大学 生活共創 こども教育,東京家政学院大 生活共創学部 こども教育学科 
3282820301,東京家政学院大学 生活共創 生活／生活イ,東京家政学院大 生活共創学部 生活共創学科 生活イノベーションコース 
3282820401,東京家政学院大学 生活共創 生活／住環境,東京家政学院大 生活共創学部 生活共創学科 住環境デザインコース 
3282820501,東京家政学院大学 生活共創 生活／食科学,東京家政学院大 生活共創学部 生活共創学科 食科学コース 
3283130105,東京経済大学 現代法 現代法,東京経大 現代法学部 現代法学科 
3283180000,東京経済大学 経済 ,東京経大 経済学部 
3283190000,東京経済大学 経営 ,東京経大 経営学部 
3283370105,東京経済大学 コミュニ メディア社会,東京経大 コミュニケーション学部 メディア社会学科 
3283370205,東京経済大学 コミュニ 国際コミュニ,東京経大 コミュニケーション学部 国際コミュニケーション学科 
3283890000,東京経済大学 キャリア ,東京経大 キャリアデザインプログラム 
3284460501,東京工科大学 工 機械工,東京工科大 工学部 機械工学科 
3284460601,東京工科大学 工 電気電子工,東京工科大 工学部 電気電子工学科 
3284460701,東京工科大学 工 応用化,東京工科大 工学部 応用化学科 
3284470101,東京工科大学 メディア メディア,東京工科大 メディア学部 メディア学科 
3284480201,東京工科大学 コンピュ コン／社会情,東京工科大 コンピュータサイエンス学部 コンピュータサイエンス学科 社会情報専攻 
3284480301,東京工科大学 コンピュ コン／先進情,東京工科大 コンピュータサイエンス学部 コンピュータサイエンス学科 先進情報専攻 
3284640101,東京工科大学 医療保健 看護,東京工科大 医療保健学部 看護学科 
3284640201,東京工科大学 医療保健 臨床工,東京工科大 医療保健学部 臨床工学科 
3284640501,東京工科大学 医療保健 臨床検査,東京工科大 医療保健学部 臨床検査学科 
3284640601,東京工科大学 医療保健 リハ／言語聴,東京工科大 医療保健学部 リハビリテーション学科 言語聴覚学専攻 
3284640701,東京工科大学 医療保健 リハ／理学療,東京工科大 医療保健学部 リハビリテーション学科 理学療法学専攻 
3284640801,東京工科大学 医療保健 リハ／作業療,東京工科大 医療保健学部 リハビリテーション学科 作業療法学専攻 
3284740101,東京工科大学 応用生物 応用生物,東京工科大 応用生物学部 応用生物学科 
3284830103,東京工科大学 デザイン デザイン,東京工科大 デザイン学部 デザイン学科 
3285550103,東京慈恵会医科大学 医 医,東京慈恵会医大 医学部 医学科 
3285550200,東京慈恵会医科大学 医 看護,東京慈恵会医大 医学部 看護学科 
3286380101,東京女子大学 現代教養 人文／哲学,東京女子大 現代教養学部 人文学科 哲学専攻 
3286380201,東京女子大学 現代教養 人文／日本文,東京女子大 現代教養学部 人文学科 日本文学文化専攻 
3286380401,東京女子大学 現代教養 人文／歴史文,東京女子大 現代教養学部 人文学科 歴史文化専攻 
3286381701,東京女子大学 現代教養 情報数理科学,東京女子大 現代教養学部 情報数理科学科 
3286381801,東京女子大学 現代教養 人文／英語圏,東京女子大 現代教養学部 人文学科 英語圏文化専攻 
3286381901,東京女子大学 現代教養 国際社会,東京女子大 現代教養学部 国際社会学科 
3286382001,東京女子大学 現代教養 経済経営,東京女子大 現代教養学部 経済経営学科 
3286382101,東京女子大学 現代教養 心理,東京女子大 現代教養学部 心理学科 
3286382201,東京女子大学 現代教養 社会コミュニ,東京女子大 現代教養学部 社会コミュニケーション学科 
3287550100,東京女子医科大学 医 医,東京女子医大 医学部 医学科 
3287640100,東京女子医科大学 看護 看護,東京女子医大 看護学部 看護学科 
3288640102,東京女子体育大学 体育 体育,東京女子体育大 体育学部 体育学科 
3289030100,東京神学大学 神 神,東京神学大 神学部 神学科 
3290830701,東京造形大学 造形 美術／絵画,東京造形大 造形学部 美術学科 絵画専攻領域 
3290830801,東京造形大学 造形 美術／彫刻,東京造形大 造形学部 美術学科 彫刻専攻領域 
3290831101,東京造形大学 造形 デザ／グラフ,東京造形大 造形学部 デザイン学科 グラフィックデザイン専攻領域 
3290831201,東京造形大学 造形 デザ／写真,東京造形大 造形学部 デザイン学科 写真専攻領域 
3290831301,東京造形大学 造形 デザ／映画映,東京造形大 造形学部 デザイン学科 映画・映像専攻領域 
3290831401,東京造形大学 造形 デザ／アニメ,東京造形大 造形学部 デザイン学科 アニメーション専攻領域 
3290831501,東京造形大学 造形 デザ／メディ,東京造形大 造形学部 デザイン学科 メディアデザイン専攻領域 
3290831601,東京造形大学 造形 デザ／室内建,東京造形大 造形学部 デザイン学科 室内建築専攻領域 
3290831701,東京造形大学 造形 デザ／インダ,東京造形大 造形学部 デザイン学科 インダストリアルデザイン専攻領域 
3290831801,東京造形大学 造形 デザ／テキス,東京造形大 造形学部 デザイン学科 テキスタイルデザイン専攻領域 
3291460102,東京電機大学 工 機械工,東京電機大 工学部 機械工学科 
3291460302,東京電機大学 工 情報通信工,東京電機大 工学部 情報通信工学科 
3291460902,東京電機大学 工 電気電子工,東京電機大 工学部 電気電子工学科 
3291461501,東京電機大学 工 電子シス工,東京電機大 工学部 電子システム工学科 
3291461601,東京電機大学 工 応用化,東京電機大 工学部 応用化学科 
3291461701,東京電機大学 工 先端機械工,東京電機大 工学部 先端機械工学科 
3291471002,東京電機大学 理工 理工／情報シ,東京電機大 理工学部 理工学科 情報システムデザイン学系 
3291471302,東京電機大学 理工 理工／理学系,東京電機大 理工学部 理工学科 理学系 
3291471402,東京電機大学 理工 理工／建築都,東京電機大 理工学部 理工学科 建築・都市環境学系 
3291471601,東京電機大学 理工 理工／生命科,東京電機大 理工学部 理工学科 生命科学系 
3291471701,東京電機大学 理工 理工／電子情,東京電機大 理工学部 理工学科 電子情報工学系 
3291471801,東京電機大学 理工 理工／機械工,東京電機大 理工学部 理工学科 機械工学系 
3291490102,東京電機大学 未来科学 ロボット・メ,東京電機大 未来科学部 ロボット・メカトロニクス学科 
3291490202,東京電機大学 未来科学 情報メディア,東京電機大 未来科学部 情報メディア学科 
3291490302,東京電機大学 未来科学 建築,東京電機大 未来科学部 建築学科 
3291500101,東京電機大学 システム 情報シス工,東京電機大 システムデザイン工学部 情報システム工学科 
3291500201,東京電機大学 システム デザイン工,東京電機大 システムデザイン工学部 デザイン工学科 
3291540100,東京電機大学 工二 機械工,東京電機大 工学部第二部 機械工学科 
3291540200,東京電機大学 工二 情報通信工,東京電機大 工学部第二部 情報通信工学科 
3291540501,東京電機大学 工二 電気電子工,東京電機大 工学部第二部 電気電子工学科 
3292370100,東京農業大学 国際食料 国際農業開発,東京農大 国際食料情報学部 国際農業開発学科 
3292370200,東京農業大学 国際食料 食料環境経済,東京農大 国際食料情報学部 食料環境経済学科 
3292370300,東京農業大学 国際食料 アグリビジネ,東京農大 国際食料情報学部 アグリビジネス学科 
3292370401,東京農業大学 国際食料 国際食農科学,東京農大 国際食料情報学部 国際食農科学科 
3292380100,東京農業大学 地域環境 森林総合科学,東京農大 地域環境科学部 森林総合科学科 
3292380200,東京農業大学 地域環境 生産環境工,東京農大 地域環境科学部 生産環境工学科 
3292380300,東京農業大学 地域環境 造園科学,東京農大 地域環境科学部 造園科学科 
3292380401,東京農業大学 地域環境 地域創成科学,東京農大 地域環境科学部 地域創成科学科 
3292720600,東京農業大学 農 動物科学,東京農大 農学部 動物科学科 
3292720700,東京農業大学 農 農,東京農大 農学部 農学科 
3292721301,東京農業大学 農 生物資源開発,東京農大 農学部 生物資源開発学科 
3292721401,東京農業大学 農 デザイン農,東京農大 農学部 デザイン農学科 
3292740100,東京農業大学 生物産業 自然資源経営,東京農大 生物産業学部 自然資源経営学科 
3292740200,東京農業大学 生物産業 食香粧化,東京農大 生物産業学部 食香粧化学科 
3292740300,東京農業大学 生物産業 北方圏農,東京農大 生物産業学部 北方圏農学科 
3292740401,東京農業大学 生物産業 海洋水産,東京農大 生物産業学部 海洋水産学科 
3292750200,東京農業大学 応用生物 農芸化,東京農大 応用生物科学部 農芸化学科 
3292750300,東京農業大学 応用生物 醸造科学,東京農大 応用生物科学部 醸造科学科 
3292750601,東京農業大学 応用生物 食品安全健康,東京農大 応用生物科学部 食品安全健康学科 
3292750701,東京農業大学 応用生物 栄養科学,東京農大 応用生物科学部 栄養科学科 
3292760101,東京農業大学 生命科学 バイオサイエ,東京農大 生命科学部 バイオサイエンス学科 
3292760201,東京農業大学 生命科学 分子生命化,東京農大 生命科学部 分子生命化学科 
3292760301,東京農業大学 生命科学 分子微生物,東京農大 生命科学部 分子微生物学科 
3293611301,東京薬科大学 薬 薬,東京薬大 薬学部 薬学科 
3293740101,東京薬科大学 生命科学 応用生命科学,東京薬大 生命科学部 応用生命科学科 
3293740201,東京薬科大学 生命科学 分子生命科学,東京薬大 生命科学部 分子生命科学科 
3293740301,東京薬科大学 生命科学 生命医科学,東京薬大 生命科学部 生命医科学科 
3294190101,東京理科大学 経営 経営,東京理大 経営学部 経営学科 
3294190202,東京理科大学 経営 ビジネスエコ,東京理大 経営学部 ビジネスエコノミクス学科 
3294190301,東京理科大学 経営 国際デザ経営,東京理大 経営学部 国際デザイン経営学科 
3294420101,東京理科大学 理 応用化,東京理大 理学部 応用化学科 
3294420201,東京理科大学 理 応用数,東京理大 理学部 応用数学科 
3294420401,東京理科大学 理 化学,東京理大 理学部 化学科 
3294420501,東京理科大学 理 数学,東京理大 理学部 数学科 
3294420601,東京理科大学 理 物理,東京理大 理学部 物理学科 
3294420701,東京理科大学 理 科学コミュニ,東京理大 理学部 科学コミュニケーション学科 
3294450101,東京理科大学 理二 化学,東京理大 理学部第二部 化学科 
3294450201,東京理科大学 理二 数学,東京理大 理学部第二部 数学科 
3294450301,東京理科大学 理二 物理,東京理大 理学部第二部 物理学科 
3294460101,東京理科大学 工 機械工,東京理大 工学部 機械工学科 
3294460301,東京理科大学 工 建築,東京理大 工学部 建築学科 
3294460401,東京理科大学 工 工業化,東京理大 工学部 工業化学科 
3294460501,東京理科大学 工 電気工,東京理大 工学部 電気工学科 
3294460601,東京理科大学 工 情報工,東京理大 工学部 情報工学科 
3294470101,東京理科大学 創域理工 生命生物科学,東京理大 創域理工学部 生命生物科学科 
3294470201,東京理科大学 創域理工 機械航空宇宙,東京理大 創域理工学部 機械航空宇宙工学科 
3294470401,東京理科大学 創域理工 建築,東京理大 創域理工学部 建築学科 
3294470501,東京理科大学 創域理工 先端化,東京理大 創域理工学部 先端化学科 
3294470701,東京理科大学 創域理工 数理科学,東京理大 創域理工学部 数理科学科 
3294470801,東京理科大学 創域理工 電気電子情報,東京理大 創域理工学部 電気電子情報工学科 
3294470901,東京理科大学 創域理工 社会基盤工,東京理大 創域理工学部 社会基盤工学科 
3294471001,東京理科大学 創域理工 先端物理,東京理大 創域理工学部 先端物理学科 
3294480101,東京理科大学 先進工 マテリアル創,東京理大 先進工学部 マテリアル創成工学科 
3294480201,東京理科大学 先進工 生命シス工,東京理大 先進工学部 生命システム工学科 
3294480301,東京理科大学 先進工 電子シス工,東京理大 先進工学部 電子システム工学科 
3294480401,東京理科大学 先進工 物理工,東京理大 先進工学部 物理工学科 
3294480501,東京理科大学 先進工 機能デザイン,東京理大 先進工学部 機能デザイン工学科 
3294490201,東京理科大学 創域情報 情報／Ｃ系,東京理大 創域情報学部 情報理工学科 Ｃ系 
3294490301,東京理科大学 創域情報 情報／Ｄ系,東京理大 創域情報学部 情報理工学科 Ｄ系 
3294490471,東京理科大学 創域情報 情報／共通,東京理大 創域情報学部 情報理工学科 共通コース 
3294610201,東京理科大学 薬 薬,東京理大 薬学部 薬学科 
3294610301,東京理科大学 薬 生命創薬科学,東京理大 薬学部 生命創薬科学科 
3295420102,東邦大学 理 化学,東邦大 理学部 化学科 
3295420202,東邦大学 理 情報科学,東邦大 理学部 情報科学科 
3295420302,東邦大学 理 生物,東邦大 理学部 生物学科 
3295420402,東邦大学 理 生物分子科学,東邦大 理学部 生物分子科学科 
3295420502,東邦大学 理 物理,東邦大 理学部 物理学科 
3295420602,東邦大学 理 生命圏環境科,東邦大 理学部 生命圏環境科学科 
3295550100,東邦大学 医 医,東邦大 医学部 医学科 
3295610201,東邦大学 薬 薬,東邦大 薬学部 薬学科 
3295640101,東邦大学 看護 看護,東邦大 看護学部 看護学科 
3295650103,東邦大学 健康科学 看護,東邦大 健康科学部 看護学科 
3296830301,桐朋学園大学 音楽 音楽,桐朋学園大 音楽学部 音楽学科 
3297010204,東洋大学 文 英米文,東洋大 文学部 英米文学科 
3297010400,東洋大学 文 日本文学文化,東洋大 文学部 日本文学文化学科 
3297010505,東洋大学 文 史学,東洋大 文学部 史学科 
3297010703,東洋大学 文 哲学,東洋大 文学部 哲学科 
3297010903,東洋大学 文 教育／初等教,東洋大 文学部 教育学科 初等教育専攻 
3297011004,東洋大学 文 教育／人間発,東洋大 文学部 教育学科 人間発達専攻 
3297011105,東洋大学 文 東洋思想文化,東洋大 文学部 東洋思想文化学科 
3297011202,東洋大学 文 国際文化コミ,東洋大 文学部 国際文化コミュニケーション学科 
3297070204,東洋大学 文イブ 教育,東洋大 文学部イブニングコース 教育学科 
3297070301,東洋大学 文イブ 日本文学文化,東洋大 文学部イブニングコース 日本文学文化学科 
3297070403,東洋大学 文イブ 東洋思想文化,東洋大 文学部イブニングコース 東洋思想文化学科 
3297120102,東洋大学 法 企業法,東洋大 法学部 企業法学科 
3297120200,東洋大学 法 法律,東洋大 法学部 法律学科 
3297170101,東洋大学 法イブ 法律,東洋大 法学部イブニングコース 法律学科 
3297180101,東洋大学 経済 経済,東洋大 経済学部 経済学科 
3297180202,東洋大学 経済 国際経済,東洋大 経済学部 国際経済学科 
3297180304,東洋大学 経済 総合政策,東洋大 経済学部 総合政策学科 
3297190102,東洋大学 経営 経営,東洋大 経営学部 経営学科 
3297190204,東洋大学 経営 マーケティン,東洋大 経営学部 マーケティング学科 
3297190300,東洋大学 経営 会計ファイナ,東洋大 経営学部 会計ファイナンス学科 
3297230101,東洋大学 経営イブ 経営,東洋大 経営学部イブニングコース 経営学科 
3297240101,東洋大学 経済イブ 経済,東洋大 経済学部イブニングコース 経済学科 
3297250204,東洋大学 社会 社会,東洋大 社会学部 社会学科 
3297250501,東洋大学 社会 メディアコミ,東洋大 社会学部 メディアコミュニケーション学科 
3297250602,東洋大学 社会 社会心理,東洋大 社会学部 社会心理学科 
3297250701,東洋大学 社会 国際社会,東洋大 社会学部 国際社会学科 
3297270102,東洋大学 国際観光 国際観光,東洋大 国際観光学部 国際観光学科 
3297280102,東洋大学 福祉社会 社会福祉,東洋大 福祉社会デザイン学部 社会福祉学科 
3297280202,東洋大学 福祉社会 子ども支援,東洋大 福祉社会デザイン学部 子ども支援学科 
3297280302,東洋大学 福祉社会 人間環境デザ,東洋大 福祉社会デザイン学部 人間環境デザイン学科 
3297290101,東洋大学 社会イブ 社会,東洋大 社会学部イブニングコース 社会学科 
3297340103,東洋大学 国際 グローバルイ,東洋大 国際学部 グローバル・イノベーション学科 
3297340202,東洋大学 国際 国際地域,東洋大 国際学部 国際地域学科 
3297350101,東洋大学 国際イブ 国際地域,東洋大 国際学部イブニングコース 国際地域学科 
3297370201,東洋大学 総合情報 総合／メディ,東洋大 総合情報学部 総合情報学科 メディア情報専攻 
3297370301,東洋大学 総合情報 総合／心理ス,東洋大 総合情報学部 総合情報学科 心理・スポーツ情報専攻 
3297370401,東洋大学 総合情報 総合／システ,東洋大 総合情報学部 総合情報学科 システム情報専攻 
3297380102,東洋大学 情報連携 情報連携,東洋大 情報連携学部 情報連携学科 
3297470101,東洋大学 理工 応用化,東洋大 理工学部 応用化学科 
3297470201,東洋大学 理工 機械工,東洋大 理工学部 機械工学科 
3297470300,東洋大学 理工 建築,東洋大 理工学部 建築学科 
3297470401,東洋大学 理工 電気電子情報,東洋大 理工学部 電気電子情報工学科 
3297470501,東洋大学 理工 都市環境デザ,東洋大 理工学部 都市環境デザイン学科 
3297640102,東洋大学 健康スポ 健康スポーツ,東洋大 健康スポーツ科学部 健康スポーツ科学科 
3297640202,東洋大学 健康スポ 栄養科学,東洋大 健康スポーツ科学部 栄養科学科 
3297740102,東洋大学 生命科学 生命科学,東洋大 生命科学部 生命科学科 
3297740205,東洋大学 生命科学 生物資源,東洋大 生命科学部 生物資源学科 
3297740402,東洋大学 生命科学 生体医工,東洋大 生命科学部 生体医工学科 
3297750300,東洋大学 食環境科 健康栄養,東洋大 食環境科学部 健康栄養学科 
3297750402,東洋大学 食環境科 食環境科学,東洋大 食環境科学部 食環境科学科 
3297750502,東洋大学 食環境科 フードデータ,東洋大 食環境科学部 フードデータサイエンス学科 
3298010100,二松学舎大学 文 国文,二松学舎大 文学部 国文学科 
3298010200,二松学舎大学 文 国際日本・中,二松学舎大 文学部 国際日本・中国学科 
3298010300,二松学舎大学 文 都市文化デザ,二松学舎大 文学部 都市文化デザイン学科 
3298010402,二松学舎大学 文 歴史文化,二松学舎大 文学部 歴史文化学科 
3298130101,二松学舎大学 国際政経 国際政治経済,二松学舎大 国際政治経済学部 国際政治経済学科 
3298130202,二松学舎大学 国際政経 国際経営,二松学舎大 国際政治経済学部 国際経営学科 
3299120100,日本大学 法 公共政策,日本大日大 法学部 公共政策学科 
3299120200,日本大学 法 経営法,日本大日大 法学部 経営法学科 
3299120300,日本大学 法 新聞,日本大日大 法学部 新聞学科 
3299120400,日本大学 法 政治経済,日本大日大 法学部 政治経済学科 
3299120500,日本大学 法 法律,日本大日大 法学部 法律学科 
3299170301,日本大学 法二 法律,日本大日大 法学部第二部 法律学科 
3299180101,日本大学 経済 経済,日本大日大 経済学部 経済学科 
3299180201,日本大学 経済 産業経営,日本大日大 経済学部 産業経営学科 
3299180301,日本大学 経済 金融公共経済,日本大日大 経済学部 金融公共経済学科 
3299200101,日本大学 商 会計,日本大日大 商学部 会計学科 
3299200201,日本大学 商 経営,日本大日大 商学部 経営学科 
3299200301,日本大学 商 商業,日本大日大 商学部 商業学科 
3299330501,日本大学 国際関係 国際総合政策,日本大日大 国際関係学部 国際総合政策学科 
3299330601,日本大学 国際関係 国際教養,日本大日大 国際関係学部 国際教養学科 
3299370100,日本大学 文理 英文,日本大日大 文理学部 英文学科 
3299370200,日本大学 文理 情報科学,日本大日大 文理学部 情報科学科 
3299370300,日本大学 文理 地球科学,日本大日大 文理学部 地球科学科 
3299370500,日本大学 文理 化学,日本大日大 文理学部 化学科 
3299370600,日本大学 文理 教育,日本大日大 文理学部 教育学科 
3299370700,日本大学 文理 国文,日本大日大 文理学部 国文学科 
3299370800,日本大学 文理 史学,日本大日大 文理学部 史学科 
3299370900,日本大学 文理 社会,日本大日大 文理学部 社会学科 
3299371000,日本大学 文理 心理,日本大日大 文理学部 心理学科 
3299371100,日本大学 文理 数学,日本大日大 文理学部 数学科 
3299371200,日本大学 文理 体育,日本大日大 文理学部 体育学科 
3299371300,日本大学 文理 中国語中国文,日本大日大 文理学部 中国語中国文化学科 
3299371400,日本大学 文理 地理,日本大日大 文理学部 地理学科 
3299371500,日本大学 文理 哲学,日本大日大 文理学部 哲学科 
3299371600,日本大学 文理 ドイツ文,日本大日大 文理学部 ドイツ文学科 
3299371700,日本大学 文理 物理,日本大日大 文理学部 物理学科 
3299371801,日本大学 文理 生命科学,日本大日大 文理学部 生命科学科 
3299371901,日本大学 文理 社会福祉,日本大日大 文理学部 社会福祉学科 
3299380101,日本大学 危機管理 危機管理,日本大日大 危機管理学部 危機管理学科 
3299460103,日本大学 工 機械工,日本大日大 工学部 機械工学科 
3299460203,日本大学 工 建築,日本大日大 工学部 建築学科 
3299460303,日本大学 工 生命応用化,日本大日大 工学部 生命応用化学科 
3299460403,日本大学 工 情報工,日本大日大 工学部 情報工学科 
3299460503,日本大学 工 電気電子工,日本大日大 工学部 電気電子工学科 
3299460603,日本大学 工 土木工,日本大日大 工学部 土木工学科 
3299470101,日本大学 生産工 マネジメント,日本大日大 生産工学部 マネジメント工学科 
3299470201,日本大学 生産工 機械工,日本大日大 生産工学部 機械工学科 
3299470301,日本大学 生産工 建築工,日本大日大 生産工学部 建築工学科 
3299470401,日本大学 生産工 応用分子化,日本大日大 生産工学部 応用分子化学科 
3299470501,日本大学 生産工 数理情報工,日本大日大 生産工学部 数理情報工学科 
3299470601,日本大学 生産工 電気電子工,日本大日大 生産工学部 電気電子工学科 
3299470701,日本大学 生産工 土木工,日本大日大 生産工学部 土木工学科 
3299470801,日本大学 生産工 環境安全工,日本大日大 生産工学部 環境安全工学科 
3299470901,日本大学 生産工 創生デザイン,日本大日大 生産工学部 創生デザイン学科 
3299480101,日本大学 理工 海洋建築工,日本大日大 理工学部 海洋建築工学科 
3299480201,日本大学 理工 機械工,日本大日大 理工学部 機械工学科 
3299480301,日本大学 理工 建築,日本大日大 理工学部 建築学科 
3299480401,日本大学 理工 物質応用化,日本大日大 理工学部 物質応用化学科 
3299480501,日本大学 理工 航空宇宙工,日本大日大 理工学部 航空宇宙工学科 
3299480601,日本大学 理工 交通シス工,日本大日大 理工学部 交通システム工学科 
3299480701,日本大学 理工 数学,日本大日大 理工学部 数学科 
3299480801,日本大学 理工 精密機械工,日本大日大 理工学部 精密機械工学科 
3299480901,日本大学 理工 電気工,日本大日大 理工学部 電気工学科 
3299481001,日本大学 理工 電子工,日本大日大 理工学部 電子工学科 
3299481101,日本大学 理工 土木工,日本大日大 理工学部 土木工学科 
3299481201,日本大学 理工 物理,日本大日大 理工学部 物理学科 
3299481301,日本大学 理工 まちづくり工,日本大日大 理工学部 まちづくり工学科 
3299481401,日本大学 理工 応用情報工,日本大日大 理工学部 応用情報工学科 
3299550101,日本大学 医 医,日本大日大 医学部 医学科 
3299580100,日本大学 歯 歯,日本大日大 歯学部 歯学科 
3299590100,日本大学 松戸歯 歯,日本大日大 松戸歯学部 歯学科 
3299610201,日本大学 薬 薬,日本大日大 薬学部 薬学科 
3299640101,日本大学 スポーツ 競技スポーツ,日本大日大 スポーツ科学部 競技スポーツ学科 
3299750201,日本大学 生物資源 獣医,日本大日大 生物資源科学部 獣医学科 
3299750901,日本大学 生物資源 食品ビジネス,日本大日大 生物資源科学部 食品ビジネス学科 
3299751302,日本大学 生物資源 バイオサイエ,日本大日大 生物資源科学部 バイオサイエンス学科 
3299751402,日本大学 生物資源 動物,日本大日大 生物資源科学部 動物学科 
3299751502,日本大学 生物資源 海洋生物,日本大日大 生物資源科学部 海洋生物学科 
3299751602,日本大学 生物資源 森林,日本大日大 生物資源科学部 森林学科 
3299751702,日本大学 生物資源 環境,日本大日大 生物資源科学部 環境学科 
3299751802,日本大学 生物資源 アグリサイエ,日本大日大 生物資源科学部 アグリサイエンス学科 
3299751902,日本大学 生物資源 食品開発,日本大日大 生物資源科学部 食品開発学科 
3299752002,日本大学 生物資源 国際共生,日本大日大 生物資源科学部 国際共生学科 
3299752102,日本大学 生物資源 獣医保健看護,日本大日大 生物資源科学部 獣医保健看護学科 
3299830103,日本大学 芸術 映画,日本大日大 芸術学部 映画学科 
3299830204,日本大学 芸術 演劇,日本大日大 芸術学部 演劇学科 
3299830304,日本大学 芸術 音楽,日本大日大 芸術学部 音楽学科 
3299830403,日本大学 芸術 写真,日本大日大 芸術学部 写真学科 
3299830505,日本大学 芸術 美術,日本大日大 芸術学部 美術学科 
3299830603,日本大学 芸術 文芸,日本大日大 芸術学部 文芸学科 
3299830703,日本大学 芸術 放送,日本大日大 芸術学部 放送学科 
3299830803,日本大学 芸術 デザイン,日本大日大 芸術学部 デザイン学科 
3300550100,日本医科大学 医 医,日本医大 医学部 医学科 
3300640101,日本医科大学 医療健康 看護,日本医大 医療健康科学部 看護学科 
3301590101,日本歯科大学 新潟生命 生命歯,日本歯大 新潟生命歯学部 生命歯学科 
3301600101,日本歯科大学 生命歯 生命歯,日本歯大 生命歯学部 生命歯学科 
3302260101,日本社会事業大学 社会福祉 共生社会デザ,日本社会事業大 社会福祉学部 共生社会デザイン学科 
3302260201,日本社会事業大学 社会福祉 ソーシャルワ,日本社会事業大 社会福祉学部 ソーシャルワーク学科 
3303740101,日本獣医生命科学大学 獣医 獣医,日本獣医生命大 獣医学部 獣医学科 
3303740401,日本獣医生命科学大学 獣医 獣医保健看護,日本獣医生命大 獣医学部 獣医保健看護学科 
3303750100,日本獣医生命科学大学 応用生命 動物科学,日本獣医生命大 応用生命科学部 動物科学科 
3303750200,日本獣医生命科学大学 応用生命 食品科学,日本獣医生命大 応用生命科学部 食品科学科 
3304010101,日本女子大学 文 英文,日本女子大 文学部 英文学科 
3304010201,日本女子大学 文 日本語日本文,日本女子大 文学部 日本語日本文学科 
3304010301,日本女子大学 文 歴史文化,日本女子大 文学部 歴史文化学科 
3304270101,日本女子大学 人間社会 教育,日本女子大 人間社会学部 教育学科 
3304270200,日本女子大学 人間社会 現代社会,日本女子大 人間社会学部 現代社会学科 
3304270301,日本女子大学 人間社会 社会福祉,日本女子大 人間社会学部 社会福祉学科 
3304270401,日本女子大学 人間社会 心理,日本女子大 人間社会学部 心理学科 
3304330101,日本女子大学 国際文化 国際文化,日本女子大 国際文化学部 国際文化学科 
3304420101,日本女子大学 理 数物情報科学,日本女子大 理学部 数物情報科学科 
3304420201,日本女子大学 理 化学生命科学,日本女子大 理学部 化学生命科学科 
3304470101,日本女子大学 建築デザ 建築デザイン,日本女子大 建築デザイン学部 建築デザイン学科 
3304790100,日本女子大学 家政 家政経済,日本女子大 日本女子大学 家政 家政経済
3304790400,日本女子大学 家政 児童,日本女子大 家政学部 児童学科 
3304790600,日本女子大学 家政 被服,日本女子大 家政学部 被服学科 
3304800101,日本女子大学 食科学 食科学,日本女子大 食科学部 食科学科 
3304800201,日本女子大学 食科学 栄養,日本女子大 食科学部 栄養学科 
3305640601,日本女子体育大学 体育 スポーツ科学,日本女子体育大 体育学部 スポーツ科学科 
3305640701,日本女子体育大学 体育 ダンス,日本女子体育大 体育学部 ダンス学科 
3305640801,日本女子体育大学 体育 健康スポーツ,日本女子体育大 体育学部 健康スポーツ学科 
3305640901,日本女子体育大学 体育 子ども運動,日本女子体育大 体育学部 子ども運動学科 
3306640100,日本赤十字看護大学 看護 看護,日赤看護大 看護学部 看護学科 
3306650101,日本赤十字看護大学 さいたま 看護,日赤看護大 さいたま看護学部 看護学科 
3307640105,日本体育大学 体育 健康,日本体育大 体育学部 健康学科 
3307640305,日本体育大学 体育 体育,日本体育大 体育学部 体育学科 
3307650201,日本体育大学 児童スポ 児童／児童ス,日本体育大 児童スポーツ教育学部 児童スポーツ教育学科 児童スポーツ教育コース 
3307650301,日本体育大学 児童スポ 児童／幼児教,日本体育大 児童スポーツ教育学部 児童スポーツ教育学科 幼児教育保育コース 
3307660101,日本体育大学 保健医療 整復医療,日本体育大 保健医療学部 整復医療学科 
3307660201,日本体育大学 保健医療 救急医療,日本体育大 保健医療学部 救急医療学科 
3307670103,日本体育大学 スポ文化 武道教育,日本体育大 スポーツ文化学部 武道教育学科 
3307670205,日本体育大学 スポ文化 スポーツ国際,日本体育大 スポーツ文化学部 スポーツ国際学科 
3307680105,日本体育大学 スポマネ スポーツマネ,日本体育大 スポーツマネジメント学部 スポーツマネジメント学科 
3307680205,日本体育大学 スポマネ スポーツライ,日本体育大 スポーツマネジメント学部 スポーツライフマネジメント学科 
3308120000,日本文化大学 法 ,日本文化大 法学部 
3310330101,文化学園大学 国際文化 国際文化・観,文化学園大 国際文化学部 国際文化・観光学科 
3310330201,文化学園大学 国際文化 国際ファッシ,文化学園大 国際文化学部 国際ファッション文化学科 
3310800100,文化学園大学 服装 ファッシクリ,文化学園大 服装学部 ファッションクリエイション学科 
3310800200,文化学園大学 服装 ファッシ社会,文化学園大 服装学部 ファッション社会学科 
3310830100,文化学園大学 造形 デザイン・造,文化学園大 造形学部 デザイン・造形学科 
3310830200,文化学園大学 造形 建築・インテ,文化学園大 造形学部 建築・インテリア学科 
3311010101,法政大学 文 英文,法政大法大 文学部 英文学科 
3311010200,法政大学 文 史学,法政大法大 文学部 史学科 
3311010301,法政大学 文 地理,法政大法大 文学部 地理学科 
3311010401,法政大学 文 哲学,法政大法大 文学部 哲学科 
3311010501,法政大学 文 日本文,法政大法大 文学部 日本文学科 
3311010600,法政大学 文 心理,法政大法大 文学部 心理学科 
3311120101,法政大学 法 政治,法政大法大 法学部 政治学科 
3311120201,法政大学 法 法律,法政大法大 法学部 法律学科 
3311120301,法政大学 法 国際政治,法政大法大 法学部 国際政治学科 
3311180101,法政大学 経済 経済,法政大法大 経済学部 経済学科 
3311180201,法政大学 経済 国際経済,法政大法大 経済学部 国際経済学科 
3311180301,法政大学 経済 現代ビジネス,法政大法大 経済学部 現代ビジネス学科 
3311190101,法政大学 経営 経営,法政大法大 経営学部 経営学科 
3311190201,法政大学 経営 市場経営,法政大法大 経営学部 市場経営学科 
3311190301,法政大学 経営 経営戦略,法政大法大 経営学部 経営戦略学科 
3311250101,法政大学 社会 社会政策科学,法政大法大 社会学部 社会政策科学科 
3311250201,法政大学 社会 社会,法政大法大 社会学部 社会学科 
3311250301,法政大学 社会 メディア社会,法政大法大 社会学部 メディア社会学科 
3311270201,法政大学 現代福祉 福祉コミュニ,法政大法大 現代福祉学部 福祉コミュニティ学科 
3311270301,法政大学 現代福祉 臨床心理,法政大法大 現代福祉学部 臨床心理学科 
3311330101,法政大学 国際文化 国際文化,法政大法大 国際文化学部 国際文化学科 
3311370100,法政大学 人間環境 人間環境,法政大法大 人間環境学部 人間環境学科 
3311380100,法政大学 情報科学 コンピュータ,法政大法大 情報科学部 コンピュータ科学科 
3311380200,法政大学 情報科学 ディジタルメ,法政大法大 情報科学部 ディジタルメディア学科 
3311390101,法政大学 キャリア キャリアデザ,法政大法大 キャリアデザイン学部 キャリアデザイン学科 
3311400201,法政大学 グローバ グローバル教,法政大法大 グローバル教養学部 グローバル教養学科 
3311470101,法政大学 デザイン 建築,法政大法大 デザイン工学部 建築学科 
3311470201,法政大学 デザイン 都市環境デザ,法政大法大 デザイン工学部 都市環境デザイン工学科 
3311470301,法政大学 デザイン システムデザ,法政大法大 デザイン工学部 システムデザイン学科 
3311480201,法政大学 理工 応用情報工,法政大法大 理工学部 応用情報工学科 
3311480301,法政大学 理工 電気電子工,法政大法大 理工学部 電気電子工学科 
3311480401,法政大学 理工 経営シス工,法政大法大 理工学部 経営システム工学科 
3311480601,法政大学 理工 機械／機械工,法政大法大 理工 機械／機械工 '13 法大
3311480701,法政大学 理工 創生科学,法政大法大 理工学部 創生科学科 
3311640101,法政大学 スポーツ スポーツ健康,法政大法大 スポーツ健康学部 スポーツ健康学科 
3311740101,法政大学 生命科学 環境応用化,法政大法大 生命科学部 環境応用化学科 
3311740401,法政大学 生命科学 生命機能,法政大法大 生命科学部 生命機能学科 
3311740501,法政大学 生命科学 応用植物科学,法政大法大 生命科学部 応用植物科学科 
3312610101,星薬科大学 薬 創薬科学,星薬大 薬学部 創薬科学科 
3312610201,星薬科大学 薬 薬,星薬大 薬学部 薬学科 
3313021101,武蔵大学 人文 英語英米文化,武蔵大 人文学部 英語英米文化学科 
3313021201,武蔵大学 人文 ヨーロッパ文,武蔵大 人文学部 ヨーロッパ文化学科 
3313021301,武蔵大学 人文 日本・東アジ,武蔵大 人文学部 日本・東アジア文化学科 
3313180101,武蔵大学 経済 金融,武蔵大 経済学部 金融学科 
3313180201,武蔵大学 経済 経営,武蔵大 経済学部 経営学科 
3313180301,武蔵大学 経済 経済,武蔵大 経済学部 経済学科 
3313250101,武蔵大学 社会 社会,武蔵大 社会学部 社会学科 
3313250201,武蔵大学 社会 メディア社会,武蔵大武蔵大学 社会 メディア社会
3313370102,武蔵大学 国際教養 国際／経済経,武蔵大 国際教養学部 国際教養学科 経済・経営・国際関係専攻 
3313370202,武蔵大学 国際教養 国際／グロー,武蔵大 国際教養学部 国際教養学科 グローバルスタディーズ専攻 
3314370101,東京都市大学 都市生活 都市生活,東京都市大 都市生活学部 都市生活学科 
3314380101,東京都市大学 人間科学 人間科学,東京都市大 人間科学部 人間科学科 
3314390101,東京都市大学 メディア 社会メディア,東京都市大 メディア情報学部 社会メディア学科 
3314390201,東京都市大学 メディア 情報システム,東京都市大 メディア情報学部 情報システム学科 
3314400101,東京都市大学 データ科 デザイン・デ,東京都市大 デザイン・データ科学部 デザイン・データ科学科 
3314480101,東京都市大学 情報工 情報科学,東京都市大 情報工学部 情報科学科 
3314480601,東京都市大学 情報工 知能情報工,東京都市大 情報工学部 知能情報工学科 
3314490101,東京都市大学 環境 環境創生,東京都市大 環境学部 環境創生学科 
3314490301,東京都市大学 環境 環境経営シス,東京都市大 環境学部 環境経営システム学科 
3314500101,東京都市大学 理工 機械工,東京都市大 理工学部 機械工学科 
3314500201,東京都市大学 理工 機械シス工,東京都市大 理工学部 機械システム工学科 
3314500301,東京都市大学 理工 電気電子通信,東京都市大 理工学部 電気電子通信工学科 
3314500401,東京都市大学 理工 医用工,東京都市大 理工学部 医用工学科 
3314500501,東京都市大学 理工 応用化,東京都市大 理工学部 応用化学科 
3314500601,東京都市大学 理工 原子力安全工,東京都市大 理工学部 原子力安全工学科 
3314500701,東京都市大学 理工 自然科学,東京都市大 理工学部 自然科学科 
3314510101,東京都市大学 建築都市 建築,東京都市大 建築都市デザイン学部 建築学科 
3314510201,東京都市大学 建築都市 都市工,東京都市大 建築都市デザイン学部 都市工学科 
3315830801,武蔵野音楽大学 音楽 演奏／器楽,武蔵野音大 音楽学部 演奏学科 器楽コース 
3315830901,武蔵野音楽大学 音楽 演奏／声楽,武蔵野音大 音楽学部 演奏学科 声楽コース 
3315831001,武蔵野音楽大学 音楽 演奏／ヴィル,武蔵野音大 音楽学部 演奏学科 ヴィルトゥオーゾコース 
3315831101,武蔵野音楽大学 音楽 音楽／オープ,武蔵野音大 音楽学部 音楽総合学科 オープンメジャーシステム 
3315831201,武蔵野音楽大学 音楽 音楽／作曲,武蔵野音大 音楽学部 音楽総合学科 フィックスメジャーシステム 作曲コース
3315831301,武蔵野音楽大学 音楽 音楽／音楽学,武蔵野音大 音楽学部 音楽総合学科 フィックスメジャーシステム 音楽学コース
3315831401,武蔵野音楽大学 音楽 音楽／音楽教,武蔵野音大 音楽学部 音楽総合学科 フィックスメジャーシステム 音楽教育コース
3315831501,武蔵野音楽大学 音楽 音楽／アート,武蔵野音大 音楽学部 音楽総合学科 フィックスメジャーシステム アートマネジメントコース
3316010301,武蔵野大学 文 日本文学文化,武蔵野大 文学部 日本文学文化学科 
3316120101,武蔵野大学 法 法律,武蔵野大 法学部 法律学科 
3316120201,武蔵野大学 法 政治,武蔵野大 法学部 政治学科 
3316180101,武蔵野大学 経済 経済,武蔵野大 経済学部 経済学科 
3316190101,武蔵野大学 経営 経営,武蔵野大 経営学部 経営学科 
3316190201,武蔵野大学 経営 会計ガバナン,武蔵野大 経営学部 会計ガバナンス学科 
3316210102,武蔵野大学 アントレ アントレプレ,武蔵野大 アントレプレナーシップ学部 アントレプレナーシップ学科 
3316300102,武蔵野大学 教育 教育,武蔵野大 教育学部 教育学科 
3316300202,武蔵野大学 教育 幼児教育,武蔵野大 教育学部 幼児教育学科 
3316340101,武蔵野大学 グローバ グローバルコ,武蔵野大 グローバル学部 グローバルコミュニケーション学科 
3316340201,武蔵野大学 グローバ 日本語コミュ,武蔵野大 グローバル学部 日本語コミュニケーション学科 
3316340301,武蔵野大学 グローバ グローバルビ,武蔵野大 グローバル学部 グローバルビジネス学科 
3316370101,武蔵野大学 人間科学 人間科学,武蔵野大 人間科学部 人間科学科 
3316370501,武蔵野大学 人間科学 社会福祉,武蔵野大 人間科学部 社会福祉学科 
3316380102,武蔵野大学 データサ データサイエ,武蔵野大 データサイエンス学部 データサイエンス学科 
3316390102,武蔵野大学 ウェルビ ウェルビーイ,武蔵野大 ウェルビーイング学部 ウェルビーイング学科 
3316460201,武蔵野大学 工 建築デザイン,武蔵野大 工学部 建築デザイン学科 
3316460301,武蔵野大学 工 数理工,武蔵野大 工学部 数理工学科 
3316460402,武蔵野大学 工 サステナビリ,武蔵野大 工学部 サステナビリティ学科 
3316610101,武蔵野大学 薬 薬,武蔵野大 薬学部 薬学科 
3316640101,武蔵野大学 看護 看護,武蔵野大 看護学部 看護学科 
3317830300,武蔵野美術大学 造形 基礎デザイン,武蔵野美大 造形学部 基礎デザイン学科 
3317830400,武蔵野美術大学 造形 空間演出デザ,武蔵野美大 造形学部 空間演出デザイン学科 
3317830501,武蔵野美術大学 造形 油絵／油絵,武蔵野美大 造形学部 油絵学科 油絵専攻 
3317830601,武蔵野美術大学 造形 油絵／グラフ,武蔵野美大 造形学部 油絵学科 グラフィックアーツ専攻 
3317830700,武蔵野美術大学 造形 建築,武蔵野美大 造形学部 建築学科 
3317830800,武蔵野美術大学 造形 工芸工業デザ,武蔵野美大 造形学部 工芸工業デザイン学科 
3317830900,武蔵野美術大学 造形 視覚伝達デザ,武蔵野美大 造形学部 視覚伝達デザイン学科 
3317831000,武蔵野美術大学 造形 彫刻,武蔵野美大 造形学部 彫刻学科 
3317831100,武蔵野美術大学 造形 日本画,武蔵野美大 造形学部 日本画学科 
3317831200,武蔵野美術大学 造形 芸術文化,武蔵野美大 造形学部 芸術文化学科 
3317831300,武蔵野美術大学 造形 デザイン情報,武蔵野美大 造形学部 デザイン情報学科 
3317840102,武蔵野美術大学 造形構想 クリエイティ,武蔵野美大 造形構想学部 クリエイティブイノベーション学科 
3317840202,武蔵野美術大学 造形構想 映像,武蔵野美大 造形構想学部 映像学科 
3318010401,明治大学 文 史学／日本史,明治大明大 文学部 史学地理学科 日本史学専攻 
3318010501,明治大学 文 史学／アジア,明治大明大 文学部 史学地理学科 アジア史専攻 
3318010601,明治大学 文 史学／西洋史,明治大明大 文学部 史学地理学科 西洋史学専攻 
3318010701,明治大学 文 史学／考古学,明治大明大 文学部 史学地理学科 考古学専攻 
3318010801,明治大学 文 史学／地理学,明治大明大 文学部 史学地理学科 地理学専攻 
3318010901,明治大学 文 文学／日本文,明治大明大 文学部 文学科 日本文学専攻 
3318011001,明治大学 文 文学／英米文,明治大明大 文学部 文学科 英米文学専攻 
3318011101,明治大学 文 文学／ドイツ,明治大明大 文学部 文学科 ドイツ文学専攻 
3318011201,明治大学 文 文学／フラン,明治大明大 文学部 文学科 フランス文学専攻 
3318011301,明治大学 文 文学／演劇学,明治大明大 文学部 文学科 演劇学専攻 
3318011401,明治大学 文 文学／文芸メ,明治大明大 文学部 文学科 文芸メディア専攻 
3318011501,明治大学 文 心理／臨床心,明治大明大 文学部 心理社会学科 臨床心理学専攻 
3318011601,明治大学 文 心理／現代社,明治大明大 文学部 心理社会学科 現代社会学専攻 
3318011701,明治大学 文 心理／哲学,明治大明大 文学部 心理社会学科 哲学専攻 
3318120101,明治大学 法 法律,明治大明大 法学部 法律学科 
3318130101,明治大学 政治経済 経済,明治大明大 政治経済学部 経済学科 
3318130201,明治大学 政治経済 政治,明治大明大 政治経済学部 政治学科 
3318130301,明治大学 政治経済 政策,明治大明大 政治経済学部 政策学科 
3318190000,明治大学 経営 ,明治大明大 経営学部 
3318200201,明治大学 商 商,明治大明大 商学部 商学科 
3318330102,明治大学 国際日本 国際日本,明治大明大 国際日本学部 国際日本学科 
3318370101,明治大学 情報コミ 情報コミュニ,明治大明大 情報コミュニケーション学部 情報コミュニケーション学科 
3318430101,明治大学 総合数理 現象数理統計,明治大明大 総合数理学部 現象数理統計学科 
3318430201,明治大学 総合数理 先端メディア,明治大明大 総合数理学部 先端メディアサイエンス学科 
3318430301,明治大学 総合数理 ネットワーク,明治大明大 総合数理学部 ネットワークデザイン学科 
3318470101,明治大学 理工 機械工,明治大明大 理工学部 機械工学科 
3318470201,明治大学 理工 建築,明治大明大 理工学部 建築学科 
3318470301,明治大学 理工 応用化,明治大明大 理工学部 応用化学科 
3318470401,明治大学 理工 情報科学,明治大明大 理工学部 情報科学科 
3318470501,明治大学 理工 数学,明治大明大 理工学部 数学科 
3318470601,明治大学 理工 機械情報工,明治大明大 理工学部 機械情報工学科 
3318470901,明治大学 理工 物理,明治大明大 理工学部 物理学科 
3318471101,明治大学 理工 電気／電気電,明治大明大 理工学部 電気電子生命学科 電気電子工学専攻 
3318471201,明治大学 理工 電気／生命理,明治大明大 理工学部 電気電子生命学科 生命理工学専攻 
3318720101,明治大学 農 農,明治大明大 農学部 農学科 
3318720201,明治大学 農 食料環境政策,明治大明大 農学部 食料環境政策学科 
3318720301,明治大学 農 農芸化,明治大明大 農学部 農芸化学科 
3318720401,明治大学 農 生命科学,明治大明大 農学部 生命科学科 
3319010100,明治学院大学 文 英文,明治学院大 明学 文学部 英文学科 
3319010201,明治学院大学 文 芸術,明治学院大 明学 文学部 芸術学科 
3319010401,明治学院大学 文 フランス文,明治学院大 明学 文学部 フランス文学科 
3319030101,明治学院大学 心理 心理,明治学院大 明学 心理学部 心理学科 
3319030201,明治学院大学 心理 教育発達,明治学院大 明学 心理学部 教育発達学科 
3319120201,明治学院大学 法 法律,明治学院大 明学 法学部 法律学科 
3319120301,明治学院大学 法 政治,明治学院大 明学 法学部 政治学科 
3319120401,明治学院大学 法 消費情報環境,明治学院大 明学 法学部 消費情報環境法学科 
3319120502,明治学院大学 法 グローバル法,明治学院大 明学 法学部 グローバル法学科 
3319180100,明治学院大学 経済 経済,明治学院大 明学 経済学部 経済学科 
3319180200,明治学院大学 経済 経営,明治学院大 明学 経済学部 経営学科 
3319180301,明治学院大学 経済 国際経営,明治学院大 明学 経済学部 国際経営学科 
3319250101,明治学院大学 社会 社会,明治学院大 明学 社会学部 社会学科 
3319250200,明治学院大学 社会 社会福祉,明治学院大 明学 社会学部 社会福祉学科 
3319330101,明治学院大学 国際 国際,明治学院大 明学 国際学部 国際学科 
3319330201,明治学院大学 国際 国際キャリア,明治学院大 明学 国際学部 国際キャリア学科 
3319430102,明治学院大学 情報数理 情報数理,明治学院大 明学 情報数理学部 情報数理学科 
3320610401,明治薬科大学 薬 薬,明治薬大 薬学部 薬学科 
3320610501,明治薬科大学 薬 生命創薬科学,明治薬大 薬学部 生命創薬科学科 
3321020301,明星大学 人文 人間社会,明星大 人文学部 人間社会学科 
3321020701,明星大学 人文 国際コミュニ,明星大 人文学部 国際コミュニケーション学科 
3321020801,明星大学 人文 日本文化,明星大 人文学部 日本文化学科 
3321020901,明星大学 人文 福祉実践,明星大 人文学部 社会福祉学科 
3321040101,明星大学 心理 心理,明星大 心理学部 心理学科 
3321180102,明星大学 経済 経済,明星大 経済学部 経済学科 
3321190101,明星大学 経営 経営,明星大 経営学部 経営学科 
3321300201,明星大学 教育 教育／小学校,明星大 教育学部 教育学科 小学校教員コース 
3321300401,明星大学 教育 教育／特別支,明星大明星大学 教育 教育／特別支
3321300501,明星大学 教育 教育／子ども,明星大 教育学部 教育学科 保育・幼児教育コース 
3321300601,明星大学 教育 教育／保健体,明星大 教育学部 教育学科 教科専門コース 保健体育コース
3321300701,明星大学 教育 教育／国語,明星大 教育学部 教育学科 教科専門コース 国語コース
3321300801,明星大学 教育 教育／社会,明星大 教育学部 教育学科 教科専門コース 社会コース
3321300901,明星大学 教育 教育／数学,明星大 教育学部 教育学科 教科専門コース 数学コース
3321301001,明星大学 教育 教育／理科,明星大 教育学部 教育学科 教科専門コース 理科コース
3321301101,明星大学 教育 教育／音楽,明星大 教育学部 教育学科 教科専門コース 音楽コース
3321301201,明星大学 教育 教育／美術,明星大 教育学部 教育学科 教科専門コース 美術コース
3321301301,明星大学 教育 教育／英語,明星大 教育学部 教育学科 教科専門コース 英語コース
3321370000,明星大学 データサ ,明星大 データサイエンス学環 
3321471005,明星大学 理工 総合理工,明星大明星大学 理工 総合理工
3321471701,明星大学 理工 総合／物理学,明星大 理工学部 総合理工学科 物理学コース 
3321471801,明星大学 理工 総合／化学生,明星大 理工学部 総合理工学科 化学・生命科学コース 
3321471901,明星大学 理工 総合／機械工,明星大 理工学部 総合理工学科 機械工学コース 
3321472001,明星大学 理工 総合／電気工,明星大 理工学部 総合理工学科 電気・情報通信コース 
3321480602,明星大学 情報 情報,明星大 情報学部 情報学科 
3321490101,明星大学 建築 建築,明星大 建築学部 建築学科 
3321840101,明星大学 デザイン デザイン,明星大 デザイン学部 デザイン学科 
3322010201,立教大学 文 教育,立教大立大 文学部 教育学科 
3322010301,立教大学 文 キリスト教,立教大立大 文学部 キリスト教学科 
3322010401,立教大学 文 史学,立教大立大 文学部 史学科 
3322010904,立教大学 文 文／英米文学,立教大立大 文学部 文学科 英米文学専修 
3322011004,立教大学 文 文／ドイツ文,立教大立大 文学部 文学科 ドイツ文学専修 
3322011104,立教大学 文 文／フランス,立教大立大 文学部 文学科 フランス文学専修 
3322011204,立教大学 文 文／日本文学,立教大立大 文学部 文学科 日本文学専修 
3322011304,立教大学 文 文／文芸・思,立教大立大 文学部 文学科 文芸・思想専修 
3322030104,立教大学 現代心理 心理,立教大立大 現代心理学部 心理学科 
3322030204,立教大学 現代心理 映像身体,立教大立大 現代心理学部 映像身体学科 
3322120104,立教大学 法 国際ビジネス,立教大立大 法学部 国際ビジネス法学科 
3322120204,立教大学 法 法,立教大立大 法学部 法学科 
3322120304,立教大学 法 政治,立教大立大 法学部 政治学科 
3322120401,立教大学 法 国際／グロー,立教大立大 法学部 国際ビジネス法学科 グローバルコース 
3322180201,立教大学 経済 経済,立教大立大 経済学部 経済学科 
3322180301,立教大学 経済 会計ファイナ,立教大立大 経済学部 会計ファイナンス学科 
3322180404,立教大学 経済 経済政策,立教大立大 経済学部 経済政策学科 
3322190104,立教大学 経営 経営,立教大立大 経営学部 経営学科 
3322190204,立教大学 経営 国際経営,立教大立大 経営学部 国際経営学科 
3322250304,立教大学 社会 社会,立教大立大 社会学部 社会学科 
3322250404,立教大学 社会 現代文化,立教大立大 社会学部 現代文化学科 
3322250504,立教大学 社会 メディア社会,立教大立大 社会学部 メディア社会学科 
3322270101,立教大学 観光 観光,立教大立大 観光学部 観光学科 
3322270204,立教大学 観光 交流文化,立教大立大 観光学部 交流文化学科 
3322280204,立教大学 コミュニ 福祉,立教大立大 コミュニティ福祉学部 福祉学科 
3322280304,立教大学 コミュニ コミュニティ,立教大立大 コミュニティ福祉学部 コミュニティ政策学科 
3322370104,立教大学 異文化コ 異文化コミュ,立教大立大 異文化コミュニケーション学部 異文化コミュニケーション学科 
3322420304,立教大学 理 数学,立教大立大 理学部 数学科 
3322420404,立教大学 理 物理,立教大立大 理学部 物理学科 
3322420504,立教大学 理 化学,立教大立大 理学部 化学科 
3322420604,立教大学 理 生命理,立教大立大 理学部 生命理学科 
3322470102,立教大学 環境 環境,立教大立大 環境学部 環境学科 
3322640101,立教大学 スポーツ スポーツウエ,立教大立大 スポーツウエルネス学部 スポーツウエルネス学科 
3323010301,立正大学 文 史学,立正大 文学部 史学科 
3323010403,立正大学 文 社会,立正大 文学部 社会学科 
3323010601,立正大学 文 哲学,立正大 文学部 哲学科 
3323010801,立正大学 文 文／日本語日,立正大 文学部 文学科 日本語日本文学専攻コース 
3323010903,立正大学 文 文／英語英米,立正大 文学部 文学科 英語英米文学専攻コース 
3323030000,立正大学 仏教 ,立正大 仏教学部 
3323040101,立正大学 心理 臨床心理,立正大 心理学部 臨床心理学科 
3323040201,立正大学 心理 対人・社会心,立正大 心理学部 対人・社会心理学科 
3323120101,立正大学 法 法,立正大 法学部 法学科 
3323180200,立正大学 経済 経済／経済学,立正大 経済 経済／経済学 '13 0
3323180300,立正大学 経済 経済／国際,立正大 経済 経済／国際 '13 0
3323180400,立正大学 経済 経済／金融,立正大 経済 経済／金融 '13 0
3323190101,立正大学 経営 経営,立正大 経営学部 経営学科 
3323260201,立正大学 社会福祉 子ども教育福,立正大 社会福祉学部 子ども教育福祉学科 
3323260301,立正大学 社会福祉 社会／ソーシ,立正大 社会福祉 社会／ソーシ '13 0
3323260401,立正大学 社会福祉 社会／教育福,立正大 社会福祉 社会／教育福 '13 0
3323370100,立正大学 データサ データサイエ,立正大 データサイエンス学部 データサイエンス学科 
3323430100,立正大学 地球環境 環境システム,立正大 地球環境科学部 環境システム学科 
3323430200,立正大学 地球環境 地理,立正大 地球環境科学部 地理学科 
3324030301,和光大学 表現 芸術,和光大 表現学部 芸術学科 
3324030502,和光大学 表現 総合文化,和光大 表現学部 総合文化学科 
3324210102,和光大学 経済経営 経営,和光大 経済経営学部 経営学科 
3324210202,和光大学 経済経営 経済,和光大 経済経営学部 経済学科 
3324380302,和光大学 現代人間 人間科学,和光大 現代人間学部 人間科学科 
3324380501,和光大学 現代人間 心理／心理学,和光大 現代人間学部 心理教育学科 心理学専修 
3324380601,和光大学 現代人間 心理／子ども,和光大 現代人間学部 心理教育学科 子ども教育専修 
3324380701,和光大学 現代人間 心理／保育,和光大 現代人間学部 心理教育学科 子ども教育専修 保育コース
3325010101,早稲田大学 文 文学,早稲田大WU 文学部 文学科 
3325040101,早稲田大学 文化構想 文化構想,早稲田大WU 文化構想学部 文化構想学科 
3325120000,早稲田大学 法 ,早稲田大WU 法学部 
3325130171,早稲田大学 政治経済 経済,早稲田大WU 政治経済学部 経済学科 
3325130271,早稲田大学 政治経済 政治,早稲田大WU 政治経済学部 政治学科 
3325130371,早稲田大学 政治経済 国際政治経済,早稲田大WU 政治経済学部 国際政治経済学科 
3325200000,早稲田大学 商 ,早稲田大WU 商学部 
3325270171,早稲田大学 社会科学 社会科学,早稲田大WU 社会科学部 社会科学科 
3325300100,早稲田大学 教育 英語英文,早稲田大WU 教育学部 英語英文学科 
3325300500,早稲田大学 教育 国語国文,早稲田大WU 教育学部 国語国文学科 
3325300600,早稲田大学 教育 社会／公共市,早稲田大WU 教育学部 社会科 公共市民学専修 
3325300700,早稲田大学 教育 社会／地理歴,早稲田大WU 教育学部 社会科 地理歴史専修 
3325300971,早稲田大学 教育 理／生物学,早稲田大WU 教育学部 理学科 生物学専修 
3325301001,早稲田大学 教育 理／地球科学,早稲田大WU 教育学部 理学科 地球科学専修 
3325301401,早稲田大学 教育 数学,早稲田大WU 教育学部 数学科 
3325301501,早稲田大学 教育 複合文化,早稲田大WU 教育学部 複合文化学科 
3325301601,早稲田大学 教育 教育／教育学,早稲田大WU 教育学部 教育学科 教育学専攻 教育学専修
3325301701,早稲田大学 教育 教育／生涯教,早稲田大WU 教育学部 教育学科 教育学専攻 生涯教育学専修
3325301801,早稲田大学 教育 教育／教育心,早稲田大WU 教育学部 教育学科 教育学専攻 教育心理学専修
3325301901,早稲田大学 教育 教育／初等教,早稲田大WU 教育学部 教育学科 初等教育学専攻 
3325370471,早稲田大学 人間科学 人間環境科学,早稲田大WU 人間科学部 人間環境科学科 
3325370571,早稲田大学 人間科学 健康福祉科学,早稲田大WU 人間科学部 健康福祉科学科 
3325370671,早稲田大学 人間科学 人間情報科学,早稲田大WU 人間科学部 人間情報科学科 
3325380172,早稲田大学 国際教養 国際教養,早稲田大WU 国際教養学部 国際教養学科 
3325480101,早稲田大学 基幹理工 学系１,早稲田大WU 基幹理工学部 学系１ 
3325480301,早稲田大学 基幹理工 学系４,早稲田大WU 基幹理工学部 学系４ 
3325480401,早稲田大学 基幹理工 学系２,早稲田大WU 基幹理工学部 学系２ 
3325480501,早稲田大学 基幹理工 学系３,早稲田大WU 基幹理工学部 学系３ 
3325490101,早稲田大学 創造理工 建築,早稲田大WU 創造理工学部 建築学科 
3325490201,早稲田大学 創造理工 総合機械工,早稲田大WU 創造理工学部 総合機械工学科 
3325490301,早稲田大学 創造理工 経営シス工,早稲田大WU 創造理工学部 経営システム工学科 
3325490401,早稲田大学 創造理工 社会環境工,早稲田大WU 創造理工学部 社会環境工学科 
3325490501,早稲田大学 創造理工 環境資源工,早稲田大WU 創造理工学部 環境資源工学科 
3325500101,早稲田大学 先進理工 物理,早稲田大WU 先進理工学部 物理学科 
3325500201,早稲田大学 先進理工 応用物理,早稲田大WU 先進理工学部 応用物理学科 
3325500301,早稲田大学 先進理工 化学・生命化,早稲田大WU 先進理工学部 化学・生命化学科 
3325500401,早稲田大学 先進理工 応用化,早稲田大WU 先進理工学部 応用化学科 
3325500501,早稲田大学 先進理工 生命医科学,早稲田大WU 先進理工学部 生命医科学科 
3325500601,早稲田大学 先進理工 電気・情報生,早稲田大WU 先進理工学部 電気・情報生命工学科 
3325640371,早稲田大学 スポーツ スポーツ科学,早稲田大WU スポーツ科学部 スポーツ科学科 
3326640101,東京純心大学 看護 看護,東京純心大 看護学部 看護学科 
3328210103,嘉悦大学 経営経済 経営経済,嘉悦大 経営経済学部 経営経済学科 
3330190100,東京富士大学 経営 経営,東京富士大 経営学部 経営学科 
3330190300,東京富士大学 経営 イベントプロ,東京富士大 経営学部 イベントプロデュース学科 
3333640101,東京医療保健大学 医療保健 看護,東京医療保健大 医療保健学部 看護学科 
3333640401,東京医療保健大学 医療保健 医療／管理栄,東京医療保健大 医療保健学部 医療保健学科 管理栄養学専攻 
3333640501,東京医療保健大学 医療保健 医療／臨床検,東京医療保健大 医療保健学部 医療保健学科 臨床検査学専攻 
3333640601,東京医療保健大学 医療保健 医療／医療情,東京医療保健大 医療保健学部 医療保健学科 医療情報学専攻 
3333640701,東京医療保健大学 医療保健 医療／臨床工,東京医療保健大 医療保健学部 医療保健学科 臨床工学専攻 
3333660102,東京医療保健大学 和歌山看 看護,東京医療保健大 和歌山看護学部 看護学科 
3333670102,東京医療保健大学 千葉看護 看護,東京医療保健大 千葉看護学部 看護学科 
3333680101,東京医療保健大学 東が丘看 看護,東京医療保健大 東が丘看護学部 看護学科 
3333690101,東京医療保健大学 立川看護 看護,東京医療保健大 立川看護学部 看護学科 
3334640103,東京聖栄大学 健康栄養 管理栄養,東京聖栄大 健康栄養学部 管理栄養学科 
3334640204,東京聖栄大学 健康栄養 食品,東京聖栄大 健康栄養学部 食品学科 
3335370101,白梅学園大学 子ども 子ども,白梅学園大 子ども学部 子ども学科 
3335370301,白梅学園大学 子ども 家族・地域支,白梅学園大 白梅学園大学 子ども 家族・地域支
3335370401,白梅学園大学 子ども 子ども心理,白梅学園大 子ども学部 子ども心理学科 
3335370501,白梅学園大学 子ども 教育,白梅学園大 子ども学部 教育学科 
3336830101,デジタルハリウッド大学 デジタル デジタルコン,デジハリ大 デジタルコミュニケーション学部 デジタルコンテンツ学科 
3337370103,東京未来大学 モチベー モチベーショ,東京未来大 モチベーション行動科学部 モチベーション行動科学科 
3337790203,東京未来大学 こども心 こど／心理,東京未来大 こども心理学部 こども心理学科 心理専攻 
3337790303,東京未来大学 こども心 こど／こども,東京未来大 こども心理学部 こども心理学科 こども保育・教育専攻 
3338310101,こども教育宝仙大学 こども教 幼児教育,こども教宝仙大 こども教育学部 幼児教育学科 
3339640101,東京有明医療大学 保健医療 鍼灸,東京有明医療大 保健医療学部 鍼灸学科 
3339640201,東京有明医療大学 保健医療 柔道整復,東京有明医療大 保健医療学部 柔道整復学科 
3339650101,東京有明医療大学 看護 看護,東京有明医療大 看護学部 看護学科 
3341740101,ヤマザキ動物看護大学 動物看護 動物看護,ヤマザキ動物大 動物看護学部 動物看護学科 
3341740201,ヤマザキ動物看護大学 動物看護 動物人間関係,ヤマザキ動物大 動物看護学部 動物人間関係学科 
3342640101,東京医療学院大学 保健医療 リハ／理学療,東京医療学院大 保健医療学部 リハビリテーション学科 理学療法学専攻 
3342640201,東京医療学院大学 保健医療 リハ／作業療,東京医療学院大 保健医療学部 リハビリテーション学科 作業療法学専攻 
3342640301,東京医療学院大学 保健医療 看護,東京医療学院大 保健医療学部 看護学科 
3343370101,情報経営イノベーション専門職大学 情報経営 情報経営イノ,情報イノベ職大 情報経営イノベーション学部 情報経営イノベーション学科 
3348650101,東京保健医療専門職大学 リハビリ 理学療法,東京保健医職大 リハビリテーション学部 理学療法学科 
3348650201,東京保健医療専門職大学 リハビリ 作業療法,東京保健医職大 リハビリテーション学部 作業療法学科 
3349370101,東京情報デザイン専門職大学 情報デザ 情報デザイン,東京情報デ職大 情報デザイン学部 情報デザイン学科 
3361370103,麻布大学 生命環境 臨床検査技術,麻布大 生命・環境科学部 臨床検査技術学科 
3361370203,麻布大学 生命環境 食品生命科学,麻布大 生命・環境科学部 食品生命科学科 
3361370303,麻布大学 生命環境 環境科学,麻布大 生命・環境科学部 環境科学科 
3361740101,麻布大学 獣医 獣医,麻布大 獣医学部 獣医学科 
3361740203,麻布大学 獣医 動物応用科学,麻布大 獣医学部 動物応用科学科 
3361740304,麻布大学 獣医 獣医保健看護,麻布大 獣医学部 獣医保健看護学科 
3362080201,神奈川大学 外国語 スペイン語,神奈川大 外国語学部 スペイン語学科 
3362080303,神奈川大学 外国語 中国語,神奈川大 外国語学部 中国語学科 
3362080503,神奈川大学 外国語 英語／ＩＥＳ,神奈川大 外国語学部 英語英文学科 ＩＥＳプログラム 
3362080603,神奈川大学 外国語 英語／ＧＥＣ,神奈川大 外国語学部 英語英文学科 ＧＥＣプログラム 
3362120101,神奈川大学 法 自治行政,神奈川大 法学部 自治行政学科 
3362120201,神奈川大学 法 法律,神奈川大 法学部 法律学科 
3362180102,神奈川大学 経済 経済,神奈川大 経済学部 経済学科 
3362180201,神奈川大学 経済 現代ビジネス,神奈川大 経済学部 現代ビジネス学科 
3362180501,神奈川大学 経済 経済データ分,神奈川大 経済学部 経済データ分析学科 
3362190101,神奈川大学 経営 国際経営,神奈川大 経営学部 国際経営学科 
3362330104,神奈川大学 国際日本 国際文化交流,神奈川大 国際日本学部 国際文化交流学科 
3362330204,神奈川大学 国際日本 日本文化,神奈川大 国際日本学部 日本文化学科 
3362330304,神奈川大学 国際日本 歴史民俗,神奈川大 国際日本学部 歴史民俗学科 
3362370101,神奈川大学 人間科学 人間科学,神奈川大 人間科学部 人間科学科 
3362380102,神奈川大学 情報 計算機科学,神奈川大 情報学部 計算機科学科 
3362380201,神奈川大学 情報 システム数理,神奈川大 情報学部 システム数理学科 
3362380301,神奈川大学 情報 先端情報領域,神奈川大 情報学部 先端情報領域プログラム 
3362420802,神奈川大学 理 理／数学,神奈川大 理学部 理学科 数学コース 
3362420902,神奈川大学 理 理／物理,神奈川大 理学部 理学科 物理コース 
3362421002,神奈川大学 理 理／化学,神奈川大 理学部 理学科 化学コース 
3362421102,神奈川大学 理 理／生物,神奈川大 理学部 理学科 生物コース 
3362421202,神奈川大学 理 理／地球環境,神奈川大 理学部 理学科 地球環境科学コース 
3362421302,神奈川大学 理 理／総合理学,神奈川大 理学部 理学科 総合理学コース 
3362460201,神奈川大学 工 機械工,神奈川大 工学部 機械工学科 
3362460501,神奈川大学 工 電気電子情報,神奈川大 工学部 電気電子情報工学科 
3362460801,神奈川大学 工 経営工,神奈川大 工学部 経営工学科 
3362461002,神奈川大学 工 応用物理,神奈川大 工学部 応用物理学科 
3362470101,神奈川大学 建築 建築／建築学,神奈川大 建築学部 建築学科 建築学系 
3362470202,神奈川大学 建築 建築／都市生,神奈川大 建築学部 建築学科 都市生活学系 
3362480102,神奈川大学 化学生命 応用化,神奈川大 化学生命学部 応用化学科 
3362480202,神奈川大学 化学生命 生命機能,神奈川大 化学生命学部 生命機能学科 
3363370101,神奈川工科大学 情報 情報工,神奈川工科大 情報学部 情報工学科 
3363370201,神奈川工科大学 情報 情報メディア,神奈川工科大 情報学部 情報メディア学科 
3363370301,神奈川工科大学 情報 情報ネットワ,神奈川工科大 情報学部 情報ネットワーク・コミュニケーション学科 
3363371401,神奈川工科大学 情報 情報システム,神奈川工科大 情報学部 情報システム学科 
3363460102,神奈川工科大学 工 機械工,神奈川工科大 工学部 機械工学科 
3363460301,神奈川工科大学 工 応用化学生物,神奈川工科大 工学部 応用化学生物学科 
3363460501,神奈川工科大学 工 電気電子情報,神奈川工科大 工学部 電気電子情報工学科 
3363650101,神奈川工科大学 健康医療 臨床工,神奈川工科大 健康医療 臨床工 '14 0
3363650201,神奈川工科大学 健康医療 管理栄養,神奈川工科大 健康医療科学部 管理栄養学科 
3363650301,神奈川工科大学 健康医療 看護,神奈川工科大 健康医療科学部 看護学科 
3364580101,神奈川歯科大学 歯 歯,神奈川歯大 歯学部 歯学科 
3365300103,鎌倉女子大学 教育 教育,鎌倉女子大 教育学部 教育学科 
3365310000,鎌倉女子大学 教育メデ ,鎌倉女子大 教育メディアクリエーション学環 
3365790503,鎌倉女子大学 家政 管理栄養,鎌倉女子大 家政学部 管理栄養学科 
3365790603,鎌倉女子大学 家政 家政保健,鎌倉女子大 家政学部 家政保健学科 
3365800103,鎌倉女子大学 児童 児童,鎌倉女子大 児童学部 児童学科 
3365800203,鎌倉女子大学 児童 子ども心理,鎌倉女子大 児童学部 子ども心理学科 
3366120301,関東学院大学 法 法,関東学院大 法学部 法学科 
3366120401,関東学院大学 法 地域創生,関東学院大 法学部 地域創生学科 
3366180201,関東学院大学 経済 経済,関東学院大 経済学部 経済学科 
3366190101,関東学院大学 経営 経営,関東学院大 経営学部 経営学科 
3366250101,関東学院大学 社会 現代社会,関東学院大 社会学部 現代社会学科 
3366300101,関東学院大学 教育 こども発達,関東学院大 教育学部 こども発達学科 
3366330301,関東学院大学 国際文化 国際／英語文,関東学院大 国際文化学部 国際文化学科 英語文化コース 
3366330401,関東学院大学 国際文化 国際／グロー,関東学院大 国際文化学部 国際文化学科 グローバル歴史文化コース 
3366330501,関東学院大学 国際文化 国際／多文化,関東学院大 国際文化学部 国際文化学科 多文化協働コース 
3366370101,関東学院大学 人間共生 コミュニケー,関東学院大 人間共生学部 コミュニケーション学科 
3366370201,関東学院大学 人間共生 共生デザイン,関東学院大 人間共生学部 共生デザイン学科 
3366380101,関東学院大学 情報 情報,関東学院大 情報学部 情報学科 
3366470101,関東学院大学 理工 理工／生命科,関東学院大 理工学部 理工学科 生命科学コース 
3366470201,関東学院大学 理工 理工／数理物,関東学院大 理工学部 理工学科 数理・物理コース 
3366470301,関東学院大学 理工 理工／応用化,関東学院大 理工学部 理工学科 応用化学コース 
3366470501,関東学院大学 理工 理工／電気電,関東学院大 理工学部 理工学科 電気・電子コース 
3366470901,関東学院大学 理工 理工／土木都,関東学院大 理工学部 理工学科 土木・都市防災コース 
3366471501,関東学院大学 理工 理工／先進機,関東学院大 理工学部 理工学科 先進機械コース 
3366471601,関東学院大学 理工 理工／表面工,関東学院大 理工学部 理工学科 表面工学コース 
3366480101,関東学院大学 建築環境 建築・環境,関東学院大 建築・環境学部 建築・環境学科 
3366640101,関東学院大学 看護 看護,関東学院大 看護学部 看護学科 
3366790101,関東学院大学 栄養 管理栄養,関東学院大 栄養学部 管理栄養学科 
3367030101,相模女子大学 学芸 国際コミュニ,相模女子大 学芸学部 国際コミュニケーション学科 
3367030201,相模女子大学 学芸 日本語日本文,相模女子大 学芸学部 日本語日本文学科 
3367030701,相模女子大学 学芸 子ども教育,相模女子大 学芸学部 子ども教育学科 
3367030801,相模女子大学 学芸 メディア情報,相模女子大 学芸学部 メディア情報学科 
3367030901,相模女子大学 学芸 生活デザイン,相模女子大 学芸学部 生活デザイン学科 
3367270101,相模女子大学 人間社会 社会マネジメ,相模女子大 人間社会学部 社会マネジメント学科 
3367270201,相模女子大学 人間社会 人間心理,相模女子大 人間社会学部 人間心理学科 
3367270301,相模女子大学 人間社会 地域クリエー,相模女子大 人間社会学部 地域クリエーション学科 
3367790101,相模女子大学 栄養科学 健康栄養,相模女子大 栄養科学部 健康栄養学科 
3367790201,相模女子大学 栄養科学 管理栄養,相模女子大 栄養科学部 管理栄養学科 
3368190105,産業能率大学 経営 経営,産業能率大 経営学部 経営学科 
3368190203,産業能率大学 経営 マーケティン,産業能率大 経営学部 マーケティング学科 
3368210304,産業能率大学 情報マネ 現代マネジメ,産業能率大 情報マネジメント学部 現代マネジメント学科 
3369370102,湘南工科大学 情報 情報／人工知,湘南工科大 情報学部 情報学科 人工知能専攻 
3369370202,湘南工科大学 情報 情報／情報工,湘南工科大 情報学部 情報学科 情報工学専攻 
3369370302,湘南工科大学 情報 情報／情報メ,湘南工科大 情報学部 情報学科 情報メディア専攻 
3369460105,湘南工科大学 工 機械工,湘南工科大 湘南工科大学 工 機械工
3369460405,湘南工科大学 工 電気電子工,湘南工科大 湘南工科大学 工 電気電子工
3369460605,湘南工科大学 工 総合デザイン,湘南工科大 湘南工科大学 工 総合デザイン
3369460705,湘南工科大学 工 人間環境,湘南工科大 湘南工科大学 工 人間環境
3370830102,昭和音楽大学 音楽 音楽芸術運営,昭和音大 音楽学部 音楽芸術運営学科 
3370831002,昭和音楽大学 音楽 音楽芸術表現,昭和音大 音楽学部 音楽芸術表現学科 
3371550100,聖マリアンナ医科大学 医 医,マリアンナ医大 医学部 医学科 
3372830300,洗足学園音楽大学 音楽 音楽／作曲,洗足学園音大 音楽学部 音楽学科 作曲コース 
3372830400,洗足学園音楽大学 音楽 音楽／声楽,洗足学園音大 音楽学部 音楽学科 声楽コース 
3372831400,洗足学園音楽大学 音楽 音楽／ピアノ,洗足学園音大 音楽学部 音楽学科 ピアノコース 
3372831600,洗足学園音楽大学 音楽 音楽／電子オ,洗足学園音大 音楽学部 音楽学科 電子オルガンコース 
3372831700,洗足学園音楽大学 音楽 音楽／管楽器,洗足学園音大 音楽学部 音楽学科 管楽器コース 
3372831800,洗足学園音楽大学 音楽 音楽／弦楽器,洗足学園音大 音楽学部 音楽学科 弦楽器コース 
3372831900,洗足学園音楽大学 音楽 音楽／打楽器,洗足学園音大 音楽学部 音楽学科 打楽器コース 
3372832100,洗足学園音楽大学 音楽 音楽／音楽音,洗足学園音大 音楽学部 音楽学科 音楽・音響デザインコース 
3372832200,洗足学園音楽大学 音楽 音楽／ジャズ,洗足学園音大 音楽学部 音楽学科 ジャズ＆アメリカンミュージックコース 
3372832300,洗足学園音楽大学 音楽 音楽／音楽教,洗足学園音大 音楽学部 音楽学科 音楽教育コース 
3372832401,洗足学園音楽大学 音楽 音楽／現代邦,洗足学園音大 音楽学部 音楽学科 現代邦楽コース 
3372832601,洗足学園音楽大学 音楽 音楽／ミュー,洗足学園音大 音楽学部 音楽学科 ミュージカルコース 
3372834501,洗足学園音楽大学 音楽 音楽／ロック,洗足学園音大 音楽学部 音楽学科 ロック＆ポップスコース 
3372834701,洗足学園音楽大学 音楽 音楽／バレエ,洗足学園音大 音楽学部 音楽学科 バレエコース 
3372834801,洗足学園音楽大学 音楽 音楽／声優ア,洗足学園音大 音楽学部 音楽学科 声優アニメソングコース 
3372834901,洗足学園音楽大学 音楽 音楽／ダンス,洗足学園音大 音楽学部 音楽学科 ダンスコース 
3372835001,洗足学園音楽大学 音楽 音楽／ワール,洗足学園音大 音楽学部 音楽学科 ワールドミュージックコース 
3372835101,洗足学園音楽大学 音楽 音楽／音楽環,洗足学園音大 音楽学部 音楽学科 音楽環境創造コース 
3372835201,洗足学園音楽大学 音楽 音楽／メディ,洗足学園音大 音楽学部 音楽学科 メディアアーツコース 
3373010101,鶴見大学 文 英語英米文,鶴見大 文学部 英語英米文学科 
3373010201,鶴見大学 文 日本文,鶴見大 文学部 日本文学科 
3373010301,鶴見大学 文 文化財,鶴見大 文学部 文化財学科 
3373010402,鶴見大学 文 ドキュメンテ,鶴見大 文学部 ドキュメンテーション学科 
3373580100,鶴見大学 歯 歯,鶴見大 歯学部 歯学科 
3374120102,桐蔭横浜大学 法 法律,桐蔭横浜大 法学部 法律学科 
3374370000,桐蔭横浜大学 現代教養 ,桐蔭横浜大 現代教養学環 
3374470202,桐蔭横浜大学 医用工 臨床工,桐蔭横浜大 医用工 臨床工 '14 0
3374470301,桐蔭横浜大学 医用工 生命医工,桐蔭横浜大 医用工学部 生命医工学科 
3374640101,桐蔭横浜大学 スポーツ スポーツ教育,桐蔭横浜大 スポーツ科学部 スポーツ教育学科 
3374640401,桐蔭横浜大学 スポーツ スポーツ健康,桐蔭横浜大 スポーツ科学部 スポーツ健康科学科 
3375461102,東京工芸大学 工 工／機械,東京工芸大 工学部 工学科 機械コース 
3375461202,東京工芸大学 工 工／電気電子,東京工芸大 工学部 工学科 電気電子コース 
3375461302,東京工芸大学 工 工／情報,東京工芸大 工学部 工学科 情報コース 
3375461502,東京工芸大学 工 工／建築,東京工芸大 工学部 工学科 建築コース 
3375830105,東京工芸大学 芸術 映像,東京工芸大 芸術学部 映像学科 
3375830205,東京工芸大学 芸術 写真,東京工芸大 芸術学部 写真学科 
3375830301,東京工芸大学 芸術 デザイン,東京工芸大 芸術学部 デザイン学科 
3375830404,東京工芸大学 芸術 インタラクテ,東京工芸大 芸術学部 インタラクティブメディア学科 
3375830703,東京工芸大学 芸術 アニメーショ,東京工芸大 芸術学部 アニメーション学科 
3375830801,東京工芸大学 芸術 マンガ,東京工芸大 芸術学部 マンガ学科 
3375831102,東京工芸大学 芸術 ゲーム,東京工芸大 芸術学部 ゲーム学科 
3376280101,東洋英和女学院大学 人間社会 総合心理,東洋英和女学大 人間社会学部 総合心理学科 
3376280201,東洋英和女学院大学 人間社会 子ども教育,東洋英和女学大 人間社会学部 子ども教育学科 
3376280301,東洋英和女学院大学 人間社会 国際,東洋英和女学大 人間社会学部 国際学科 
3377370101,フェリス女学院大学 グローバ 国際社会,フェリス女大 グローバル教養学部 国際社会学科 
3377370201,フェリス女学院大学 グローバ 心理コミュニ,フェリス女大 グローバル教養学部 心理コミュニケーション学科 
3377370301,フェリス女学院大学 グローバ 文化表現,フェリス女大 グローバル教養学部 文化表現学科 
3378200201,横浜商科大学 商 商,横浜商大 商学部 商学科 
3378200401,横浜商科大学 商 経営／スポー,横浜商大 商学部 経営情報学科 スポーツマネジメントコース 
3378200501,横浜商科大学 商 経営／情報マ,横浜商大 商学部 経営情報学科 情報マネジメントコース 
3378200601,横浜商科大学 商 観光マネジメ,横浜商大 商学部 観光マネジメント学科 
3379210103,松蔭大学 経営文化 ビジネスマネ,松蔭大 経営文化学部 ビジネスマネジメント学科 
3379210304,松蔭大学 経営文化 経営法,松蔭大 経営文化学部 経営法学科 
3379270104,松蔭大学 観光メデ 観光文化,松蔭大 観光メディア文化学部 観光文化学科 
3379270204,松蔭大学 観光メデ メディア情報,松蔭大 観光メディア文化学部 メディア情報文化学科 
3379370104,松蔭大学 コミュニ 異文化コミュ,松蔭大 コミュニケーション文化学部 異文化コミュニケーション学科 
3379370204,松蔭大学 コミュニ 生活心理,松蔭大 コミュニケーション文化学部 生活心理学科 
3379370304,松蔭大学 コミュニ 日本文化コミ,松蔭大 コミュニケーション文化学部 日本文化コミュニケーション学科 
3379370404,松蔭大学 コミュニ 子ども,松蔭大 コミュニケーション文化学部 子ども学科 
3379640101,松蔭大学 看護 看護,松蔭大 看護学部 看護学科 
3380270100,田園調布学園大学 人間福祉 社会／社会福,田園調布学園大 人間福祉学部 社会福祉学科 社会福祉専攻 
3380270200,田園調布学園大学 人間福祉 社会／介護福,田園調布学園大 人間福祉学部 社会福祉学科 介護福祉専攻 
3380270601,田園調布学園大学 人間福祉 共生社会,田園調布学園大 人間福祉学部 共生社会学科 
3380310101,田園調布学園大学 子ども教 子ども教育,田園調布学園大 子ども教育学部 子ども教育学科 
3380370101,田園調布学園大学 人間科学 心理,田園調布学園大 人間科学部 心理学科 
3381610101,横浜薬科大学 薬 漢方薬,横浜薬大 薬学部 漢方薬学科 
3381610201,横浜薬科大学 薬 臨床薬,横浜薬大 薬学部 臨床薬学科 
3381610301,横浜薬科大学 薬 健康薬,横浜薬大 薬学部 健康薬学科 
3381610401,横浜薬科大学 薬 薬科学,横浜薬大 薬学部 薬科学科 
3382830102,横浜美術大学 美術 美術・デザイ,横浜美大 美術学部 美術・デザイン学科 
3383830101,日本映画大学 映画 映画,日本映画大 映画学部 映画学科 
3384310101,横浜創英大学 こども教 幼児教育,横浜創英大 こども教育学部 幼児教育学科 
3384640101,横浜創英大学 看護 看護,横浜創英大 看護学部 看護学科 
3385610101,湘南医療大学 薬 医療薬,湘南医療大 薬学部 医療薬学科 
3385640101,湘南医療大学 保健医療 看護,湘南医療大 保健医療学部 看護学科 
3385640201,湘南医療大学 保健医療 リハ／理学療,湘南医療大 保健医療学部 リハビリテーション学科 理学療法学専攻 
3385640301,湘南医療大学 保健医療 リハ／作業療,湘南医療大 保健医療学部 リハビリテーション学科 作業療法学専攻 
3386640101,湘南鎌倉医療大学 看護 看護,湘南鎌倉医療大 看護学部 看護学科 
3387790101,ビューティ＆ウェルネス専門職大学 ビューテ ビューティウ,ビューティ職大 ビューティ＆ウェルネス学部 ビューティ＆ウェルネス学科 
3387790201,ビューティ＆ウェルネス専門職大学 ビューテ ビューティサ,ビューティ職大 ビューティ＆ウェルネス学部 ビューティサイエンス学科 
3388210101,グローバルＢｉｚ専門職大学 グローバ グローバルビ,グロＢｉｚ職大 グローバルビジネス学部 グローバルビジネス学科 
3401020401,敬和学園大学 人文 国際教養,敬和学園大 人文学部 国際教養学科 
3403210102,新潟経営大学 経営情報 経営情報,新潟経営大 経営情報学部 経営情報学科 
3403210202,新潟経営大学 経営情報 スポーツマネ,新潟経営大 経営情報学部 スポーツマネジメント学科 
3404210101,新潟国際情報大学 経営情報 経営,新潟国際情報大 経営情報学部 経営学科 
3404210201,新潟国際情報大学 経営情報 情報システム,新潟国際情報大 経営情報学部 情報システム学科 
3404330101,新潟国際情報大学 国際 国際文化,新潟国際情報大 国際学部 国際文化学科 
3405180302,新潟産業大学 経済 経済経営,新潟産大 経済学部 経済経営学科 
3405180502,新潟産業大学 経済 文化経済,新潟産大 経済 文化経済 '15 0
3406610202,新潟薬科大学 薬 薬,新潟薬大 薬学部 薬学科 
3406640101,新潟薬科大学 医療技術 臨床検査,新潟薬大 医療技術学部 臨床検査学科 
3406650101,新潟薬科大学 看護 看護,新潟薬大 看護学部 看護学科 
3406740103,新潟薬科大学 応用生命 応用生命科学,新潟薬大 食農情報学部 食品生物化学科 
3406740301,新潟薬科大学 応用生命 生命産業ビジ,新潟薬大 食農情報学部 食農ビジネス学科 
3407460601,新潟工科大学 工 工,新潟工科大 工学部 工学科 
3408270401,新潟青陵大学 福祉心理 臨床心理,新潟青陵大 福祉心理子ども学部 臨床心理学科 
3408270501,新潟青陵大学 福祉心理 社会福祉,新潟青陵大 福祉心理子ども学部 社会福祉学科 
3408270601,新潟青陵大学 福祉心理 子ども発達,新潟青陵大 福祉心理子ども学部 子ども発達学科 
3408650101,新潟青陵大学 看護 看護,新潟青陵大 看護学部 看護学科 
3409220301,長岡大学 経済経営 経済経営,長岡大 経済経営学部 経済経営学科 
3410030101,新潟医療福祉大学 心理福祉 社会福祉,新潟医療福祉大 心理・福祉学部 社会福祉学科 
3410030201,新潟医療福祉大学 心理福祉 心理健康,新潟医療福祉大 心理・福祉学部 心理健康学科 
3410210101,新潟医療福祉大学 医療情報 医療情報管理,新潟医療福祉大 医療情報経営学部 医療情報管理学科 
3410210201,新潟医療福祉大学 医療情報 健康データサ,新潟医療福祉大 医療情報経営学部 健康データサイエンス学科 
3410640801,新潟医療福祉大学 医療技術 臨床技術,新潟医療福祉大 医療技術学部 臨床技術学科 
3410640901,新潟医療福祉大学 医療技術 視機能科学,新潟医療福祉大 医療技術学部 視機能科学科 
3410641001,新潟医療福祉大学 医療技術 救急救命,新潟医療福祉大 医療技術学部 救急救命学科 
3410641101,新潟医療福祉大学 医療技術 診療放射線,新潟医療福祉大 医療技術学部 診療放射線学科 
3410650101,新潟医療福祉大学 健康科学 健康栄養,新潟医療福祉大 健康科学部 健康栄養学科 
3410650201,新潟医療福祉大学 健康科学 健康スポーツ,新潟医療福祉大 健康科学部 健康スポーツ学科 
3410660101,新潟医療福祉大学 リハビリ 理学療法,新潟医療福祉大 リハビリテーション学部 理学療法学科 
3410660201,新潟医療福祉大学 リハビリ 作業療法,新潟医療福祉大 リハビリテーション学部 作業療法学科 
3410660301,新潟医療福祉大学 リハビリ 言語聴覚,新潟医療福祉大 リハビリテーション学部 言語聴覚学科 
3410660401,新潟医療福祉大学 リハビリ 義肢装具自立,新潟医療福祉大 リハビリテーション学部 義肢装具自立支援学科 
3410660501,新潟医療福祉大学 リハビリ 鍼灸健康,新潟医療福祉大 リハビリテーション学部 鍼灸健康学科 
3410670101,新潟医療福祉大学 看護 看護,新潟医療福祉大 看護学部 看護学科 
3411640102,新潟リハビリテーション大学 医療 リハ／理学療,新潟リハビリ大 医療学部 リハビリテーション学科 理学療法学専攻 
3411640401,新潟リハビリテーション大学 医療 リハ／作業療,新潟リハビリ大 医療学部 リハビリテーション学科 作業療法学専攻 
3411640501,新潟リハビリテーション大学 医療 リハ／心理学,新潟リハビリ大 医療学部 リハビリテーション学科 心理学専攻 
3412740101,新潟食料農業大学 食料産業 食料産業,新潟食料農業大 食料産業学部 食料産業学科 
3413640101,長岡崇徳大学 看護 看護,長岡崇徳大 看護学部 看護学科 
3414210101,開志専門職大学 事業創造 事業創造,開志専門職大 事業創造学部 事業創造学科 
3414370101,開志専門職大学 情報 情報,開志専門職大 情報学部 情報学科 
3414830101,開志専門職大学 アニメマ アニメ・マン,開志専門職大 アニメ・マンガ学部 アニメ・マンガ学科 
3417290101,富山国際大学 現代社会 現代社会,富山国際大 現代社会学部 現代社会学科 
3417790101,富山国際大学 子ども育 子ども育成,富山国際大 子ども育成学部 子ども育成学科 
3426550100,金沢医科大学 医 医,金沢医大 医学部 医学科 
3426640101,金沢医科大学 看護 看護,金沢医大 看護学部 看護学科 
3427020101,金沢星稜大学 人文 国際文化,金沢星稜大 人文学部 国際文化学科 
3427020201,金沢星稜大学 人文 国際英語,金沢星稜大 人文学部 国際英語学科 
3427180101,金沢星稜大学 経済 経済,金沢星稜大 経済学部 経済学科 
3427180301,金沢星稜大学 経済 経営,金沢星稜大 経済学部 経営学科 
3427180401,金沢星稜大学 経済 地域システム,金沢星稜大 経済学部 地域システム学科 
3427370101,金沢星稜大学 人間科学 スポーツ,金沢星稜大 人間科学部 スポーツ学科 
3427370201,金沢星稜大学 人間科学 こども,金沢星稜大 人間科学部 こども学科 
3428390101,金沢工業大学 メディア メディア情報,金沢工大 メディア情報学部 メディア情報学科 
3428390201,金沢工業大学 メディア 心理情報デザ,金沢工大 メディア情報学部 心理情報デザイン学科 
3428400101,金沢工業大学 情報デザ 経営情報,金沢工大 情報デザイン学部 経営情報学科 
3428400201,金沢工業大学 情報デザ 環境デザイン,金沢工大 情報デザイン学部 環境デザイン創成学科 
3428460201,金沢工業大学 工 機械工,金沢工大 工学部 機械工学科 
3428461501,金沢工業大学 工 航空宇宙工,金沢工大 工学部 航空宇宙工学科 
3428461901,金沢工業大学 工 環境土木工,金沢工大 工学部 環境土木工学科 
3428462001,金沢工業大学 工 先進機械シス,金沢工大 工学部 先進機械システム工学科 
3428462101,金沢工業大学 工 電気エネルギ,金沢工大 工学部 電気エネルギーシステム工学科 
3428462201,金沢工業大学 工 電子情報シス,金沢工大 工学部 電子情報システム工学科 
3428480101,金沢工業大学 バイオ化 生命・応用バ,金沢工大 バイオ・化学部 生命・応用バイオ学科 
3428480201,金沢工業大学 バイオ化 環境・応用化,金沢工大 バイオ・化学部 環境・応用化学科 
3428490101,金沢工業大学 建築 建築,金沢工大 建築学部 建築学科 
3428490201,金沢工業大学 建築 建築デザイン,金沢工大 建築学部 建築デザイン学科 
3428500101,金沢工業大学 情報理工 情報工,金沢工大 情報理工学部 情報工学科 
3428500201,金沢工業大学 情報理工 知能情報シス,金沢工大 情報理工学部 知能情報システム学科 
3428500301,金沢工業大学 情報理工 ロボティクス,金沢工大 情報理工学部 ロボティクス学科 
3429010501,金沢学院大学 文 文学／日本文,金沢学院大 文学部 文学科 日本文学専攻 
3429010601,金沢学院大学 文 文学／英米文,金沢学院大 文学部 文学科 英米文学専攻 
3429010701,金沢学院大学 文 文学／歴史学,金沢学院大 文学部 文学科 歴史学・考古学専攻 
3429010801,金沢学院大学 文 文学／心理学,金沢学院大 文学部 文学科 心理学専攻 
3429180101,金沢学院大学 経済 経済,金沢学院大 経済学部 経済学科 
3429180201,金沢学院大学 経済 経営,金沢学院大 経済学部 経営学科 
3429300101,金沢学院大学 教育 教育,金沢学院大 教育学部 教育学科 
3429470101,金沢学院大学 情報工 情報工,金沢学院大 情報工学部 情報工学科 
3429650101,金沢学院大学 スポーツ スポーツ科学,金沢学院大 スポーツ科学部 スポーツ科学科 
3429790101,金沢学院大学 栄養 栄養,金沢学院大 栄養学部 栄養学科 
3429830401,金沢学院大学 芸術 芸術,金沢学院大 芸術学部 芸術学科 
3430210101,北陸大学 経済経営 マネジメント,北陸大 経済経営学部 マネジメント学科 
3430210201,北陸大学 経済経営 経済,北陸大 経済経営学部 経済学科 
3430370101,北陸大学 国際コミ 国際コミュニ,北陸大北陸大学 国際コミ 国際コミュニ
3430370201,北陸大学 国際コミ 心理社会,北陸大北陸大学 国際コミ 心理社会
3430610201,北陸大学 薬 薬,北陸大 薬学部 薬学科 
3430640101,北陸大学 医療保健 医療技術,北陸大 医療保健学部 医療技術学科 
3430640201,北陸大学 医療保健 理学療法,北陸大 医療保健学部 理学療法学科 
3431210101,金城大学 総合経済 総合経済,金城大 総合経済学部 総合経済学科 
3431270101,金城大学 人間社会 社会福祉,金城大 人間社会科学部 社会福祉学科 
3431270201,金城大学 人間社会 子ども教育保,金城大 人間社会科学部 子ども教育保育学科 
3431640101,金城大学 医療健康 理学療法,金城大 医療健康学部 理学療法学科 
3431640201,金城大学 医療健康 作業療法,金城大 医療健康学部 作業療法学科 
3431650101,金城大学 看護 看護,金城大 看護学部 看護学科 
3432250101,北陸学院大学 社会 社会,北陸学院大 北陸学院大学 社会 社会
3432250201,北陸学院大学 社会 社会マネジメ,北陸学院大 社会学部 社会マネジメント学科 
3432640101,北陸学院大学 健康科学 栄養,北陸学院大 健康科学部 栄養学科 
3433220101,かなざわ食マネジメント専門職大学 フードサ フードサービ,かなざわ食職大 フードサービスマネジメント学部 フードサービスマネジメント学科 
3441210101,福井工業大学 経営情報 経営情報,福井工大 経営情報学部 経営情報学科 
3441461502,福井工業大学 工 機械工,福井工大 工学部 機械工学科 
3441461902,福井工業大学 工 原子力技術応,福井工大 工学部 原子力技術応用工学科 
3441462903,福井工業大学 工 電気電子情報,福井工大 工学部 電気電子情報工学科 
3441463603,福井工業大学 工 建築土木工,福井工大 工学部 建築土木工学科 
3441470103,福井工業大学 環境 環境食品応用,福井工大 環境学部 環境食品応用化学科 
3441470303,福井工業大学 環境 デザイン,福井工大 環境学部 デザイン学科 
3441640103,福井工業大学 スポーツ スポーツ健康,福井工大 スポーツ健康科学部 スポーツ健康科学科 
3442030101,仁愛大学 心理 心理,仁愛大 心理学部 心理学科 
3442210101,仁愛大学 ビジネス ビジネスコミ,仁愛大 ビジネスコミュニケーション学部 ビジネスコミュニケーション学科 
3442790102,仁愛大学 栄養子ど 健康栄養,仁愛大 栄養・子ども学部 健康栄養学科 
3442790202,仁愛大学 栄養子ど 子ども教育,仁愛大 栄養・子ども学部 子ども教育学科 
3443640101,福井医療大学 保健医療 リハ／理学療,福井医療大 保健医療学部 リハビリテーション学科 理学療法学専攻 
3443640201,福井医療大学 保健医療 リハ／作業療,福井医療大 保健医療学部 リハビリテーション学科 作業療法学専攻 
3443640301,福井医療大学 保健医療 リハ／言語聴,福井医療大 保健医療学部 リハビリテーション学科 言語聴覚学専攻 
3443640401,福井医療大学 保健医療 看護,福井医療大 保健医療学部 看護学科 
3451310201,帝京科学大学 教育人間 幼児保育,帝京科学大 教育人間科学部 幼児保育学科 
3451310301,帝京科学大学 教育人間 学校／小学校,帝京科学大 教育人間科学部 学校教育学科 初等教育コース 
3451310401,帝京科学大学 教育人間 学校／中高理,帝京科学大 教育人間科学部 学校教育学科 中高理科コース 
3451310501,帝京科学大学 教育人間 学校／中高保,帝京科学大 教育人間科学部 学校教育学科 中高保健体育コース 
3451310601,帝京科学大学 教育人間 こど／小・幼,帝京科学大 教育人間科学部 こども学科 小学校・幼稚園教諭コース 
3451310701,帝京科学大学 教育人間 こど／幼・保,帝京科学大 教育人間科学部 こども学科 幼稚園教諭・保育士コース 
3451310801,帝京科学大学 教育人間 学校／中高英,帝京科学大 教育人間科学部 学校教育学科 中高英語コース 
3451370901,帝京科学大学 生命環境 生命／生命,帝京科学大 生命環境学部 生命科学科 生命コース 
3451371001,帝京科学大学 生命環境 生命／生・健,帝京科学大 生命環境学部 生命科学科 生命・健康コース 
3451371101,帝京科学大学 生命環境 生命／臨床工,帝京科学大 生命環境学部 生命科学科 臨床工学コース 
3451371201,帝京科学大学 生命環境 アニマルサイ,帝京科学大 生命環境学部 アニマルサイエンス学科 
3451371301,帝京科学大学 生命環境 自然・東京西,帝京科学大 生命環境学部 自然環境学科東京西キャンパス 
3451371501,帝京科学大学 生命環境 自然・千住,帝京科学大 生命環境学部 自然環境学科千住キャンパス 
3451371601,帝京科学大学 生命環境 アニ／看護福,帝京科学大 生命環境学部 アニマルサイエンス学科 動物看護福祉コース 
3451371701,帝京科学大学 生命環境 アニ／看護科,帝京科学大 生命環境学部 アニマルサイエンス学科 動物看護科学コース 
3451640401,帝京科学大学 医療科学 理学療法,帝京科学大 医療科学 理学療法 '13 0
3451640501,帝京科学大学 医療科学 作業療法,帝京科学大 医療科学 作業療法 '13 0
3451640601,帝京科学大学 医療科学 柔道整復,帝京科学大 医療科学 柔道整復 '13 0
3451640701,帝京科学大学 医療科学 東京理学療法,帝京科学大 医療科学部 東京理学療法学科 
3451640801,帝京科学大学 医療科学 東京柔道整復,帝京科学大 医療科学部 東京柔道整復学科 
3451640901,帝京科学大学 医療科学 看護,帝京科学大 医療科学部 看護学科 
3451641001,帝京科学大学 医療科学 医療福祉,帝京科学大 医療科学部 医療福祉学科 
3452030100,身延山大学 仏教 仏教,身延山大 仏教学部 仏教学科 
3453120201,山梨学院大学 法 法,山梨学院大 法学部 法学科 
3453190101,山梨学院大学 経営 経営,山梨学院大 経営学部 経営学科 
3453370101,山梨学院大学 国際リベ 国際リベラル,山梨学院大 国際リベラルアーツ学部 国際リベラルアーツ学科 
3453640101,山梨学院大学 健康栄養 管理栄養,山梨学院大 健康栄養学部 管理栄養学科 
3453650101,山梨学院大学 スポーツ スポーツ科学,山梨学院大 スポーツ科学部 スポーツ科学科 
3454370101,山梨英和大学 人間文化 人間文化,山梨英和大 人間文化学部 人間文化学科 
3455640301,健康科学大学 健康科学 人間コミュニ,健康科学大 健康科学部 人間コミュニケーション学科 
3455640601,健康科学大学 健康科学 リハ／理学療,健康科学大 健康科学部 リハビリテーション学科 理学療法学コース 
3455640701,健康科学大学 健康科学 リハ／作業療,健康科学大 健康科学部 リハビリテーション学科 作業療法学コース 
3455650101,健康科学大学 看護 看護,健康科学大 看護学部 看護学科 
3462580101,松本歯科大学 歯 歯,松本歯大 歯学部 歯学科 
3463210101,松本大学 総合経営 総合経営,松本大 総合経営学部 総合経営学科 
3463210201,松本大学 総合経営 観光ホスピタ,松本大 総合経営学部 観光ホスピタリティ学科 
3463300101,松本大学 教育 学校教育,松本大 教育学部 学校教育学科 
3463640101,松本大学 人間健康 健康栄養,松本大 人間健康学部 健康栄養学科 
3463640201,松本大学 人間健康 スポーツ健康,松本大 人間健康学部 スポーツ健康学科 
3465270101,清泉大学 人文社会 情報コミュニ,清泉大 人文社会科学部 情報コミュニケーション学科 
3465270201,清泉大学 人文社会 文化芸術,清泉大 人文社会科学部 文化芸術学科 
3465370101,清泉大学 人間 心理コミュニ,清泉大 人間学部 心理コミュニケーション学科 
3465640101,清泉大学 看護 看護,清泉大 看護学部 看護学科 
3466270102,佐久大学 人間福祉 人間福祉,佐久大 人間福祉学部 人間福祉学科 
3466640101,佐久大学 看護 看護,佐久大 看護学部 看護学科 
3467640101,長野保健医療大学 保健科学 リハ／理学療,長野保健医療大 保健科学部 リハビリテーション学科 理学療法学専攻 
3467640201,長野保健医療大学 保健科学 リハ／作業療,長野保健医療大 保健科学部 リハビリテーション学科 作業療法学専攻 
3467650101,長野保健医療大学 看護 看護,長野保健医療大 看護学部 看護学科 
3468640101,松本看護大学 看護 看護,松本看護大 看護学部 看護学科 
3481120101,朝日大学 法 法,朝日大 法学部 法学科 
3481190101,朝日大学 経営 経営,朝日大 経営学部 経営学科 
3481580100,朝日大学 歯 歯,朝日大 歯学部 歯学科 
3481640101,朝日大学 保健医療 看護,朝日大 保健医療学部 看護学科 
3481640201,朝日大学 保健医療 健康スポーツ,朝日大 保健医療学部 健康スポーツ科学科 
3481640301,朝日大学 保健医療 救急救命,朝日大 保健医療学部 救急救命学科 
3482180000,岐阜協立大学 経済 ,岐阜協立大 経済学部 
3482190301,岐阜協立大学 経営 スポーツ経営,岐阜協立大 経営学部 スポーツ経営学科 
3482190401,岐阜協立大学 経営 経営情報,岐阜協立大 経営学部 経営情報学科 
3482640101,岐阜協立大学 看護 看護,岐阜協立大 看護学部 看護学科 
3483030901,岐阜女子大学 文化創造 文化／文化創,岐阜女子大 文化創造学部 文化創造学科 文化創造学専攻 
3483031001,岐阜女子大学 文化創造 文化／初等教,岐阜女子大 文化創造学部 文化創造学科 初等教育学専攻 
3483031601,岐阜女子大学 文化創造 文化／デジタ,岐阜女子大 文化創造学部 文化創造学科 デジタルアーカイブ専攻 
3483790401,岐阜女子大学 家政 健康栄養,岐阜女子大 家政学部 健康栄養学科 
3483790501,岐阜女子大学 家政 生活／生活科,岐阜女子大 家政学部 生活科学科 生活科学専攻 
3483790601,岐阜女子大学 家政 生活／建築デ,岐阜女子大 家政学部 生活科学科 建築デザイン専攻 
3484020201,岐阜聖徳学園大学 人文 人文／英語英,岐阜聖徳学園大 人文学部 人文学科 英語英米文化専攻 
3484020301,岐阜聖徳学園大学 人文 人文／日本語,岐阜聖徳学園大 人文学部 人文学科 日本語日本文化専攻 
3484020401,岐阜聖徳学園大学 人文 人文／歴史地,岐阜聖徳学園大 人文学部 人文学科 歴史地理専攻 
3484210101,岐阜聖徳学園大学 経済情報 経済情報,岐阜聖徳学園大 経済情報学部 経済情報学科 
3484301001,岐阜聖徳学園大学 教育 学校／国語,岐阜聖徳学園大 教育学部 学校教育課程 国語専修 
3484301101,岐阜聖徳学園大学 教育 学校／社会,岐阜聖徳学園大 教育学部 学校教育課程 社会専修 
3484301201,岐阜聖徳学園大学 教育 学校／数学,岐阜聖徳学園大 教育学部 学校教育課程 数学専修 
3484301301,岐阜聖徳学園大学 教育 学校／理科,岐阜聖徳学園大 教育学部 学校教育課程 理科専修 
3484301401,岐阜聖徳学園大学 教育 学校／音楽,岐阜聖徳学園大 教育学部 学校教育課程 音楽専修 
3484301501,岐阜聖徳学園大学 教育 学校／体育,岐阜聖徳学園大 教育学部 学校教育課程 体育専修 
3484301601,岐阜聖徳学園大学 教育 学校／英語,岐阜聖徳学園大 教育学部 学校教育課程 英語専修 
3484301701,岐阜聖徳学園大学 教育 学校／保育初,岐阜聖徳学園大 教育学部 学校教育課程 保育初等教育専修 
3484301801,岐阜聖徳学園大学 教育 学校／特別支,岐阜聖徳学園大 教育学部 学校教育課程 特別支援教育専修 
3484301901,岐阜聖徳学園大学 教育 学校／学校心,岐阜聖徳学園大 教育学部 学校教育課程 学校心理専修 
3484640102,岐阜聖徳学園大学 看護 看護,岐阜聖徳学園大 看護学部 看護学科 
3485190102,中京学院大学 経営 経営,中京学院大 経営学部 経営学科 
3485640105,中京学院大学 看護 看護,中京学院大 看護学部 看護学科 
3486370101,東海学院大学 人間関係 心理,東海学院大 人間関係学部 心理学科 
3486370301,東海学院大学 人間関係 子ども発達,東海学院大 人間関係学部 子ども発達学科 
3486640101,東海学院大学 健康福祉 医療栄養,東海学院大 東海学院大学 健康福祉 医療栄養
3486640201,東海学院大学 健康福祉 総合福祉,東海学院大 東海学院大学 健康福祉 総合福祉
3487270101,中部学院大学 人間福祉 人間福祉,中部学院大 人間福祉学部 人間福祉学科 
3487300102,中部学院大学 教育 子ども教育,中部学院大 教育学部 子ども教育学科 
3487640102,中部学院大学 看護リハ 理学療法,中部学院大 看護リハビリテーション学部 理学療法学科 
3487640202,中部学院大学 看護リハ 看護,中部学院大 看護リハビリテーション学部 看護学科 
3487650102,中部学院大学 スポーツ スポーツ健康,中部学院大 スポーツ健康科学部 スポーツ健康科学科 
3488610103,岐阜医療科学大学 薬 薬,岐阜医療科学大 薬学部 薬学科 
3488640101,岐阜医療科学大学 保健科学 放射線技術,岐阜医療科学大 保健科学部 放射線技術学科 
3488640201,岐阜医療科学大学 保健科学 臨床検査,岐阜医療科学大 保健科学部 臨床検査学科 
3488650101,岐阜医療科学大学 看護 看護,岐阜医療科学大 看護学部 看護学科 
3489640101,岐阜保健大学 看護 看護,岐阜保健大 看護学部 看護学科 
3489650101,岐阜保健大学 リハビリ 理学療法,岐阜保健大 リハビリテーション学部 理学療法学科 
3489650201,岐阜保健大学 リハビリ 作業療法,岐阜保健大 リハビリテーション学部 作業療法学科 
3490370101,コー・イノベーション大学 共創 地域共創,コー・イノベ大 共創学部 地域共創学科 
3501190000,静岡産業大学 経営 ,静岡産業大 経営学部 
3501640102,静岡産業大学 スポーツ スポーツ科学,静岡産業大 スポーツ科学部 スポーツ科学科 
3502370601,静岡理工科大学 情報 情報,静岡理工科大 情報学部 情報学科 
3502470801,静岡理工科大学 理工 理工／機械工,静岡理工科大 理工学部 理工学科 機械・自動車・航空・ＡＩロボット系 
3502470901,静岡理工科大学 理工 理工／電気電,静岡理工科大 理工学部 理工学科 電気電子情報系 
3502471001,静岡理工科大学 理工 理工／物質生,静岡理工科大 理工学部 理工学科 化学・バイオ系 
3502480101,静岡理工科大学 建築都市 建築／建築学,静岡理工科大 建築・都市デザイン学部 建築・都市デザイン学科 建築学系 
3502480201,静岡理工科大学 建築都市 建築／都市デ,静岡理工科大 建築・都市デザイン学部 建築・都市デザイン学科 都市デザイン学系 
3503260301,聖隷クリストファー大学 社会福祉 社会福祉,聖隷クリスト大 社会福祉学部 社会福祉学科 
3503310102,聖隷クリストファー大学 国際教育 こども教育,聖隷クリスト大 国際教育学部 こども教育学科 
3503640101,聖隷クリストファー大学 看護 看護,聖隷クリスト大 看護学部 看護学科 
3503650401,聖隷クリストファー大学 リハビリ 理学療法,聖隷クリスト大 リハビリテーション学部 理学療法学科 
3503650501,聖隷クリストファー大学 リハビリ 作業療法,聖隷クリスト大 リハビリテーション学部 作業療法学科 
3503650601,聖隷クリストファー大学 リハビリ 言語聴覚,聖隷クリスト大 リハビリテーション学部 言語聴覚学科 
3504080103,常葉大学 外国語 英米語,常葉大 外国語学部 英米語学科 
3504080303,常葉大学 外国語 グローバルコ,常葉大 外国語学部 グローバルコミュニケーション学科 
3504120101,常葉大学 法 法律,常葉大 法学部 法律学科 
3504190102,常葉大学 経営 経営,常葉大 経営学部 経営学科 
3504270102,常葉大学 社会環境 社会環境,常葉大 社会環境学部 社会環境学科 
3504300902,常葉大学 教育 学校教育,常葉大 教育学部 学校教育課程 
3504301002,常葉大学 教育 心理教育,常葉大 教育学部 心理教育学科 
3504301101,常葉大学 教育 生涯／生涯学,常葉大 教育学部 生涯学習学科 生涯学習専攻 
3504301201,常葉大学 教育 生涯／生涯ス,常葉大 教育学部 生涯学習学科 生涯スポーツ専攻 
3504640101,常葉大学 健康科学 看護,常葉大 健康科学部 看護学科 
3504640201,常葉大学 健康科学 静岡理学療法,常葉大 健康科学部 静岡理学療法学科 
3504650102,常葉大学 健康プロ 健康栄養,常葉大 健康プロデュース学部 健康栄養学科 
3504650202,常葉大学 健康プロ 保育健康,常葉大 健康プロデュース学部 保育健康学科 
3504650302,常葉大学 健康プロ スポーツ健康,常葉大 健康プロデュース学部 スポーツ健康科学科 
3504650402,常葉大学 健康プロ 健康鍼灸,常葉大 健康プロデュース学部 健康鍼灸学科 
3504650502,常葉大学 健康プロ 健康柔道整復,常葉大 健康プロデュース学部 健康柔道整復学科 
3504660101,常葉大学 保健医療 理学療法,常葉大 保健医療学部 理学療法学科 
3504660201,常葉大学 保健医療 作業療法,常葉大 保健医療学部 作業療法学科 
3504790102,常葉大学 保育 保育,常葉大 保育学部 保育学科 
3504830102,常葉大学 造形 造形,常葉大 造形学部 造形学科 
3508270000,静岡英和学院大学 人間社会 ,静岡英和学院大 人間社会学部 
3509270101,浜松学院大学 地域共創 地域経営,浜松学院大 地域共創学部 地域経営学科 
3509270201,浜松学院大学 地域共創 地域子ども教,浜松学院大 地域共創学部 地域子ども教育学科 
3510260201,静岡福祉大学 社会福祉 福祉心理,静岡福祉大 社会福祉学部 福祉心理学科 
3510260401,静岡福祉大学 社会福祉 健康福祉,静岡福祉大 社会福祉学部 健康福祉学科 
3510790101,静岡福祉大学 子ども 子ども,静岡福祉大 子ども学部 子ども学科 
3521012502,愛知大学 文 人文／現代文,愛知大 文学部 人文社会学科 現代文化コース 
3521012602,愛知大学 文 人文／社会学,愛知大 文学部 人文社会学科 社会学コース 
3521013002,愛知大学 文 人文／欧米言,愛知大 文学部 人文社会学科 英語圏文化コース 
3521013104,愛知大学 文 心理,愛知大 文学部 心理学科 
3521013202,愛知大学 文 歴史地理,愛知大 文学部 歴史地理学科 
3521013302,愛知大学 文 日本語日本文,愛知大 文学部 日本語日本文学科 
3521030101,愛知大学 現代中国 現代中国,愛知大 現代中国学部 現代中国学科 
3521120104,愛知大学 法 法,愛知大 法学部 法学科 
3521130101,愛知大学 地域政策 地域／公共政,愛知大 地域政策学部 地域政策学科 公共政策コース 
3521130201,愛知大学 地域政策 地域／経済産,愛知大 地域政策学部 地域政策学科 経済産業コース 
3521130501,愛知大学 地域政策 地域／健康ス,愛知大 地域政策学部 地域政策学科 健康・スポーツコース 
3521130604,愛知大学 地域政策 地域／食農環,愛知大 地域政策学部 地域政策学科 食農環境コース 
3521130701,愛知大学 地域政策 地域／まちづ,愛知大 地域政策学部 地域政策学科 まちづくり・文化コース 
3521180104,愛知大学 経済 経済,愛知大 経済学部 経済学科 
3521190104,愛知大学 経営 経営,愛知大 経営学部 経営学科 
3521190204,愛知大学 経営 会計ファイナ,愛知大 経営学部 会計ファイナンス学科 
3521370101,愛知大学 国際コミ 英語,愛知大 国際コミュニケーション学部 英語学科 
3521370201,愛知大学 国際コミ 国際教養,愛知大 国際コミュニケーション学部 国際教養学科 
3522550100,愛知医科大学 医 医,愛知医大 医学部 医学科 
3522640100,愛知医科大学 看護 看護,愛知医大 看護学部 看護学科 
3523010102,愛知学院大学 文 英語英米文化,愛知学院大 文学部 英語英米文化学科 
3523010202,愛知学院大学 文 宗教文化,愛知学院大 文学部 宗教文化学科 
3523010402,愛知学院大学 文 日本文化,愛知学院大 文学部 日本文化学科 
3523010502,愛知学院大学 文 歴史,愛知学院大 文学部 歴史学科 
3523010601,愛知学院大学 文 グローバル英,愛知学院大 文学部 グローバル英語学科 
3523040102,愛知学院大学 心理 心理,愛知学院大 心理学部 心理学科 
3523120102,愛知学院大学 法 法律,愛知学院大 法学部 法律学科 
3523120202,愛知学院大学 法 現代社会法,愛知学院大 法学部 現代社会法学科 
3523130101,愛知学院大学 総合政策 総合政策,愛知学院大 総合政策学部 総合政策学科 
3523180101,愛知学院大学 経済 経済,愛知学院大 経済学部 経済学科 
3523190102,愛知学院大学 経営 経営,愛知学院大 経営学部 経営学科 
3523200102,愛知学院大学 商 商,愛知学院大 商学部 商学科 
3523580103,愛知学院大学 歯 歯,愛知学院大 歯学部 歯学科 
3523610103,愛知学院大学 薬 医療薬,愛知学院大 薬学部 医療薬学科 
3523640101,愛知学院大学 健康科学 健康科学,愛知学院大 健康科学部 健康科学科 
3523640201,愛知学院大学 健康科学 健康栄養,愛知学院大 健康科学部 健康栄養学科 
3524790501,愛知学泉大学 家政 ライフスタイ,愛知学泉大 家政学部 ライフスタイル学科 
3524790601,愛知学泉大学 家政 管理栄養,愛知学泉大 家政学部 管理栄養学科 
3524790701,愛知学泉大学 家政 こどもの生活,愛知学泉大 家政学部 こどもの生活学科 
3525190101,愛知工業大学 経営 経営／経営情,愛知工業大 経営学部 経営学科 経営情報システム専攻 
3525190301,愛知工業大学 経営 経営／スポー,愛知工業大 経営学部 経営学科 スポーツマネジメント専攻 
3525370101,愛知工業大学 情報科学 情報／コンピ,愛知工業大 情報科学部 情報科学科 コンピュータシステム専攻 
3525370205,愛知工業大学 情報科学 情報／メディ,愛知工業大 情報科学部 情報科学科 メディア情報専攻 
3525461101,愛知工業大学 工 電気／電気工,愛知工業大 工学部 電気学科 電気工学専攻 
3525461302,愛知工業大学 工 応用／応用化,愛知工業大 工学部 応用化学科 応用化学専攻 
3525461401,愛知工業大学 工 機械／機械工,愛知工業大 工学部 機械学科 機械工学専攻 
3525461601,愛知工業大学 工 社会／土木工,愛知工業大 工学部 社会基盤学科 土木工学専攻 
3525462101,愛知工業大学 工 応用／バイオ,愛知工業大 工学部 応用化学科 バイオ環境化学専攻 
3525462201,愛知工業大学 工 電気／電子情,愛知工業大 工学部 電気学科 電子情報工学専攻 
3525462301,愛知工業大学 工 機械／機械創,愛知工業大 工学部 機械学科 機械創造工学専攻 
3525462501,愛知工業大学 工 建築／建築学,愛知工業大 工学部 建築学科 建築学専攻 
3525462605,愛知工業大学 工 建築／住居デ,愛知工業大 工学部 建築学科 住居デザイン専攻 
3525462701,愛知工業大学 工 社会／都市デ,愛知工業大 工学部 社会基盤学科 都市デザイン専攻 
3526190302,愛知産業大学 経営 総合経営,愛知産業大 愛知産業大学 経営 総合経営
3526830104,愛知産業大学 造形 建築,愛知産業大 造形学部 建築学科 
3526830301,愛知産業大学 造形 スマートデザ,愛知産業大 愛知産業大学 造形 スマートデザ
3527010901,愛知淑徳大学 文 国文,愛知淑徳大 文学部 国文学科 
3527040101,愛知淑徳大学 心理 心理,愛知淑徳大 心理学部 心理学科 
3527210103,愛知淑徳大学 ビジネス ビジネス,愛知淑徳大 ビジネス学部 ビジネス学科 
3527280101,愛知淑徳大学 福祉貢献 福祉／社会福,愛知淑徳大 福祉貢献学部 福祉貢献学科 社会福祉専攻 
3527280201,愛知淑徳大学 福祉貢献 福祉／子ども,愛知淑徳大 福祉貢献学部 福祉貢献学科 子ども福祉専攻 
3527300101,愛知淑徳大学 教育 教育,愛知淑徳大 教育学部 教育学科 
3527330202,愛知淑徳大学 交流文化 交流／ランゲ,愛知淑徳大 交流文化学部 交流文化学科 ランゲージ専攻 
3527330302,愛知淑徳大学 交流文化 交流／観光,愛知淑徳大 交流文化学部 交流文化学科 観光専攻 
3527340102,愛知淑徳大学 グローバ グローバルコ,愛知淑徳大 グローバル・コミュニケーション学部 グローバル・コミュニケーション学科 
3527380201,愛知淑徳大学 人間情報 人間／感性工,愛知淑徳大 人間情報学部 人間情報学科 感性工学専攻 
3527380301,愛知淑徳大学 人間情報 人間／データ,愛知淑徳大 人間情報学部 人間情報学科 データサイエンス専攻 
3527380401,愛知淑徳大学 人間情報 人間／数学情,愛知淑徳大 人間情報学部 人間情報学科 数学・情報教員養成専攻 
3527470101,愛知淑徳大学 建築 建築／建築ま,愛知淑徳大 建築学部 建築学科 建築・まちづくり専攻 
3527470201,愛知淑徳大学 建築 建築／住居イ,愛知淑徳大 建築学部 建築学科 住居・インテリアデザイン専攻 
3527650101,愛知淑徳大学 健康医療 医療／言語聴,愛知淑徳大 健康医療科学部 医療貢献学科 言語聴覚学専攻 
3527650201,愛知淑徳大学 健康医療 医療／視覚科,愛知淑徳大 健康医療科学部 医療貢献学科 視覚科学専攻 
3527650502,愛知淑徳大学 健康医療 スポ／スポー,愛知淑徳大 健康医療科学部 スポーツ・健康医科学科 スポーツ・健康科学専攻 
3527650602,愛知淑徳大学 健康医療 スポ／救急救,愛知淑徳大 健康医療科学部 スポーツ・健康医科学科 救急救命学専攻 
3527650701,愛知淑徳大学 健康医療 医療／理学療,愛知淑徳大 健康医療科学部 医療貢献学科 理学療法学専攻 
3527650801,愛知淑徳大学 健康医療 医療／臨床検,愛知淑徳大 健康医療科学部 医療貢献学科 臨床検査学専攻 
3527790101,愛知淑徳大学 食健康科 健康栄養,愛知淑徳大 食健康科学部 健康栄養学科 
3527790201,愛知淑徳大学 食健康科 食創造科学,愛知淑徳大 食健康科学部 食創造科学科 
3527830202,愛知淑徳大学 創造表現 創造／創作表,愛知淑徳大 創造表現学部 創造表現学科 創作表現専攻 
3527830302,愛知淑徳大学 創造表現 創造／メディ,愛知淑徳大 創造表現学部 創造表現学科 メディアプロデュース専攻 
3528370403,愛知みずほ大学 人間科学 心身健康科学,愛知みずほ大 人間科学部 心身健康科学科 
3529010101,金城学院大学 文 国際英語,金城学院大 文学部 国際英語学科 
3529010201,金城学院大学 文 日本語日本文,金城学院大 文学部 日本語日本文化学科 
3529010501,金城学院大学 文 音楽芸術,金城学院大 文学部 音楽芸術学科 
3529010601,金城学院大学 文 総合歴史,金城学院大 文学部 総合歴史学科 
3529190101,金城学院大学 経営 経営,金城学院大 経営学部 経営学科 
3529370101,金城学院大学 人間科学 現代子ども教,金城学院大 人間科学部 現代子ども教育学科 
3529370501,金城学院大学 人間科学 多元心理,金城学院大 金城学院大学 人間科学 多元心理
3529470101,金城学院大学 デザイン 建築デザイン,金城学院大 デザイン工学部 建築デザイン学科 
3529470201,金城学院大学 デザイン 情報デザイン,金城学院大 デザイン工学部 情報デザイン学科 
3529610101,金城学院大学 薬 薬,金城学院大 薬学部 薬学科 
3529640101,金城学院大学 看護 看護,金城学院大 看護学部 看護学科 
3529790501,金城学院大学 生活環境 食環境栄養,金城学院大 生活環境学部 食環境栄養学科 
3530080102,椙山女学園大学 外国語 英語英米,椙山女学園大 外国語学部 英語英米学科 
3530080202,椙山女学園大学 外国語 国際教養,椙山女学園大 外国語学部 国際教養学科 
3530210101,椙山女学園大学 現代マネ 現代マネジメ,椙山女学園大 現代マネジメント学部 現代マネジメント学科 
3530270104,椙山女学園大学 情報社会 情報デザイン,椙山女学園大 情報社会学部 情報デザイン学科 
3530270202,椙山女学園大学 情報社会 現代社会,椙山女学園大 情報社会学部 現代社会学科 
3530300201,椙山女学園大学 教育 子ど／保育初,椙山女学園大 教育学部 子ども発達学科 保育・初等教育専修 
3530300301,椙山女学園大学 教育 子ど／初等中,椙山女学園大 教育学部 子ども発達学科 初等中等教育専修 
3530370501,椙山女学園大学 人間関係 心理,椙山女学園大 人間関係学部 心理学科 
3530370602,椙山女学園大学 人間関係 人間共生,椙山女学園大 人間関係学部 人間共生学科 
3530640101,椙山女学園大学 看護 看護,椙山女学園大 看護学部 看護学科 
3530790101,椙山女学園大学 生活科学 管理栄養,椙山女学園大 生活科学部 管理栄養学科 
3530790201,椙山女学園大学 生活科学 生活環境デザ,椙山女学園大 生活科学部 生活環境デザイン学科 
3531371801,大同大学 情報 総合情報,大同大 情報学部 総合情報学科 
3531372101,大同大学 情報 情報システム,大同大 情報学部 情報システム学科 
3531372201,大同大学 情報 情報デザイン,大同大 情報学部 情報デザイン学科 
3531460203,大同大学 工 機械工,大同大 工学部 機械工学科 
3531460501,大同大学 工 電気電子工,大同大 工学部 電気電子工学科 
3531462001,大同大学 工 機械シス工,大同大 工学部 機械システム工学科 
3531470101,大同大学 建築 建築／建築,大同大 建築学部 建築学科 建築専攻 
3531470201,大同大学 建築 建築／インテ,大同大 建築学部 建築学科 インテリアデザイン専攻 
3531470301,大同大学 建築 建築／かおり,大同大 建築学部 建築学科 かおりデザイン専攻 
3531470401,大同大学 建築 建築／都市空,大同大 建築学部 建築学科 都市空間インフラ専攻 
3532010201,中京大学 文 日本文,中京大 文学部 日本文学科 
3532010401,中京大学 文 言語表現,中京大 文学部 言語表現学科 
3532010501,中京大学 文 歴史文化,中京大 文学部 歴史文化学科 
3532030101,中京大学 心理 心理,中京大 心理学部 心理学科 
3532120101,中京大学 法 法律,中京大 法学部 法律学科 
3532130101,中京大学 総合政策 総合政策,中京大 総合政策学部 総合政策学科 
3532180100,中京大学 経済 経済,中京大 経済学部 経済学科 
3532190101,中京大学 経営 経営,中京大 経営学部 経営学科 
3532270201,中京大学 現代社会 現代／社会学,中京大 現代社会学部 現代社会学科 社会学専攻 
3532270301,中京大学 現代社会 現代／コミュ,中京大 現代社会学部 現代社会学科 コミュニティ学専攻 
3532270401,中京大学 現代社会 現代／社会福,中京大 現代社会学部 現代社会学科 社会福祉学専攻 
3532270501,中京大学 現代社会 現代／国際文,中京大 現代社会学部 現代社会学科 国際文化専攻 
3532340101,中京大学 国際 国際／国際人,中京大 国際学部 国際学科 国際人文学専攻 
3532340201,中京大学 国際 国際／国際関,中京大 国際学部 国際学科 国際関係専攻 
3532340301,中京大学 国際 国際／ビジネ,中京大 国際学部 国際学科 ビジネス専攻 
3532340401,中京大学 国際 言語／言語文,中京大 国際学部 言語文化学科 言語文化専攻 
3532340501,中京大学 国際 言語／英米学,中京大 国際学部 言語文化学科 英米学専攻 
3532460101,中京大学 工 機械シス工,中京大 工学部 機械システム工学科 
3532460201,中京大学 工 電気電子工,中京大 工学部 電気電子工学科 
3532460301,中京大学 工 情報工,中京大中京大学 工 情報工
3532460401,中京大学 工 メディア工,中京大中京大学 工 メディア工
3532650101,中京大学 スポーツ スポーツ健康,中京大 スポーツ科学部 スポーツ健康科学科 
3532650201,中京大学 スポーツ 競技スポーツ,中京大 スポーツ科学部 競技スポーツ科学科 
3532650301,中京大学 スポーツ スポーツ教育,中京大 スポーツ科学部 スポーツ教育学科 
3532650402,中京大学 スポーツ トレーナー,中京大 スポーツ科学部 トレーナー学科 
3532650502,中京大学 スポーツ スポーツマネ,中京大 スポーツ科学部 スポーツマネジメント学科 
3533640101,至学館大学 健康科学 栄養科学,至学館大 健康科学部 栄養科学科 
3533640201,至学館大学 健康科学 健康スポーツ,至学館大 健康科学部 健康スポーツ科学科 
3533640301,至学館大学 健康科学 こども健康教,至学館大 健康科学部 こども健康・教育学科 
3533640401,至学館大学 健康科学 体育科学,至学館大 健康科学部 体育科学科 
3534020101,中部大学 人文 日本語日本文,中部大 人文学部 日本語日本文化学科 
3534020201,中部大学 人文 英語英米文化,中部大 人文学部 英語英米文化学科 
3534020301,中部大学 人文 メディア情報,中部大 人文学部 メディア情報社会学科 
3534020401,中部大学 人文 心理,中部大 人文学部 心理学科 
3534020501,中部大学 人文 歴史地理,中部大 人文学部 歴史地理学科 
3534210401,中部大学 経営情報 経営総合,中部大 経営情報学部 経営総合学科 
3534310101,中部大学 現代教育 幼児教育,中部大中部大学 現代教育 幼児教育
3534310301,中部大学 現代教育 現代／現代教,中部大中部大学 現代教育 現代／現代教
3534310401,中部大学 現代教育 現代／中等教,中部大中部大学 現代教育 現代／中等教
3534330801,中部大学 国際関係 国際,中部大 国際関係学部 国際学科 
3534460101,中部大学 工 機械工,中部大 工学部 機械工学科 
3534460201,中部大学 工 建築,中部大 工学部 建築学科 
3534460301,中部大学 工 応用化,中部大 工学部 応用化学科 
3534460701,中部大学 工 都市建設工,中部大 工学部 都市建設工学科 
3534460801,中部大学 工 情報工,中部大 工学部 情報工学科 
3534461001,中部大学 工 電気電子シス,中部大 工学部 電気電子システム工学科 
3534470102,中部大学 理工 数理・物理サ,中部大 理工学部 数理・物理サイエンス学科 
3534470202,中部大学 理工 ＡＩロボティ,中部大 理工学部 ＡＩロボティクス学科 
3534470302,中部大学 理工 宇宙航空,中部大 理工学部 宇宙航空学科 
3534640101,中部大学 生命健康 生命医科学,中部大 生命健康科学部 生命医科学科 
3534640201,中部大学 生命健康 保健看護,中部大 生命健康科学部 保健看護学科 
3534640301,中部大学 生命健康 理学療法,中部大 生命健康科学部 理学療法学科 
3534640401,中部大学 生命健康 作業療法,中部大 生命健康科学部 作業療法学科 
3534640501,中部大学 生命健康 臨床工,中部大 生命健康科学部 臨床工学科 
3534640601,中部大学 生命健康 スポーツ保健,中部大 生命健康科学部 スポーツ保健医療学科 
3534740103,中部大学 応用生物 応用生物化,中部大 応用生物学部 応用生物化学科 
3534740203,中部大学 応用生物 環境生物科学,中部大 応用生物学部 環境生物科学科 
3534740402,中部大学 応用生物 食品／食品栄,中部大 応用生物学部 食品栄養科学科 食品栄養科学専攻 
3534740502,中部大学 応用生物 食品／管理栄,中部大 応用生物学部 食品栄養科学科 管理栄養科学専攻 
3535020102,東海学園大学 人文 人文,東海学園大 人文学部 人文学科 
3535030101,東海学園大学 心理 心理,東海学園大 心理学部 心理学科 
3535190102,東海学園大学 経営 経営,東海学園大 経営学部 経営学科 
3535300101,東海学園大学 教育 教育／学校教,東海学園大 教育学部 教育学科 学校教育専攻 
3535300201,東海学園大学 教育 教育／保育,東海学園大 教育学部 教育学科 保育専攻 
3535300301,東海学園大学 教育 教育／養護教,東海学園大 教育学部 教育学科 養護教諭専攻 
3535650201,東海学園大学 健康栄養 健康／管理栄,東海学園大 健康栄養 健康／管理栄 '23 0
3535650301,東海学園大学 健康栄養 健康／食品開,東海学園大 健康栄養 健康／食品開 '23 0
3535660101,東海学園大学 スポーツ スポーツ健康,東海学園大 スポーツ健康科学部 スポーツ健康科学科 
3536010101,同朋大学 文 人文,同朋大 文学部 人文学科 
3536010201,同朋大学 文 仏教,同朋大 文学部 仏教学科 
3536260201,同朋大学 社会福祉 社会／社会福,同朋大 社会福祉学部 社会福祉学科 社会福祉専攻 
3536260301,同朋大学 社会福祉 社会／子ども,同朋大 社会福祉学部 社会福祉学科 子ども学専攻 
3536260401,同朋大学 社会福祉 社会／心理学,同朋大 社会福祉学部 社会福祉学科 心理学専攻 
3537460301,豊田工業大学 工 先端工学基礎,豊田工大 工学部 先端工学基礎学科 
3538830501,名古屋音楽大学 音楽 音楽／演奏家,名古屋音大 音楽学部 音楽学科 ピアノ演奏家コース 
3538830601,名古屋音楽大学 音楽 音楽／ピアノ,名古屋音大 音楽学部 音楽学科 ピアノコース 
3538830701,名古屋音楽大学 音楽 音楽／管楽,名古屋音大 音楽学部 音楽学科 管楽コース 
3538830801,名古屋音楽大学 音楽 音楽／弦楽,名古屋音大 音楽学部 音楽学科 弦楽コース 
3538830901,名古屋音楽大学 音楽 音楽／打楽,名古屋音大 音楽学部 音楽学科 打楽コース 
3538831001,名古屋音楽大学 音楽 音楽／邦楽,名古屋音大 音楽 音楽／邦楽 '23 0
3538831101,名古屋音楽大学 音楽 音楽／声楽,名古屋音大 音楽学部 音楽学科 声楽コース 
3538831201,名古屋音楽大学 音楽 音楽／ミュー,名古屋音大 音楽学部 音楽学科 ミュージカルコース 
3538831301,名古屋音楽大学 音楽 音楽／作曲音,名古屋音大 音楽学部 音楽学科 作曲コース 
3538831401,名古屋音楽大学 音楽 音楽／電子オ,名古屋音大 音楽学部 音楽学科 電子オルガンコース 
3538831501,名古屋音楽大学 音楽 音楽／ジャズ,名古屋音大 音楽学部 音楽学科 ジャズ・ポピュラーコース 
3538831601,名古屋音楽大学 音楽 音楽／音楽教,名古屋音大 音楽学部 音楽学科 音楽教育コース 
3538831701,名古屋音楽大学 音楽 音楽／音楽療,名古屋音大 音楽学部 音楽学科 音楽療法コース 
3538831801,名古屋音楽大学 音楽 音楽／音楽総,名古屋音大 音楽学部 音楽学科 音楽総合コース 
3538831901,名古屋音楽大学 音楽 音楽／音楽ビ,名古屋音大 音楽学部 音楽学科 音楽ビジネスコース 
3538832001,名古屋音楽大学 音楽 音楽／指揮,名古屋音大 音楽学部 音楽学科 指揮コース 
3538832101,名古屋音楽大学 音楽 音楽／メディ,名古屋音大 音楽学部 音楽学科 メディアサウンドデザインコース 
3539080202,名古屋外国語大学 外国語 中国語,名古屋外大 名古屋外国語大学 外国語 中国語
3539080302,名古屋外国語大学 外国語 フランス語,名古屋外大 名古屋外国語大学 外国語 フランス語
3539080601,名古屋外国語大学 外国語 英米／英米語,名古屋外大 名古屋外国語大学 外国語 英米／英米語
3539080701,名古屋外国語大学 外国語 英米／英語コ,名古屋外大 名古屋外国語大学 外国語 英米／英語コ
3539080901,名古屋外国語大学 外国語 英米／英語教,名古屋外大 名古屋外国語大学 外国語 英米／英語教
3539100101,名古屋外国語大学 世界教養 世界教養,名古屋外大 世界教養学部 世界教養学科 
3539100201,名古屋外国語大学 世界教養 国際日本,名古屋外大 世界教養 国際日本 '23 0
3539330101,名古屋外国語大学 現代国際 現代英語,名古屋外大 地球社会学部 英語キャリア学科 
3539330201,名古屋外国語大学 現代国際 グローバルビ,名古屋外大 地球社会学部 グローバルビジネス学科 
3539330301,名古屋外国語大学 現代国際 国際教養,名古屋外大 地球社会学部 国際教養学科 
3539330401,名古屋外国語大学 現代国際 グローバル共,名古屋外大 地球社会学部 グローバル共生学科 
3540080104,名古屋学院大学 外国語 英米語,名古屋学院大 外国語学部 英米語学科 
3540120106,名古屋学院大学 法 法,名古屋学院大 法学部 法学科 
3540180104,名古屋学院大学 経済 経済,名古屋学院大 経済学部 経済学科 
3540190101,名古屋学院大学 経営 データ経営,名古屋学院大 経営学部 データ経営学科 
3540200104,名古屋学院大学 商 商,名古屋学院大 商学部 商学科 
3540270105,名古屋学院大学 現代社会 現代社会,名古屋学院大 現代社会学部 現代社会学科 
3540330301,名古屋学院大学 国際文化 国際／グロー,名古屋学院大 国際文化学部 国際文化学科 グローバル文化専攻 
3540330401,名古屋学院大学 国際文化 国際／国際日,名古屋学院大 国際文化学部 国際文化学科 国際日本学専攻 
3540330501,名古屋学院大学 国際文化 国際／国際協,名古屋学院大 国際文化学部 国際文化学科 国際協力・共生専攻 
3540650105,名古屋学院大学 スポーツ スポーツ健康,名古屋学院大 スポーツ健康学部 スポーツ健康学科 
3540660105,名古屋学院大学 リハビリ 理学療法,名古屋学院大 リハビリテーション学部 理学療法学科 
3541120302,名古屋経済大学 法 ビジネス法,名古屋経大 法学部 ビジネス法学科 
3541180202,名古屋経済大学 経済 現代経済,名古屋経大 経済学部 現代経済学科 
3541190102,名古屋経済大学 経営 経営,名古屋経大 経営学部 経営学科 
3541790102,名古屋経済大学 人間生活 教育保育,名古屋経大 人間生活科学部 教育保育学科 
3541790202,名古屋経済大学 人間生活 管理栄養,名古屋経大 人間生活科学部 管理栄養学科 
3542300101,名古屋芸術大学 教育 子ども,名古屋芸大 教育学部 子ども学科 
3542860302,名古屋芸術大学 芸術 芸術／美術,名古屋芸大 芸術学部 芸術学科 美術領域 
3542860503,名古屋芸術大学 芸術 芸術／芸術教,名古屋芸大 芸術学部 芸術学科 芸術教養領域 
3542860602,名古屋芸術大学 芸術 芸術／声楽,名古屋芸大 芸術学部 芸術学科 音楽領域 声楽コース
3542860702,名古屋芸術大学 芸術 芸術／鍵盤楽,名古屋芸大 芸術学部 芸術学科 音楽領域 鍵盤楽器コース
3542860802,名古屋芸術大学 芸術 芸術／弦管打,名古屋芸大 芸術学部 芸術学科 音楽領域 弦管打コース
3542860902,名古屋芸術大学 芸術 芸術／サウン,名古屋芸大 芸術学部 芸術学科 音楽領域 サウンドメディア・コンポジションコース
3542861002,名古屋芸術大学 芸術 芸術／音楽ケ,名古屋芸大 芸術学部 芸術学科 音楽領域 音楽ケアデザインコース
3542861202,名古屋芸術大学 芸術 芸術／ポップ,名古屋芸大 芸術学部 芸術学科 音楽領域 ポップス・ロック＆パフォーマンスコース
3542861302,名古屋芸術大学 芸術 芸術／ディレ,名古屋芸大 芸術学部 芸術学科 音楽領域 ミュージックエンタ・ディレクションコース
3542861402,名古屋芸術大学 芸術 芸術／音楽総,名古屋芸大 芸術学部 芸術学科 音楽領域 音楽総合コース
3542861802,名古屋芸術大学 芸術 芸術／声優ア,名古屋芸大 芸術学部 芸術学科 音楽領域 声優アクティングコース
3542861902,名古屋芸術大学 芸術 芸術／文芸ラ,名古屋芸大 芸術学部 芸術学科 デザイン領域 文芸・ライティングコース
3542862002,名古屋芸術大学 芸術 芸術／ウイン,名古屋芸大 芸術学部 芸術学科 音楽領域 ウインドアカデミーコース
3542862102,名古屋芸術大学 芸術 芸術／ダンス,名古屋芸大 芸術学部 芸術学科 音楽領域 ダンスパフォーマンスコース
3542862701,名古屋芸術大学 芸術 芸術／先端メ,名古屋芸大 芸術学部 芸術学科 デザイン領域 先端メディア表現コース
3542862801,名古屋芸術大学 芸術 芸術／舞台芸,名古屋芸大 芸術学部 芸術学科 舞台芸術領域 
3542862901,名古屋芸術大学 芸術 芸術／ファン,名古屋芸大 芸術学部 芸術学科 デザイン領域 デザインファンデーション
3543180101,名古屋商科大学 経済 経済,名古屋商大 経済学部 経済学科 
3543180201,名古屋商科大学 経済 総合政策,名古屋商大 経済学部 総合政策学科 
3543190101,名古屋商科大学 経営 経営,名古屋商大 経営学部 経営学科 
3543190203,名古屋商科大学 経営 経営情報,名古屋商大 経営学部 経営情報学科 
3543200501,名古屋商科大学 商 会計,名古屋商大 商学部 会計学科 
3543200601,名古屋商科大学 商 マーケティン,名古屋商大 商学部 マーケティング学科 
3543220000,名古屋商科大学 経営管理 ,名古屋商大 経営管理課程 
3543330101,名古屋商科大学 国際 英米,名古屋商大 国際学部 英米学科 
3543330201,名古屋商科大学 国際 国際,名古屋商大 国際学部 国際学科 
3544310101,名古屋葵大学 児童教育 児童教育,名古屋葵大 児童教育学部 児童教育学科 
3544640101,名古屋葵大学 健康科学 看護,名古屋葵大 健康科学部 看護学科 
3544640501,名古屋葵大学 健康科学 健康／管理栄,名古屋葵大 健康科学部 健康栄養学科 管理栄養士コース 
3544640601,名古屋葵大学 健康科学 健康／フード,名古屋葵大 健康科学部 健康栄養学科 フードサイエンスコース 
3544650101,名古屋葵大学 医療科学 理学療法,名古屋葵大 医療科学部 理学療法学科 
3544790501,名古屋葵大学 生活環境 生活環境,名古屋葵大 生活環境学部 生活環境学科 
3545833901,名古屋造形大学 造形 造形／美術表,名古屋造形大 造形学部 造形学科 美術表現領域 
3545834001,名古屋造形大学 造形 造形／視覚表,名古屋造形大 造形学部 造形学科 視覚表現領域 
3545834101,名古屋造形大学 造形 造形／地域建,名古屋造形大 造形学部 造形学科 地域建築領域 
3545834201,名古屋造形大学 造形 造形／空間作,名古屋造形大 造形学部 造形学科 空間作法領域 
3545834301,名古屋造形大学 造形 造形／情報表,名古屋造形大 造形学部 造形学科 情報表現領域 
3546020101,南山大学 人文 キリスト教,南山大 人文学部 キリスト教学科 
3546020201,南山大学 人文 人類文化,南山大 人文学部 人類文化学科 
3546020301,南山大学 人文 心理人間,南山大 人文学部 心理人間学科 
3546020401,南山大学 人文 日本文化,南山大 人文学部 日本文化学科 
3546080101,南山大学 外国語 スペイン・ラ,南山大 外国語学部 スペイン・ラテンアメリカ学科 
3546080201,南山大学 外国語 英米,南山大 外国語学部 英米学科 
3546080401,南山大学 外国語 アジア,南山大 外国語学部 アジア学科 
3546080501,南山大学 外国語 フランス,南山大 外国語学部 フランス学科 
3546080601,南山大学 外国語 ドイツ,南山大 外国語学部 ドイツ学科 
3546120101,南山大学 法 法律,南山大 法学部 法律学科 
3546130103,南山大学 総合政策 総合政策,南山大 総合政策学部 総合政策学科 
3546180101,南山大学 経済 経済,南山大 経済学部 経済学科 
3546190101,南山大学 経営 経営,南山大 経営学部 経営学科 
3546370102,南山大学 国際教養 国際教養,南山大 国際教養学部 国際教養学科 
3546470101,南山大学 理工 ソフトウェア,南山大 理工学部 ソフトウェア工学科 
3546470402,南山大学 理工 データサイエ,南山大 理工学部 データサイエンス学科 
3546470502,南山大学 理工 電子情報工,南山大 理工学部 電子情報工学科 
3546470602,南山大学 理工 機械シス工,南山大 理工学部 機械システム工学科 
3547180301,日本福祉大学 経済 経済／経済,日本福祉大 経済学部 経済学科 経済専修 
3547180401,日本福祉大学 経済 経済／経営,日本福祉大 経済学部 経済学科 経営専修 
3547260801,日本福祉大学 社会福祉 社会／総合政,日本福祉大 日本福祉大学 社会福祉 社会／総合政
3547260901,日本福祉大学 社会福祉 社会／現代社,日本福祉大 日本福祉大学 社会福祉 社会／現代社
3547310401,日本福祉大学 教育心理 心理,日本福祉大 教育・心理学部 心理学科 
3547310501,日本福祉大学 教育心理 こども,日本福祉大 教育・心理学部 こども学科 
3547310601,日本福祉大学 教育心理 学校教育,日本福祉大 教育・心理学部 学校教育学科 
3547330101,日本福祉大学 国際 国際,日本福祉大 国際学部 国際学科 
3547460101,日本福祉大学 工 工／情報工学,日本福祉大 工学部 工学科 情報工学専修 
3547460201,日本福祉大学 工 工／建築学,日本福祉大 工学部 工学科 建築学専修 
3547640101,日本福祉大学 健康科学 リハ／理学療,日本福祉大 健康科学部 リハビリテーション学科 理学療法学専攻 
3547640201,日本福祉大学 健康科学 リハ／作業療,日本福祉大 健康科学部 リハビリテーション学科 作業療法学専攻 
3547650101,日本福祉大学 看護 看護,日本福祉大 看護学部 看護学科 
3547660101,日本福祉大学 スポーツ スポーツ科学,日本福祉大 スポーツ科学部 スポーツ科学科 
3548550100,藤田医科大学 医 医,藤田医大 医学部 医学科 
3548650301,藤田医科大学 医療科学 放射線,藤田医大 医療科学部 放射線学科 
3548650801,藤田医科大学 医療科学 医療検査,藤田医大 医療科学部 医療検査学科 
3548660101,藤田医科大学 保健衛生 看護,藤田医大 保健衛生学部 看護学科 
3548660401,藤田医科大学 保健衛生 リハビリテー,藤田医大 保健衛生学部 リハビリテーション学科 
3549080201,名城大学 外国語 国際／国際キ,名城大 外国語学部 国際英語学科 国際キャリア専攻 
3549080301,名城大学 外国語 国際／国際英,名城大 外国語学部 国際英語学科 国際英語専攻 
3549120102,名城大学 法 法,名城大 法学部 法学科 
3549180101,名城大学 経済 経済,名城大 経済学部 経済学科 
3549180201,名城大学 経済 産業社会,名城大 経済学部 産業社会学科 
3549190101,名城大学 経営 経営,名城大 経営学部 経営学科 
3549190201,名城大学 経営 国際経営,名城大 経営学部 国際経営学科 
3549370102,名城大学 都市情報 都市情報,名城大 都市情報学部 都市情報学科 
3549380101,名城大学 人間 人間,名城大 人間学部 人間学科 
3549470101,名城大学 理工 機械工,名城大 理工学部 機械工学科 
3549470201,名城大学 理工 建築,名城大 理工学部 建築学科 
3549470301,名城大学 理工 交通機械工,名城大 理工学部 交通機械工学科 
3549470401,名城大学 理工 数学,名城大 理工学部 数学科 
3549470501,名城大学 理工 電気電子工,名城大 理工学部 電気電子工学科 
3549470901,名城大学 理工 社会基盤デザ,名城大 理工学部 社会基盤デザイン工学科 
3549471501,名城大学 理工 メカトロニク,名城大 理工学部 メカトロニクス工学科 
3549471601,名城大学 理工 環境創造工,名城大 理工学部 環境創造工学科 
3549471701,名城大学 理工 化学／応用化,名城大 理工学部 化学・物質学科 応用化学専攻 
3549471801,名城大学 理工 化学／材料機,名城大 理工学部 化学・物質学科 材料機能工学専攻 
3549480101,名城大学 情報工 情報工,名城大 情報工学部 情報工学科 
3549610401,名城大学 薬 薬,名城大 薬学部 薬学科 
3549720101,名城大学 農 生物資源,名城大 農学部 生物資源学科 
3549720201,名城大学 農 応用生物化,名城大 農学部 応用生物化学科 
3549720301,名城大学 農 生物環境科学,名城大 農学部 生物環境科学科 
3550190101,豊橋創造大学 経営 経営,豊橋創造大 経営学部 経営学科 
3550640102,豊橋創造大学 保健医療 理学療法,豊橋創造大 保健医療学部 理学療法学科 
3550640202,豊橋創造大学 保健医療 看護,豊橋創造大 保健医療学部 看護学科 
3551020101,愛知文教大学 人文 人文,愛知文教大 愛知文教大学 人文 人文
3552330102,桜花学園大学 国際 国際,桜花学園大 国際学部 国際学科 
3552790102,桜花学園大学 教育保育 教育保育,桜花学園大 教育保育学部 教育保育学科 
3552790202,桜花学園大学 教育保育 国際教養こど,桜花学園大 桜花学園大学 教育保育 国際教養こど
3553380103,名古屋文理大学 情報メデ 情報メディア,名古屋文理大 情報メディア学部 情報メディア学科 
3553790102,名古屋文理大学 健康生活 健康栄養,名古屋文理大 健康生活学部 健康栄養学科 
3553790203,名古屋文理大学 健康生活 フードビジネ,名古屋文理大 健康生活学部 フードビジネス学科 
3554460201,愛知工科大学 工 機械シス工,愛知工科大 愛知工科大学 工 機械シス工
3554460301,愛知工科大学 工 電子ロボット,愛知工科大 愛知工科大学 工 電子ロボット
3554460401,愛知工科大学 工 情報メディア,愛知工科大 愛知工科大学 工 情報メディア
3555210103,名古屋産業大学 現代ビジ 現代ビジネス,名古屋産大 現代ビジネス学部 現代ビジネス学科 
3555210202,名古屋産業大学 現代ビジ 経営専門職,名古屋産大 現代ビジネス学部 経営専門職学科 
3556030102,人間環境大学 心理 心理,人間環境大 心理学部 心理学科 
3556030202,人間環境大学 心理 犯罪心理,人間環境大 心理学部 犯罪心理学科 
3556040102,人間環境大学 総合心理 総合心理,人間環境大 総合心理学部 総合心理学科 
3556040201,人間環境大学 総合心理 総合犯罪心理,人間環境大 総合心理学部 総合犯罪心理学科 
3556380102,人間環境大学 環境科学 フィールド生,人間環境大 環境科学部 フィールド生態学科 
3556380202,人間環境大学 環境科学 環境データサ,人間環境大 環境科学部 人間・動物行動科学科 
3556390102,人間環境大学 総合環境 フィールド自,人間環境大 総合環境学部 フィールド自然学科 
3556390202,人間環境大学 総合環境 環境情報,人間環境大 総合環境学部 環境情報学科 
3556640101,人間環境大学 看護 看護,人間環境大 看護学部 看護学科 
3556650101,人間環境大学 松山看護 看護,人間環境大 松山看護学部 看護学科 
3557190000,愛知東邦大学 経営 ,愛知東邦大 経営学部 
3557300101,愛知東邦大学 教育 子ども発達,愛知東邦大 教育学部 子ども発達学科 
3557640101,愛知東邦大学 人間健康 人間健康,愛知東邦大 人間健康学部 人間健康学科 
3558190101,星城大学 経営 経営,星城大 経営学部 経営学科 
3558640101,星城大学 リハビリ リハ／理学療,星城大 リハビリテーション学部 リハビリテーション学科 理学療法学専攻 
3558640201,星城大学 リハビリ リハ／作業療,星城大 リハビリテーション学部 リハビリテーション学科 作業療法学専攻 
3559640301,名古屋学芸大学 ヒューマ 子ど／幼児保,名古屋学芸大 ヒューマンケア学部 子どもケア学科 幼児保育専攻 
3559640401,名古屋学芸大学 ヒューマ 子ど／養護教,名古屋学芸大 ヒューマンケア学部 子どもケア学科 子どもケア専攻 養護教諭
3559640601,名古屋学芸大学 ヒューマ 子ど／児童発,名古屋学芸大 ヒューマンケア学部 子どもケア学科 児童発達教育専攻 
3559650101,名古屋学芸大学 看護 看護,名古屋学芸大 看護学部 看護学科 
3559790101,名古屋学芸大学 管理栄養 管理栄養,名古屋学芸大 管理栄養学部 管理栄養学科 
3559830101,名古屋学芸大学 メディア 映像メディア,名古屋学芸大 メディア造形学部 映像メディア学科 
3559830203,名古屋学芸大学 メディア デザイン,名古屋学芸大 メディア造形学部 デザイン学科 
3559830301,名古屋学芸大学 メディア ファッション,名古屋学芸大 メディア造形学部 ファッション造形学科 
3560640101,日本赤十字豊田看護大学 看護 看護,日赤豊田看護大 看護学部 看護学科 
3562640103,修文大学 健康栄養 管理栄養,修文大 健康栄養学部 管理栄養学科 
3562650101,修文大学 看護 看護,修文大 看護学部 看護学科 
3562660101,修文大学 医療科学 臨床検査,修文大 医療科学部 臨床検査学科 
3563300101,岡崎大学 教育 子ども教育,岡崎大 教育学部 子ども教育学科 
3564640101,一宮研伸大学 看護 看護,一宮研伸大 看護学部 看護学科 
3568640102,愛知医療学院大学 リハビリ リハ／理学療,愛知医療学院大 リハビリテーション学部 リハビリテーション学科 理学療法学専攻 
3568640202,愛知医療学院大学 リハビリ リハ／作業療,愛知医療学院大 リハビリテーション学部 リハビリテーション学科 作業療法学専攻 
3571010203,皇學館大学 文 国史,皇学館大 文学部 国史学科 
3571010303,皇學館大学 文 国文,皇学館大 文学部 国文学科 
3571010403,皇學館大学 文 神道,皇学館大 文学部 神道学科 
3571010503,皇學館大学 文 コミュニケー,皇学館大 文学部 コミュニケーション学科 
3571270101,皇學館大学 現代日本 現代日本社会,皇学館大 現代日本社会学部 現代日本社会学科 
3571300103,皇學館大学 教育 教育,皇学館大 教育学部 教育学科 
3571300301,皇學館大学 教育 教育／数理教,皇学館大 教育学部 教育学科 数理教育コース 
3572470201,鈴鹿医療科学大学 医用工 臨床工,鈴鹿医療科学大 医用工学部 臨床工学科 
3572610101,鈴鹿医療科学大学 薬 薬,鈴鹿医療科学大 薬学部 薬学科 
3572610201,鈴鹿医療科学大学 薬 薬科学,鈴鹿医療科学大 薬学部 薬科学科 
3572640101,鈴鹿医療科学大学 保健衛生 医療栄養,鈴鹿医療科学大 保健衛生学部 医療栄養学科 
3572640201,鈴鹿医療科学大学 保健衛生 放射線技術科,鈴鹿医療科学大 保健衛生学部 放射線技術科学科 
3572640701,鈴鹿医療科学大学 保健衛生 医療／医療福,鈴鹿医療科学大 保健衛生学部 医療福祉学科 医療福祉学専攻 
3572640801,鈴鹿医療科学大学 保健衛生 医療／臨床心,鈴鹿医療科学大 保健衛生学部 医療福祉学科 臨床心理学専攻 
3572640901,鈴鹿医療科学大学 保健衛生 鍼灸サイエン,鈴鹿医療科学大 保健衛生学部 鍼灸サイエンス学科 
3572641001,鈴鹿医療科学大学 保健衛生 リハ／理学療,鈴鹿医療科学大 保健衛生学部 リハビリテーション学科 理学療法学専攻 
3572641101,鈴鹿医療科学大学 保健衛生 リハ／作業療,鈴鹿医療科学大 保健衛生学部 リハビリテーション学科 作業療法学専攻 
3572641201,鈴鹿医療科学大学 保健衛生 救急救命,鈴鹿医療科学大 保健衛生学部 救急救命学科 
3572641301,鈴鹿医療科学大学 保健衛生 臨床検査,鈴鹿医療科学大 保健衛生学部 臨床検査学科 
3572660101,鈴鹿医療科学大学 看護 看護,鈴鹿医療科学大 看護学部 看護学科 
3573310303,鈴鹿大学 こども教 こども教育,鈴鹿大 こども教育学部 こども教育学科 
3573330503,鈴鹿大学 国際地域 国際地域,鈴鹿大 国際地域学部 国際地域学科 
3575130107,四日市大学 総合政策 総合政策,四日市大 総合政策学部 総合政策学科 
3575470109,四日市大学 環境情報 環境情報,四日市大 環境情報学部 環境情報学科 
3576640102,四日市看護医療大学 看護医療 看護,四日市看護医大 看護医療学部 看護学科 
3576640202,四日市看護医療大学 看護医療 臨床検査,四日市看護医大 看護医療学部 臨床検査学科 
3581830501,成安造形大学 芸術 芸術／総合,成安造形大 芸術学部 芸術学科 総合領域 
3581830601,成安造形大学 芸術 芸術／イラス,成安造形大 芸術学部 芸術学科 イラストレーション領域 
3581830701,成安造形大学 芸術 芸術／美術,成安造形大 芸術学部 芸術学科 美術領域 
3581830801,成安造形大学 芸術 芸術／情報デ,成安造形大 芸術学部 芸術学科 情報デザイン領域 
3581830901,成安造形大学 芸術 芸術／空間デ,成安造形大 成安造形大学 芸術 芸術／空間デ
3581831001,成安造形大学 芸術 芸術／地域実,成安造形大 芸術学部 芸術学科 地域実践領域 
3582280101,平安女学院大学 国際観光 国際観光,平安女学院大 国際観光学部 国際観光学科 
3582310301,平安女学院大学 子ども教 子ども教育,平安女学院大 子ども教育学部 子ども教育学科 
3583740106,長浜バイオ大学 バイオサ フロンティア,長浜バイオ大 バイオサイエンス学部 フロンティアバイオサイエンス学科 
3583740402,長浜バイオ大学 バイオサ アニマルバイ,長浜バイオ大 バイオサイエンス学部 アニマルバイオサイエンス学科 
3583740501,長浜バイオ大学 バイオサ フロ／臨床検,長浜バイオ大 バイオサイエンス学部 フロンティアバイオサイエンス学科 臨床検査学コース 
3583740601,長浜バイオ大学 バイオサ バイオデータ,長浜バイオ大 バイオサイエンス学部 バイオデータサイエンス学科 
3584640300,びわこ成蹊スポーツ大学 スポーツ スポーツ,びわこ成蹊大 スポーツ学部 スポーツ学科 
3585640101,聖泉大学 看護 看護,聖泉大 看護学部 看護学科 
3586310101,びわこ学院大学 教育福祉 子ども,びわこ学院大 教育福祉学部 子ども学科 
3586310202,びわこ学院大学 教育福祉 スポーツ教育,びわこ学院大 教育福祉学部 スポーツ教育学科 
3587640101,びわこリハビリテーション専門職大学 リハビリ 理学療法,びわこリハ職大 リハビリテーション学部 理学療法学科 
3587640201,びわこリハビリテーション専門職大学 リハビリ 作業療法,びわこリハ職大 リハビリテーション学部 作業療法学科 
3587640301,びわこリハビリテーション専門職大学 リハビリ 言語聴覚療法,びわこリハ職大 リハビリテーション学部 言語聴覚療法学科 
3591010201,大谷大学 文 歴史,大谷大 文学部 歴史学科 
3591010401,大谷大学 文 真宗,大谷大 文学部 真宗学科 
3591010501,大谷大学 文 哲学,大谷大 文学部 哲学科 
3591010601,大谷大学 文 仏教,大谷大 文学部 仏教学科 
3591010701,大谷大学 文 文学,大谷大 文学部 文学科 
3591250102,大谷大学 社会 コミュニティ,大谷大 社会学部 コミュニティデザイン学科 
3591250202,大谷大学 社会 現代社会,大谷大 社会学部 現代社会学科 
3591300102,大谷大学 教育 教育／初等教,大谷大 教育学部 教育学科 初等教育コース 
3591300202,大谷大学 教育 教育／幼児教,大谷大 教育学部 教育学科 幼児教育コース 
3591300303,大谷大学 教育 教育／数理教,大谷大 教育学部 教育学科 初等教育コース 数理教育専攻
3591330101,大谷大学 国際 国際文化,大谷大 国際学部 国際文化学科 
3592080100,京都外国語大学 外国語 スペイン語,京都外大 外国語学部 スペイン語学科 
3592080200,京都外国語大学 外国語 英米語,京都外大 外国語学部 英米語学科 
3592080300,京都外国語大学 外国語 中国語,京都外大 外国語学部 中国語学科 
3592080400,京都外国語大学 外国語 ドイツ語,京都外大 外国語学部 ドイツ語学科 
3592080500,京都外国語大学 外国語 日本語,京都外大 外国語学部 日本語学科 
3592080600,京都外国語大学 外国語 フランス語,京都外大 外国語学部 フランス語学科 
3592080700,京都外国語大学 外国語 ブラジルポル,京都外大 外国語学部 ブラジルポルトガル語学科 
3592080801,京都外国語大学 外国語 イタリア語,京都外大 外国語学部 イタリア語学科 
3592081001,京都外国語大学 外国語 ロシア語,京都外大 外国語学部 ロシア語学科 
3592330102,京都外国語大学 国際貢献 グローバルス,京都外大 国際貢献学部 グローバルスタディーズ学科 
3592330202,京都外国語大学 国際貢献 グローバル観,京都外大 国際貢献学部 グローバル観光学科 
3593020101,京都先端科学大学 人文 歴史文化,京都先端科学大 人文学部 歴史文化学科 
3593020201,京都先端科学大学 人文 心理,京都先端科学大 人文学部 心理学科 
3593210101,京都先端科学大学 経済経営 経済,京都先端科学大 経済経営学部 経済学科 
3593210201,京都先端科学大学 経済経営 経営,京都先端科学大 経済経営学部 経営学科 
3593460102,京都先端科学大学 工 機械電気シス,京都先端科学大 工学部 機械電気システム工学科 
3593640101,京都先端科学大学 健康医療 看護,京都先端科学大 健康医療学部 看護学科 
3593640201,京都先端科学大学 健康医療 言語聴覚,京都先端科学大 健康医療学部 言語聴覚学科 
3593640301,京都先端科学大学 健康医療 健康スポーツ,京都先端科学大 健康医療学部 健康スポーツ学科 
3593740401,京都先端科学大学 バイオ環 応用生命科学,京都先端科学大 バイオ環境学部 応用生命科学科 
3593740501,京都先端科学大学 バイオ環 生物環境科学,京都先端科学大 バイオ環境学部 生物環境科学科 
3594030101,京都産業大学 文化 文化構想,京都産業大 文化学部 文化構想学科 
3594030201,京都産業大学 文化 京都文化,京都産業大 文化学部 京都文化学科 
3594030301,京都産業大学 文化 文化観光,京都産業大 文化学部 文化観光学科 
3594080105,京都産業大学 外国語 英語,京都産業大 外国語学部 英語学科 
3594081401,京都産業大学 外国語 ヨーロッパ言,京都産業大 外国語学部 ヨーロッパ言語学科 
3594081501,京都産業大学 外国語 アジア言語,京都産業大 外国語学部 アジア言語学科 
3594120101,京都産業大学 法 法律,京都産業大 法学部 法律学科 
3594120201,京都産業大学 法 法政策,京都産業大 法学部 法政策学科 
3594180101,京都産業大学 経済 経済,京都産業大 経済学部 経済学科 
3594190202,京都産業大学 経営 マネジメント,京都産業大 経営学部 マネジメント学科 
3594210000,京都産業大学 アントレ ,京都産業大 アントレプレナーシップ学環 
3594270102,京都産業大学 現代社会 現代社会,京都産業大 現代社会学部 現代社会学科 
3594270202,京都産業大学 現代社会 健康スポーツ,京都産業大 現代社会学部 健康スポーツ社会学科 
3594330102,京都産業大学 国際関係 国際関係,京都産業大 国際関係学部 国際関係学科 
3594420201,京都産業大学 理 数理科学,京都産業大 理学部 数理科学科 
3594420301,京都産業大学 理 物理科学,京都産業大 理学部 物理科学科 
3594420401,京都産業大学 理 宇宙物理・気,京都産業大 理学部 宇宙物理・気象学科 
3594480101,京都産業大学 情報理工 情報理工,京都産業大 情報理工学部 情報理工学科 
3594750102,京都産業大学 生命科学 先端生命科学,京都産業大 生命科学部 先端生命科学科 
3594750203,京都産業大学 生命科学 産業生命科学,京都産業大 生命科学部 環境生命科学科 
3595010101,京都女子大学 文 英語文化コミ,京都女子大 文学部 英語文化コミュニケーション学科 
3595010401,京都女子大学 文 日本語日本文,京都女子大 文学部 日本語日本文学科 
3595010501,京都女子大学 文 歴史,京都女子大 文学部 歴史学科 
3595030102,京都女子大学 心理共生 心理共生,京都女子大 心理共生学部 心理共生学科 
3595120101,京都女子大学 法 法,京都女子大 法学部 法学科 
3595270501,京都女子大学 現代社会 現代／現代社,京都女子大 現代社会学部 現代社会学科 現代社会領域 
3595270601,京都女子大学 現代社会 現代／メディ,京都女子大 現代社会学部 現代社会学科 メディア・文化領域 
3595270701,京都女子大学 現代社会 現代／経済ビ,京都女子大 現代社会学部 現代社会学科 経済・ビジネス領域 
3595310702,京都女子大学 発達教育 教育,京都女子大 発達教育学部 教育学科 
3595370102,京都女子大学 データサ データサイエ,京都女子大 データサイエンス学部 データサイエンス学科 
3595790101,京都女子大学 家政 食物栄養,京都女子大 京都女子大学 家政 食物栄養
3595790301,京都女子大学 家政 生活造形,京都女子大 家政学部 生活造形学科 
3596020801,京都精華大学 人文 人文／歴史,京都精華大 人文学部 人文学科 歴史コース 
3596020901,京都精華大学 人文 人文／文学,京都精華大 人文学部 人文学科 文学コース 
3596021001,京都精華大学 人文 人文／社会,京都精華大 人文学部 人文学科 現代社会コース 
3596021101,京都精華大学 人文 国際／国際文,京都精華大 人文学部 国際教養学科 国際文化コース 
3596021201,京都精華大学 人文 国際／国際日,京都精華大 人文学部 国際教養学科 国際日本学コース 
3596830101,京都精華大学 芸術 造形,京都精華大 芸術学部 造形学科 
3596840201,京都精華大学 デザイン プロダクトデ,京都精華大 デザイン学部 プロダクトデザイン学科 
3596840301,京都精華大学 デザイン 建築,京都精華大 デザイン学部 建築学科 
3596840401,京都精華大学 デザイン ビジ／グラフ,京都精華大 デザイン学部 ビジュアルデザイン学科 グラフィックデザインコース 
3596840601,京都精華大学 デザイン ビジ／デジタ,京都精華大 デザイン学部 ビジュアルデザイン学科 デジタルクリエイションコース 
3596840901,京都精華大学 デザイン イラスト,京都精華大 デザイン学部 イラスト学科 
3596850301,京都精華大学 マンガ アニメーショ,京都精華大 マンガ学部 アニメーション学科 
3596850504,京都精華大学 マンガ マン／ストー,京都精華大 マンガ学部 マンガ学科 ストーリーマンガコース 
3596850903,京都精華大学 マンガ マン／新世代,京都精華大 マンガ学部 マンガ学科 新世代マンガコース 
3596851001,京都精華大学 マンガ キャラクター,京都精華大 マンガ学部 キャラクターデザイン学科 
3596870104,京都精華大学 メディア メディア表現,京都精華大 メディア表現学部 メディア表現学科 
3597830800,京都芸術大学 芸術 美術／日本画,京都芸術大 芸術学部 美術工芸学科 日本画コース 
3597830900,京都芸術大学 芸術 美術／油画,京都芸術大 芸術学部 美術工芸学科 油画コース 
3597831200,京都芸術大学 芸術 美術／染織テ,京都芸術大 芸術学部 美術工芸学科 染織テキスタイルコース 
3597831300,京都芸術大学 芸術 空間／ファッ,京都芸術大 芸術学部 空間演出デザイン学科 ファッションデザインコース 
3597831400,京都芸術大学 芸術 空間／空間デ,京都芸術大 芸術学部 空間演出デザイン学科 空間デザインコース 
3597832201,京都芸術大学 芸術 環境デザイン,京都芸術大 芸術学部 環境デザイン学科 
3597833301,京都芸術大学 芸術 映画／俳優,京都芸術大 芸術学部 映画学科 俳優コース 
3597833501,京都芸術大学 芸術 こども芸術,京都芸術大 芸術学部 こども芸術学科 
3597833901,京都芸術大学 芸術 情報／イラス,京都芸術大 芸術学部 情報デザイン学科 イラストレーションコース 
3597834501,京都芸術大学 芸術 キャ／キャラ,京都芸術大 芸術学部 キャラクターデザイン学科 キャラクターデザインコース 
3597834901,京都芸術大学 芸術 舞台／舞台デ,京都芸術大 芸術学部 舞台芸術学科 舞台デザインコース 
3597835301,京都芸術大学 芸術 文芸表現,京都芸術大 芸術学部 文芸表現学科 
3597835501,京都芸術大学 芸術 美術／総合造,京都芸術大 芸術学部 美術工芸学科 総合造形コース 
3597835801,京都芸術大学 芸術 映画／映画製,京都芸術大 芸術学部 映画学科 映画製作コース 
3597835901,京都芸術大学 芸術 舞台／演技演,京都芸術大 芸術学部 舞台芸術学科 演技・演出コース 
3597836001,京都芸術大学 芸術 美術／写真映,京都芸術大 芸術学部 美術工芸学科 写真・映像コース 
3597836301,京都芸術大学 芸術 情報／ビジュ,京都芸術大 芸術学部 情報デザイン学科 ビジュアルデザインコース 
3597836601,京都芸術大学 芸術 キャ／マンガ,京都芸術大 芸術学部 キャラクターデザイン学科 マンガコース 
3597836701,京都芸術大学 芸術 美術／アート,京都芸術大 芸術学部 美術工芸学科 アートプロデュースコース 
3597836801,京都芸術大学 芸術 美術／文化財,京都芸術大 芸術学部 美術工芸学科 文化財保存修復・歴史遺産コース 
3597836901,京都芸術大学 芸術 情報／ゲーム,京都芸術大 芸術学部 情報デザイン学科 ゲームクリエイションコース 
3597837001,京都芸術大学 芸術 情報／映像ク,京都芸術大 芸術学部 情報デザイン学科 映像クリエイションコース 
3597837101,京都芸術大学 芸術 プロ／プロダ,京都芸術大 芸術学部 プロダクトデザイン学科 プロダクトデザインコース 
3597837201,京都芸術大学 芸術 プロ／クロス,京都芸術大 芸術学部 プロダクトデザイン学科 クロステックデザインコース 
3598010201,京都橘大学 文 日本語日本文,京都橘大 文学部 日本語日本文学科 
3598010301,京都橘大学 文 歴史,京都橘大 文学部 歴史学科 
3598010401,京都橘大学 文 歴史遺産,京都橘大 文学部 歴史遺産学科 
3598010901,京都橘大学 文 日本／書道,京都橘大 文学部 日本語日本文学科 書道コース 
3598040102,京都橘大学 総合心理 総合心理,京都橘大 総合心理学部 総合心理学科 
3598180201,京都橘大学 経済 経済／経済学,京都橘大 経済学部 経済学科 経済学専攻 
3598180301,京都橘大学 経済 経済／現代社,京都橘大 経済学部 経済学科 現代社会専攻 
3598190202,京都橘大学 経営 経営／経営学,京都橘大 経営学部 経営学科 経営学専攻 
3598190302,京都橘大学 経営 経営／スポー,京都橘大 経営学部 経営学科 スポーツ経営学専攻 
3598310101,京都橘大学 発達教育 児童教育,京都橘大 発達教育学部 児童教育学科 
3598330201,京都橘大学 国際英語 国際／グロー,京都橘大 国際学部 国際学科 グローバルスタディーズ専攻 
3598330301,京都橘大学 国際英語 国際／国際共,京都橘大 国際学部 国際学科 国際共生専攻 
3598370101,京都橘大学 デジタル デジタルメデ,京都橘大 デジタルメディア学部 デジタルメディア学科 
3598460101,京都橘大学 工 情報工,京都橘大 工学部 情報工学科 
3598460201,京都橘大学 工 建築デザイン,京都橘大 工学部 建築デザイン学科 
3598460301,京都橘大学 工 ロボティクス,京都橘大 工学部 ロボティクス学科 
3598640101,京都橘大学 看護 看護,京都橘大 看護学部 看護学科 
3598650101,京都橘大学 健康科学 理学療法,京都橘大 健康科学部 理学療法学科 
3598650301,京都橘大学 健康科学 救急救命,京都橘大 健康科学部 救急救命学科 
3598650401,京都橘大学 健康科学 作業療法,京都橘大 健康科学部 作業療法学科 
3598650501,京都橘大学 健康科学 臨床検査,京都橘大 健康科学部 臨床検査学科 
3598650601,京都橘大学 健康科学 臨床工,京都橘大 健康科学部 臨床工学科 
3599610301,京都薬科大学 薬 薬,京都薬大 薬学部 薬学科 
3600250101,京都光華大学 社会 社会共創,京都光華大 社会学部 社会共創学科 
3600310101,京都光華大学 こども教 こども教育,京都光華大 こども教育学部 こども教育学科 
3600640301,京都光華大学 健康科学 健康／管理栄,京都光華大 健康科学部 健康栄養学科 管理栄養士専攻 
3600640401,京都光華大学 健康科学 健康／健康ス,京都光華大 健康科学部 健康栄養学科 健康スポーツ栄養専攻 
3600640501,京都光華大学 健康科学 心理,京都光華大 健康科学部 心理学科 
3600660101,京都光華大学 看護福祉 福祉／作業療,京都光華大 看護福祉リハビリテーション学部 福祉リハビリテーション学科 作業療法専攻 
3600660301,京都光華大学 看護福祉 福祉／言語聴,京都光華大 看護福祉リハビリテーション学部 福祉リハビリテーション学科 言語聴覚専攻 
3600660401,京都光華大学 看護福祉 看護,京都光華大 看護福祉リハビリテーション学部 看護学科 
3601020102,種智院大学 人文 仏教,種智院大 人文学部 仏教学科 
3601020202,種智院大学 人文 社会福祉,種智院大 人文学部 社会福祉学科 
3602010102,同志社大学 文 英文,同志社大同大 文学部 英文学科 
3602011402,同志社大学 文 哲学,同志社大同大 文学部 哲学科 
3602011502,同志社大学 文 国文,同志社大同大 文学部 国文学科 
3602011702,同志社大学 文 美学芸術,同志社大同大 文学部 美学芸術学科 
3602011802,同志社大学 文 文化史,同志社大同大 文学部 文化史学科 
3602030102,同志社大学 神 神,同志社大同大 神学部 神学科 
3602040105,同志社大学 文化情報 文化情報,同志社大同大 文化情報学部 文化情報学科 
3602050103,同志社大学 心理 心理,同志社大同大 心理学部 心理学科 
3602060201,同志社大学 地域文化 グロ／ヨーロ,同志社大同大 グローバル地域文化学部 グローバル地域文化学科 ヨーロッパコース 
3602060301,同志社大学 地域文化 グロ／アジア,同志社大同大 グローバル地域文化学部 グローバル地域文化学科 アジア・太平洋コース 
3602060401,同志社大学 地域文化 グロ／アメリ,同志社大同大 グローバル地域文化学部 グローバル地域文化学科 アメリカコース 
3602120102,同志社大学 法 政治,同志社大同大 法学部 政治学科 
3602120202,同志社大学 法 法律,同志社大同大 法学部 法律学科 
3602130102,同志社大学 政策 政策,同志社大同大 政策学部 政策学科 
3602180102,同志社大学 経済 経済,同志社大同大 経済学部 経済学科 
3602200201,同志社大学 商 商／商学総合,同志社大同大 商学部 商学科 商学総合コース 
3602200301,同志社大学 商 商／フレック,同志社大同大 商学部 商学科 フレックス複合コース 
3602250102,同志社大学 社会 社会,同志社大同大 社会学部 社会学科 
3602250202,同志社大学 社会 社会福祉,同志社大同大 社会学部 社会福祉学科 
3602250302,同志社大学 社会 メディア,同志社大同大 社会学部 メディア学科 
3602250402,同志社大学 社会 産業関係,同志社大同大 社会学部 産業関係学科 
3602250502,同志社大学 社会 教育文化,同志社大同大 社会学部 教育文化学科 
3602330101,同志社大学 コミュニ グロ／英語,同志社大同大 グローバル・コミュニケーション学部 グローバル・コミュニケーション学科 英語コース 
3602330201,同志社大学 コミュニ グロ／中国語,同志社大同大 グローバル・コミュニケーション学部 グローバル・コミュニケーション学科 中国語コース 
3602470101,同志社大学 理工 インテリジェ,同志社大同大 理工学部 インテリジェント情報工学科 
3602470201,同志社大学 理工 情報システム,同志社大同大 理工学部 情報システムデザイン学科 
3602470301,同志社大学 理工 電気工,同志社大同大 理工学部 電気工学科 
3602470401,同志社大学 理工 電子工,同志社大同大 理工学部 電子工学科 
3602470501,同志社大学 理工 機能分子・生,同志社大同大 理工学部 機能分子・生命化学科 
3602470601,同志社大学 理工 化学システム,同志社大同大 理工学部 化学システム創成工学科 
3602470701,同志社大学 理工 機械シス工,同志社大同大 理工学部 機械システム工学科 
3602470801,同志社大学 理工 機械理工,同志社大同大 理工学部 機械理工学科 
3602470901,同志社大学 理工 環境システム,同志社大同大 理工学部 環境システム学科 
3602471001,同志社大学 理工 数理システム,同志社大同大 理工学部 数理システム学科 
3602480101,同志社大学 生命医科 医工,同志社大同大 生命医科学部 医工学科 
3602480201,同志社大学 生命医科 医情報,同志社大同大 生命医科学部 医情報学科 
3602480301,同志社大学 生命医科 医生命システ,同志社大同大 生命医科学部 医生命システム学科 
3602640103,同志社大学 スポーツ スポーツ健康,同志社大同大 スポーツ健康科学部 スポーツ健康科学科 
3603030400,同志社女子大学 学芸 音楽／演奏,同志社女子大 学芸学部 音楽学科 演奏専攻 
3603030501,同志社女子大学 学芸 音楽／音楽文,同志社女子大 学芸学部 音楽学科 音楽文化専攻 
3603030601,同志社女子大学 学芸 メディア創造,同志社女子大 学芸学部 メディア創造学科 
3603030701,同志社女子大学 学芸 国際教養,同志社女子大 学芸学部 国際教養学科 
3603040101,同志社女子大学 表象文化 英語英文,同志社女子大 表象文化学部 英語英文学科 
3603040201,同志社女子大学 表象文化 日本語日本文,同志社女子大 表象文化学部 日本語日本文学科 
3603270101,同志社女子大学 現代社会 社会システム,同志社女子大 現代社会学部 社会システム学科 
3603270201,同志社女子大学 現代社会 現代こども,同志社女子大 現代社会学部 現代こども学科 
3603610101,同志社女子大学 薬 医療薬,同志社女子大 薬学部 医療薬学科 
3603640101,同志社女子大学 看護 看護,同志社女子大 看護学部 看護学科 
3603790101,同志社女子大学 生活科学 人間生活,同志社女子大 生活科学部 人間生活学科 
3603790201,同志社女子大学 生活科学 食物／管理栄,同志社女子大 生活科学部 食物栄養科学科 管理栄養士専攻 
3603790301,同志社女子大学 生活科学 食物／食物科,同志社女子大 生活科学部 食物栄養科学科 食デザイン専攻 
3605010104,花園大学 文 日本文,花園大 文学部 日本文学科 
3605010204,花園大学 文 日本史,花園大 文学部 日本史学科 
3605010304,花園大学 文 仏教,花園大 文学部 仏教学科 
3605010402,花園大学 文 日本／書道,花園大 文学部 日本文学科 書道コース 
3605260104,花園大学 社会福祉 社会福祉,花園大 社会福祉学部 社会福祉学科 
3605260204,花園大学 社会福祉 臨床心理,花園大 社会福祉学部 臨床心理学科 
3605300101,花園大学 教育 初等／小学校,花園大花園大学 教育 初等／小学校
3605300201,花園大学 教育 初等／幼児教,花園大花園大学 教育 初等／幼児教
3606010102,佛教大学 文 英米,佛教大 文学部 英米学科 
3606010402,佛教大学 文 中国,佛教大 文学部 中国学科 
3606010801,佛教大学 文 日本文,佛教大 文学部 日本文学科 
3606030101,佛教大学 仏教 仏教,佛教大 仏教学部 仏教学科 
3606040101,佛教大学 歴史 歴史,佛教大 歴史学部 歴史学科 
3606040201,佛教大学 歴史 歴史文化,佛教大 歴史学部 歴史文化学科 
3606250102,佛教大学 社会 公共政策,佛教大 社会学部 公共政策学科 
3606250202,佛教大学 社会 現代社会,佛教大 社会学部 現代社会学科 
3606260101,佛教大学 社会福祉 社会福祉,佛教大 社会福祉学部 社会福祉学科 
3606300102,佛教大学 教育 教育,佛教大 教育学部 教育学科 
3606300302,佛教大学 教育 臨床心理,佛教大 教育学部 臨床心理学科 
3606300401,佛教大学 教育 幼児教育,佛教大 教育学部 幼児教育学科 
3606640101,佛教大学 保健医療 理学療法,佛教大 保健医療技術学部 理学療法学科 
3606640201,佛教大学 保健医療 作業療法,佛教大 保健医療技術学部 作業療法学科 
3606650101,佛教大学 看護 看護,佛教大 看護学部 看護学科 
3607640100,明治国際医療大学 鍼灸 鍼灸,明治国際医療大 鍼灸学部 鍼灸学科 
3607660101,明治国際医療大学 保健医療 柔道整復,明治国際医療大 保健医療学部 柔道整復学科 
3607660201,明治国際医療大学 保健医療 救急救命,明治国際医療大 保健医療学部 救急救命学科 
3607670101,明治国際医療大学 看護 看護,明治国際医療大 看護学部 看護学科 
3608014201,立命館大学 文 人文／人間研,立命館大 文学部 人文学科 人間研究学域 
3608014301,立命館大学 文 人文／日本文,立命館大 文学部 人文学科 日本文学研究学域 
3608014401,立命館大学 文 人文／日本史,立命館大 文学部 人文学科 日本史研究学域 
3608014501,立命館大学 文 人文／東アジ,立命館大 文学部 人文学科 東アジア研究学域 
3608014601,立命館大学 文 人文／国際文,立命館大 文学部 人文学科 国際文化学域 
3608014701,立命館大学 文 人文／地域研,立命館大 文学部 人文学科 地域研究学域 
3608015001,立命館大学 文 人文／国際コ,立命館大 文学部 人文学科 国際コミュニケーション学域 
3608015101,立命館大学 文 人文／言語コ,立命館大 文学部 人文学科 言語コミュニケーション学域 
3608030101,立命館大学 総合心理 総合心理,立命館大 総合心理学部 総合心理学科 
3608120101,立命館大学 法 法,立命館大 法学部 法学科 
3608130101,立命館大学 政策科学 政策科学,立命館大 政策科学部 政策科学科 
3608181401,立命館大学 経済 経済／経済,立命館大 経済学部 経済学科 経済専攻 
3608181501,立命館大学 経済 経済／国際,立命館大 経済学部 経済学科 国際専攻 
3608190101,立命館大学 経営 経営,立命館大 経営学部 経営学科 
3608190501,立命館大学 経営 国際経営,立命館大 経営学部 国際経営学科 
3608273002,立命館大学 産業社会 現代／現代社,立命館大 産業社会学部 現代社会学科 現代社会専攻 
3608273102,立命館大学 産業社会 現代／メディ,立命館大 産業社会学部 現代社会学科 メディア社会専攻 
3608273202,立命館大学 産業社会 現代／スポー,立命館大 産業社会学部 現代社会学科 スポーツ社会専攻 
3608273302,立命館大学 産業社会 現代／子ども,立命館大 産業社会学部 現代社会学科 子ども社会専攻 
3608273402,立命館大学 産業社会 現代／人間福,立命館大 産業社会学部 現代社会学科 人間福祉専攻 
3608330601,立命館大学 国際関係 国際／国際関,立命館大 国際関係学部 国際関係学科 国際関係学専攻 
3608330703,立命館大学 国際関係 国際／グロー,立命館大 国際関係学部 国際関係学科 グローバル・スタディーズ専攻 
3608370101,立命館大学 食マネジ 食マネジメン,立命館大 食マネジメント学部 食マネジメント学科 
3608470901,立命館大学 理工 電気電子工,立命館大 理工学部 電気電子工学科 
3608471201,立命館大学 理工 ロボティクス,立命館大 理工学部 ロボティクス学科 
3608472101,立命館大学 理工 物理科学,立命館大 理工学部 物理科学科 
3608472401,立命館大学 理工 電子情報工,立命館大 理工学部 電子情報工学科 
3608472701,立命館大学 理工 建築都市デザ,立命館大 理工学部 建築都市デザイン学科 
3608472901,立命館大学 理工 環境都市工,立命館大 理工学部 環境都市工学科 
3608473001,立命館大学 理工 数理／数学,立命館大 理工学部 数理科学科 数学コース 
3608473101,立命館大学 理工 数理／データ,立命館大 理工学部 数理科学科 データサイエンスコース 
3608473201,立命館大学 理工 機械／機械創,立命館大 理工学部 機械工学科 機械創成工学コース 
3608473301,立命館大学 理工 機械／機械情,立命館大 理工学部 機械工学科 機械情報工学コース 
3608480601,立命館大学 情報理工 情報理工,立命館大 情報理工学部 情報理工学科 
3608610101,立命館大学 薬 薬,立命館大 薬学部 薬学科 
3608610201,立命館大学 薬 創薬科学,立命館大 薬学部 創薬科学科 
3608640101,立命館大学 スポーツ スポーツ健康,立命館大 スポーツ健康科学部 スポーツ健康科学科 
3608740101,立命館大学 生命科学 生命医科学,立命館大 生命科学部 生命医科学科 
3608740201,立命館大学 生命科学 応用化,立命館大 生命科学部 応用化学科 
3608740301,立命館大学 生命科学 生物工,立命館大 生命科学部 生物工学科 
3608740401,立命館大学 生命科学 生命情報,立命館大 生命科学部 生命情報学科 
3608830101,立命館大学 映像 映像,立命館大 映像学部 映像学科 
3608840101,立命館大学 デザイン デザイン・ア,立命館大 デザイン・アート学部 デザイン・アート学科 
3609010100,龍谷大学 文 英語英米文,龍谷大 文学部 英語英米文学科 
3609010200,龍谷大学 文 歴史／日本史,龍谷大 文学部 歴史学科 日本史学専攻 
3609010300,龍谷大学 文 歴史／東洋史,龍谷大 文学部 歴史学科 東洋史学専攻 
3609010400,龍谷大学 文 歴史／仏教史,龍谷大 文学部 歴史学科 仏教史学専攻 
3609010500,龍谷大学 文 真宗,龍谷大龍谷大学 文 真宗
3609010600,龍谷大学 文 哲／教育学,龍谷大 文学部 哲学科 教育学専攻 
3609010700,龍谷大学 文 哲／哲学,龍谷大 文学部 哲学科 哲学専攻 
3609010800,龍谷大学 文 日本語日本文,龍谷大 文学部 日本語日本文学科 
3609010900,龍谷大学 文 仏教,龍谷大龍谷大学 文 仏教
3609011101,龍谷大学 文 歴史／文化遺,龍谷大 文学部 歴史学科 文化遺産学専攻 
3609030101,龍谷大学 心理 心理,龍谷大 心理学部 心理学科 
3609120200,龍谷大学 法 法律,龍谷大 法学部 法律学科 
3609130100,龍谷大学 政策 政策,龍谷大 政策学部 政策学科 
3609180000,龍谷大学 経済 ,龍谷大龍谷大学 経済 
3609190100,龍谷大学 経営 経営,龍谷大 経営学部 経営学科 
3609190202,龍谷大学 経営 商,龍谷大 経営学部 商学科 
3609250702,龍谷大学 社会 総合／現代社,龍谷大 社会学部 総合社会学科 現代社会領域 
3609250802,龍谷大学 社会 総合／文化メ,龍谷大 社会学部 総合社会学科 文化・メディア領域 
3609250902,龍谷大学 社会 総合／健康ス,龍谷大 社会学部 総合社会学科 健康・スポーツ社会領域 
3609251002,龍谷大学 社会 総合／現代福,龍谷大 社会学部 総合社会学科 現代福祉領域 
3609340101,龍谷大学 国際 グローバルス,龍谷大 国際学部 グローバルスタディーズ学科 
3609340201,龍谷大学 国際 国際文化,龍谷大 国際学部 国際文化学科 
3609480101,龍谷大学 先端理工 数理・情報科,龍谷大 理工学部 数理・情報科学課程 
3609480201,龍谷大学 先端理工 知能情報メデ,龍谷大龍谷大学 先端理工 知能情報メデ
3609480301,龍谷大学 先端理工 電子情報通信,龍谷大 理工学部 電子情報通信課程 
3609480401,龍谷大学 先端理工 機械工学・ロ,龍谷大 理工学部 機械工学・ロボティクス課程 
3609480501,龍谷大学 先端理工 応用化学,龍谷大 理工学部 応用化学課程 
3609480601,龍谷大学 先端理工 環境科学,龍谷大龍谷大学 先端理工 環境科学
3609720100,龍谷大学 農 生命科学,龍谷大 農学部 生命科学科 
3609720200,龍谷大学 農 農,龍谷大 農学部 農学科 
3609720305,龍谷大学 農 食品栄養,龍谷大 農学部 食品栄養学科 
3609720400,龍谷大学 農 食料農業シス,龍谷大 農学部 食料農業システム学科 
3610270404,京都文教大学 総合社会 総合／経済経,京都文教大 総合社会学部 総合社会学科 経済・経営コース 
3610270504,京都文教大学 総合社会 総合／メディ,京都文教大 総合社会学部 総合社会学科 メディア・社会心理コース 
3610270604,京都文教大学 総合社会 総合／公務員,京都文教大 総合社会学部 総合社会学科 公務員コース 
3610270704,京都文教大学 総合社会 総合／観光地,京都文教大 総合社会学部 総合社会学科 観光・地域デザインコース 
3610270905,京都文教大学 総合社会 実践社会,京都文教大 総合社会学部 実践社会学科 
3610271005,京都文教大学 総合社会 総合／スポー,京都文教大 総合社会学部 総合社会学科 スポーツ・健康コース 
3610271105,京都文教大学 総合社会 総合／食マネ,京都文教大 総合社会学部 総合社会学科 食マネジメントコース 
3610310405,京都文教大学 こども教 こども教育,京都文教大 こども教育学部 こども教育学科 
3610640906,京都文教大学 臨床心理 臨床／深層心,京都文教大 臨床心理学部 臨床心理学科 深層心理コース 
3610641006,京都文教大学 臨床心理 臨床／子ども,京都文教大 臨床心理学部 臨床心理学科 子ども・青年心理コース 
3610641106,京都文教大学 臨床心理 臨床／医療福,京都文教大 臨床心理学部 臨床心理学科 医療・福祉心理コース 
3610641206,京都文教大学 臨床心理 臨床／ビジネ,京都文教大 臨床心理学部 臨床心理学科 ビジネス・経営心理コース 
3612832301,嵯峨美術大学 芸術 デザ／グラフ,嵯峨美大 芸術学部 デザイン学科 グラフィックデザイン領域 
3612832501,嵯峨美術大学 芸術 デザ／観光デ,嵯峨美大 芸術学部 デザイン学科 観光デザイン領域 
3612832601,嵯峨美術大学 芸術 デザ／イラス,嵯峨美大 芸術学部 デザイン学科 イラストレーション領域 
3612832701,嵯峨美術大学 芸術 デザ／キャラ,嵯峨美大 芸術学部 デザイン学科 キャラクターデザイン領域 
3612833001,嵯峨美術大学 芸術 デザ／生活プ,嵯峨美大 芸術学部 デザイン学科 生活プロダクト領域 
3612833101,嵯峨美術大学 芸術 デザ／染織テ,嵯峨美大 芸術学部 デザイン学科 染織・テキスタイル領域 
3612833201,嵯峨美術大学 芸術 造形／日本画,嵯峨美大 芸術学部 造形学科 日本画・古画領域 
3612833301,嵯峨美術大学 芸術 造形／油画版,嵯峨美大 芸術学部 造形学科 油画・版画領域 
3612833401,嵯峨美術大学 芸術 造形／複合,嵯峨美大 芸術学部 造形学科 複合領域 
3613640101,京都医療科学大学 医療科学 放射線技術,京都医療科学大 医療科学部 放射線技術学科 
3614030101,京都華頂大学 日本文化 日本文化,京都華頂大 京都華頂大学 日本文化 日本文化
3614790103,京都華頂大学 現代生活 こども生活,京都華頂大 京都華頂大学 現代生活 こども生活
3614790203,京都華頂大学 現代生活 食物栄養,京都華頂大 京都華頂大学 現代生活 食物栄養
3614790501,京都華頂大学 現代生活 生活情報,京都華頂大 京都華頂大学 現代生活 生活情報
3615480101,京都美術工芸大学 建築 建築,京都美術工芸大 建築学部 建築学科 
3615830101,京都美術工芸大学 芸術 デザイン・工,京都美術工芸大 芸術学部 デザイン・工芸学科 
3616640101,京都看護大学 看護 看護,京都看護大 看護学部 看護学科 
3626010601,追手門学院大学 文 人文／日本文,追手門学院大 文学部 人文学科 日本文学専攻 
3626010701,追手門学院大学 文 人文／歴史文,追手門学院大 文学部 人文学科 歴史文化専攻 
3626010801,追手門学院大学 文 人文／美学建,追手門学院大 文学部 人文学科 美学・建築文化専攻 
3626030202,追手門学院大学 心理 心理／心理学,追手門学院大 心理学部 心理学科 心理学専攻 
3626030302,追手門学院大学 心理 心理／人工知,追手門学院大 心理学部 心理学科 人工知能・認知科学専攻 
3626120102,追手門学院大学 法 法律,追手門学院大 法学部 法律学科 
3626180200,追手門学院大学 経済 経済,追手門学院大 経済学部 経済学科 
3626190401,追手門学院大学 経営 経営／経営マ,追手門学院大 経営学部 経営学科 経営・マーケティング専攻 
3626190501,追手門学院大学 経営 経営／ビジ法,追手門学院大 経営学部 経営学科 ビジネス法務専攻 
3626190601,追手門学院大学 経営 経営／ビジ心,追手門学院大 経営学部 経営学科 ビジネス心理専攻 
3626190701,追手門学院大学 経営 経営／情報シ,追手門学院大 経営学部 経営学科 情報システム専攻 
3626210100,追手門学院大学 地域創造 地域創造,追手門学院大 地域創造学部 地域創造学科 
3626250201,追手門学院大学 社会 社会／社会学,追手門学院大 社会学部 社会学科 社会学専攻 
3626250301,追手門学院大学 社会 社会／スポー,追手門学院大 社会学部 社会学科 スポーツ文化学専攻 
3626330101,追手門学院大学 国際 国際／グロー,追手門学院大 国際学部 国際学科 グローバルスタディーズ専攻 
3626330201,追手門学院大学 国際 国際／国際文,追手門学院大 国際学部 国際学科 国際文化専攻 
3626470101,追手門学院大学 理工 数理・データ,追手門学院大 理工学部 数理・データサイエンス学科 
3626470201,追手門学院大学 理工 機械工,追手門学院大 理工学部 機械工学科 
3626470301,追手門学院大学 理工 電気電子工,追手門学院大 理工学部 電気電子工学科 
3626470401,追手門学院大学 理工 情報工,追手門学院大 理工学部 情報工学科 
3627550100,大阪医科薬科大学 医 医,大阪医薬大 医学部 医学科 
3627610101,大阪医科薬科大学 薬 薬,大阪医薬大 薬学部 薬学科 
3627640101,大阪医科薬科大学 看護 看護,大阪医薬大 看護学部 看護学科 
3628832201,大阪音楽大学 音楽 音楽,大阪音大 音楽学部 音楽学科 
3629080301,大阪学院大学 外国語 英語／英語学,大阪学院大 外国語学部 英語学科 英語学専攻 
3629080401,大阪学院大学 外国語 英語／Ｇｌｏ,大阪学院大 外国語学部 英語学科 ＧｌｏｂａｌＳｔｕｄｉｅｓ専攻 
3629120305,大阪学院大学 法 法,大阪学院大 法学部 法学科 
3629180105,大阪学院大学 経済 経済,大阪学院大 経済学部 経済学科 
3629190104,大阪学院大学 経営 経営,大阪学院大 経営学部 経営学科 
3629190204,大阪学院大学 経営 ホスピタリテ,大阪学院大 経営学部 ホスピタリティ経営学科 
3629200104,大阪学院大学 商 商,大阪学院大 商学部 商学科 
3629330105,大阪学院大学 国際 国際,大阪学院大 国際学部 国際学科 
3629370105,大阪学院大学 情報 情報,大阪学院大 情報学部 情報学科 
3630180101,大阪経済大学 経済 経済,大阪経大 経済学部 経済学科 
3630190101,大阪経済大学 経営 経営,大阪経大 経営学部 経営学科 
3630190301,大阪経済大学 経営 ビジネス法,大阪経大 経営学部 ビジネス法学科 
3630230101,大阪経済大学 経営２ 経営,大阪経大 経営学部第２部 経営学科 
3630270101,大阪経済大学 情報社会 情報社会,大阪経大 情報社会学部 情報社会学科 
3630330101,大阪経済大学 国際共創 国際共創,大阪経大 国際共創学部 国際共創学科 
3630370101,大阪経済大学 人間科学 人間科学,大阪経大 人間科学部 人間科学科 
3631830101,大阪芸術大学 芸術 映像,大阪芸大 芸術学部 映像学科 
3631830201,大阪芸術大学 芸術 演奏,大阪芸大 芸術学部 演奏学科 
3631830301,大阪芸術大学 芸術 音楽,大阪芸大 芸術学部 音楽学科 
3631830601,大阪芸術大学 芸術 建築,大阪芸大 芸術学部 建築学科 
3631830701,大阪芸術大学 芸術 芸術計画,大阪芸大 芸術学部 芸術計画学科 
3631830801,大阪芸術大学 芸術 工芸,大阪芸大 芸術学部 工芸学科 
3631830901,大阪芸術大学 芸術 写真,大阪芸大 芸術学部 写真学科 
3631831001,大阪芸術大学 芸術 デザイン,大阪芸大 芸術学部 デザイン学科 
3631831101,大阪芸術大学 芸術 美術,大阪芸大 芸術学部 美術学科 
3631831201,大阪芸術大学 芸術 舞台芸術,大阪芸大 芸術学部 舞台芸術学科 
3631831301,大阪芸術大学 芸術 文芸,大阪芸大 芸術学部 文芸学科 
3631831401,大阪芸術大学 芸術 放送,大阪芸大 芸術学部 放送学科 
3631831502,大阪芸術大学 芸術 キャラクター,大阪芸大 芸術学部 キャラクター造形学科 
3631831602,大阪芸術大学 芸術 初等芸術教育,大阪芸大 芸術学部 初等芸術教育学科 
3631831702,大阪芸術大学 芸術 アートサイエ,大阪芸大 芸術学部 アートサイエンス学科 
3632120101,大阪経済法科大学 法 法律,大阪経済法科大大阪経済法科大学 法 法律
3632180101,大阪経済法科大学 経済 経済,大阪経済法科大大阪経済法科大学 経済 経済
3632190102,大阪経済法科大学 経営 経営,大阪経済法科大大阪経済法科大学 経営 経営
3632330101,大阪経済法科大学 国際 国際,大阪経済法科大大阪経済法科大学 国際 国際
3633210100,大阪工業大学 知的財産 知的財産,大阪工大 知的財産学部 知的財産学科 
3633370101,大阪工業大学 情報科学 情報知能,大阪工大 情報科学部 情報知能学科 
3633370201,大阪工業大学 情報科学 情報システム,大阪工大 情報科学部 情報システム学科 
3633370301,大阪工業大学 情報科学 情報メディア,大阪工大 情報科学部 情報メディア学科 
3633370501,大阪工業大学 情報科学 データサイエ,大阪工大 情報科学部 データサイエンス学科 
3633370601,大阪工業大学 情報科学 実世界情報,大阪工大 情報科学部 実世界情報学科 
3633460101,大阪工業大学 工 応用化,大阪工大 工学部 応用化学科 
3633460201,大阪工業大学 工 機械工,大阪工大 工学部 機械工学科 
3633460401,大阪工業大学 工 建築,大阪工大 工学部 建築学科 
3633460501,大阪工業大学 工 電気電子シス,大阪工大 工学部 電気電子システム工学科 
3633460601,大阪工業大学 工 電子情報シス,大阪工大 工学部 電子情報システム工学科 
3633460701,大阪工業大学 工 都市デザイン,大阪工大 工学部 都市デザイン工学科 
3633460901,大阪工業大学 工 環境工,大阪工大 工学部 環境工学科 
3633461201,大阪工業大学 工 生命工,大阪工大 工学部 生命工学科 
3633470101,大阪工業大学 ロボティ ロボット工,大阪工大 ロボティクス＆デザイン工学部 ロボット工学科 
3633470201,大阪工業大学 ロボティ システムデザ,大阪工大 ロボティクス＆デザイン工学部 システムデザイン工学科 
3633470301,大阪工業大学 ロボティ 空間デザイン,大阪工大 ロボティクス＆デザイン工学部 空間デザイン学科 
3634240101,大阪国際大学 経営経済 経営,大阪国際大 経営経済学部 経営学科 
3634240201,大阪国際大学 経営経済 経済,大阪国際大 経営経済学部 経済学科 
3634370107,大阪国際大学 人間科学 心理コミュニ,大阪国際大 人間科学部 心理コミュニケーション学科 
3634370207,大阪国際大学 人間科学 人間健康科学,大阪国際大 人間科学部 人間健康科学科 
3634370407,大阪国際大学 人間科学 スポーツ行動,大阪国際大 人間科学部 スポーツ行動学科 
3634390101,大阪国際大学 国際教養 国際コミュニ,大阪国際大 国際教養学部 国際コミュニケーション学科 
3634390201,大阪国際大学 国際教養 国際観光,大阪国際大 国際教養学部 国際観光学科 
3636180301,大阪産業大学 経済 経済／経済,大阪産大 経済学部 経済学科 経済学コース 
3636180601,大阪産業大学 経済 経済／観光ビ,大阪産大 経済学部 経済学科 観光ビジネスコース 
3636190401,大阪産業大学 経営 経営／ファッ,大阪産大 経営学部 経営学科 ファッションビジネスコース 
3636190701,大阪産業大学 経営 経営／経営学,大阪産大 経営学部 経営学科 経営学コース 
3636191001,大阪産業大学 経営 経営／会計ス,大阪産大 経営学部 経営学科 会計スペシャリストコース 
3636191101,大阪産業大学 経営 経営／交通ま,大阪産大 経営学部 経営学科 交通まちづくりコース 
3636191201,大阪産業大学 経営 経営／商学,大阪産大 経営学部 経営学科 商学コース 
3636191301,大阪産業大学 経営 経営／スポー,大阪産大 経営学部 経営学科 スポーツキャリアコース 
3636330102,大阪産業大学 国際 国際,大阪産大 国際学部 国際学科 
3636380102,大阪産業大学 情報デザ 情報システム,大阪産大 情報デザイン学部 情報システム学科 
3636480102,大阪産業大学 建築環境 建築・環境デ,大阪産大 建築・環境デザイン学部 建築・環境デザイン学科 
3636490201,大阪産業大学 シス工 シス／機械シ,大阪産大 システム工学部 システム工学科 機械システムコース 
3636490301,大阪産業大学 シス工 シス／機械デ,大阪産大 システム工学部 システム工学科 機械デザインコース 
3636490401,大阪産業大学 シス工 シス／自動車,大阪産大 システム工学部 システム工学科 自動車工学コース 
3636490501,大阪産業大学 シス工 シス／鉄道工,大阪産大 システム工学部 システム工学科 鉄道工学コース 
3636490601,大阪産業大学 シス工 シス／交通シ,大阪産大 システム工学部 システム工学科 交通システムコース 
3636490701,大阪産業大学 シス工 シス／電気電,大阪産大 システム工学部 システム工学科 電気電子工学コース 
3636490801,大阪産業大学 シス工 シス／情報電,大阪産大 システム工学部 システム工学科 情報電子工学コース 
3636640102,大阪産業大学 スポーツ スポーツ健康,大阪産大 スポーツ健康学部 スポーツ健康学科 
3637580100,大阪歯科大学 歯 歯,大阪歯大 歯学部 歯学科 
3637640101,大阪歯科大学 医療保健 口腔保健,大阪歯大 医療保健学部 口腔保健学科 
3637640201,大阪歯科大学 医療保健 口腔工,大阪歯大 医療保健学部 口腔工学科 
3637650101,大阪歯科大学 看護 看護,大阪歯大 看護学部 看護学科 
3638180102,大阪商業大学 経済 経済,大阪商大 経済学部 経済学科 
3638210103,大阪商業大学 公共 公共,大阪商大 公共学部 公共学科 
3638220102,大阪商業大学 総合経営 経営,大阪商大 総合経営学部 経営学科 
3638220202,大阪商業大学 総合経営 商,大阪商大 総合経営学部 商学科 
3639030101,大阪樟蔭女子大学 学芸 言語文化コミ,大阪樟蔭女子大 学芸学部 言語文化コミュニケーション学科 
3639030202,大阪樟蔭女子大学 学芸 国文,大阪樟蔭女子大 学芸学部 国文学科 
3639030501,大阪樟蔭女子大学 学芸 化粧ファッシ,大阪樟蔭女子大 学芸学部 化粧ファッション学科 
3639031401,大阪樟蔭女子大学 学芸 ライフプラン,大阪樟蔭女子大 学芸学部 ライフプランニング学科 
3639032001,大阪樟蔭女子大学 学芸 心理,大阪樟蔭女子大 学芸学部 心理学科 
3639032102,大阪樟蔭女子大学 学芸 リベラルアー,大阪樟蔭女子大 学芸学部 リベラルアーツ学科 
3639310101,大阪樟蔭女子大学 児童教育 児童教育,大阪樟蔭女子大大阪樟蔭女子大学 児童教育 児童教育
3639640201,大阪樟蔭女子大学 健康栄養 健康／管理栄,大阪樟蔭女子大 健康栄養学部 健康栄養学科 管理栄養士専攻 
3639640301,大阪樟蔭女子大学 健康栄養 健康／食物栄,大阪樟蔭女子大 健康栄養学部 健康栄養学科 食物栄養専攻 
3640300307,大阪体育大学 教育 教育,大阪体育大 教育学部 教育学科 
3640640501,大阪体育大学 スポーツ スポーツ科学,大阪体育大 スポーツ科学部 スポーツ科学科 
3641370405,大阪電気通信大学 総合情報 情報,大阪電気通信大 総合情報学部 情報学科 
3641370605,大阪電気通信大学 総合情報 デジ／社会デ,大阪電気通信大 総合情報学部 デジタルゲーム学科 ゲーム・社会デザイン専攻 
3641370705,大阪電気通信大学 総合情報 デジ／デジタ,大阪電気通信大 総合情報学部 デジタルゲーム学科 デジタルゲーム専攻 
3641370805,大阪電気通信大学 総合情報 デジ／メディ,大阪電気通信大 総合情報学部 デジタルゲーム学科 ゲーム＆メディア専攻 
3641380105,大阪電気通信大学 健康情報 健康／医療工,大阪電気通信大 健康情報学部 健康情報学科 医療工学専攻 
3641380205,大阪電気通信大学 健康情報 健康／理学療,大阪電気通信大 健康情報学部 健康情報学科 理学療法学専攻 
3641380305,大阪電気通信大学 健康情報 健康／スポー,大阪電気通信大 健康情報学部 健康情報学科 スポーツ科学専攻 
3641460303,大阪電気通信大学 工 機械工,大阪電気通信大 工学部 機械工学科 
3641460503,大阪電気通信大学 工 電子機械工,大阪電気通信大 工学部 電子機械工（ロボティクス）学科 
3641460603,大阪電気通信大学 工 電気電子工,大阪電気通信大 工学部 電気電子工学科 
3641461301,大阪電気通信大学 工 基礎／数理科,大阪電気通信大 工学部 基礎理工学科 数理科学専攻 
3641461503,大阪電気通信大学 工 基礎／環境化,大阪電気通信大 工学部 基礎理工学科 応用化学専攻 
3641480103,大阪電気通信大学 情報通信 情報工,大阪電気通信大 情報通信工学部 情報工学科 
3641480203,大阪電気通信大学 情報通信 通信工,大阪電気通信大 情報通信工学部 通信工学科 
3641490201,大阪電気通信大学 建築デザ 建築／建築,大阪電気通信大 建築・デザイン学部 建築・デザイン学科 建築専攻 
3641490301,大阪電気通信大学 建築デザ 建築／空間デ,大阪電気通信大 建築・デザイン学部 建築・デザイン学科 空間デザイン専攻 
3643010201,大阪大谷大学 文 日本語日本文,大阪大谷大 文学部 日本語日本文学科 
3643010401,大阪大谷大学 文 歴史文化,大阪大谷大 文学部 歴史文化学科 
3643270101,大阪大谷大学 人間社会 人間社会,大阪大谷大 人間社会学部 人間社会学科 
3643270201,大阪大谷大学 人間社会 スポーツ健康,大阪大谷大 人間社会学部 スポーツ健康学科 
3643270301,大阪大谷大学 人間社会 心理・福祉,大阪大谷大 人間社会学部 心理・福祉学科 
3643300401,大阪大谷大学 教育 教育,大阪大谷大 教育学部 教育学科 
3643610101,大阪大谷大学 薬 薬,大阪大谷大 薬学部 薬学科 
3644010900,関西大学 文 総合人文,関西大関大 文学部 総合人文学科 
3644011304,関西大学 文 総合／初等教,関西大関大 文学部 総合人文学科 初等教育学専修 
3644080101,関西大学 外国語 外国語,関西大関大 外国語学部 外国語学科 
3644120306,関西大学 法 法学政治,関西大関大 法学部 法学政治学科 
3644130104,関西大学 政策創造 政策,関西大関大 政策創造学部 政策学科 
3644130204,関西大学 政策創造 国際アジア,関西大関大 政策創造学部 国際アジア学科 
3644180106,関西大学 経済 経済,関西大関大 経済学部 経済学科 
3644200104,関西大学 商 商,関西大関大 商学部 商学科 
3644250104,関西大学 社会 社会／社会シ,関西大関大 社会学部 社会学科 社会システムデザイン専攻 
3644250204,関西大学 社会 社会／心理学,関西大関大 社会学部 社会学科 心理学専攻 
3644250304,関西大学 社会 社会／社会学,関西大関大 社会学部 社会学科 社会学専攻 
3644250404,関西大学 社会 社会／メディ,関西大関大 社会学部 社会学科 メディア専攻 
3644370100,関西大学 総合情報 総合情報,関西大関大 総合情報学部 総合情報学科 
3644380100,関西大学 社会安全 安全マネジメ,関西大関大 社会安全学部 安全マネジメント学科 
3644390103,関西大学 ビジネス ビジネスデー,関西大関大 ビジネスデータサイエンス学部 ビジネスデータサイエンス学科 
3644470101,関西大学 システム 数学,関西大関大 システム理工学部 数学科 
3644470201,関西大学 システム 物理・応用物,関西大関大 システム理工学部 物理・応用物理学科 
3644470301,関西大学 システム 機械工,関西大関大 システム理工学部 機械工学科 
3644470401,関西大学 システム 電気電子情報,関西大関大 システム理工学部 電気電子情報工学科 
3644470501,関西大学 システム グリーンエレ,関西大関大 システム理工学部 グリーンエレクトロニクス工学科 
3644480101,関西大学 化学生命 化学・物質工,関西大関大 化学生命工学部 化学・物質工学科 
3644480201,関西大学 化学生命 生命・生物工,関西大関大 化学生命工学部 生命・生物工学科 
3644490101,関西大学 環境都市 建築,関西大関大 環境都市工学部 建築学科 
3644490201,関西大学 環境都市 都市シス工,関西大関大 環境都市工学部 都市システム工学科 
3644490301,関西大学 環境都市 エネルギー環,関西大関大 環境都市工学部 エネルギー環境・化学工学科 
3644640104,関西大学 人間健康 人間健康,関西大関大 人間健康学部 人間健康学科 
3645550100,関西医科大学 医 医,関西医大 医学部 医学科 
3645640102,関西医科大学 看護 看護,関西医大 看護学部 看護学科 
3645650102,関西医科大学 リハビリ 理学療法,関西医大 リハビリテーション学部 理学療法学科 
3645650202,関西医科大学 リハビリ 作業療法,関西医大 リハビリテーション学部 作業療法学科 
3646080101,関西外国語大学 外国語 英米語,関西外大 外国語学部 英米語学科 
3646080301,関西外国語大学 外国語 スペイン語,関西外大 外国語学部 スペイン語学科 
3646080501,関西外国語大学 外国語 英語・デジタ,関西外大 外国語学部 英語・デジタルコミュニケーション学科 
3646080601,関西外国語大学 外国語 国際日本,関西外大 外国語学部 国際日本学科 
3646090101,関西外国語大学 英語キャ 英語キャリア,関西外大 英語キャリア学部 英語キャリア学科 
3646090201,関西外国語大学 英語キャ 英語／小学校,関西外大 英語キャリア学部 英語キャリア学科 小学校教員コース 
3646340202,関西外国語大学 英語国際 アジア共創,関西外大 英語国際学部 アジア共創学科 
3646340301,関西外国語大学 英語国際 英語／国際関,関西外大 英語国際学部 英語国際学科 国際関係学専攻 
3646340401,関西外国語大学 英語国際 英語／グロー,関西外大 英語国際学部 英語国際学科 グローバル・コミュニケーション学専攻 
3646350101,関西外国語大学 国際共生 国際共生,関西外大 国際共生学部 国際共生学科 
3647030102,近畿大学 文芸 芸術／舞台芸,近畿大近大 文芸学部 芸術学科 舞台芸術専攻 
3647030202,近畿大学 文芸 芸術／造形芸,近畿大近大 文芸学部 芸術学科 造形芸術専攻 
3647030402,近畿大学 文芸 文／日本文学,近畿大近大 文芸学部 文学科 日本文学専攻 
3647030502,近畿大学 文芸 文化・歴史,近畿大近大 文芸学部 文化・歴史学科 
3647030701,近畿大学 文芸 文／英語英米,近畿大近大 文芸学部 文学科 英語英米文学専攻 
3647031302,近畿大学 文芸 文化デザイン,近畿大近大 文芸学部 デザイン学科 
3647120202,近畿大学 法 法律,近畿大近大 法学部 法律学科 
3647180101,近畿大学 経済 経済,近畿大近大 経済学部 経済学科 
3647180202,近畿大学 経済 総合経済政策,近畿大近大 経済学部 総合経済政策学科 
3647180501,近畿大学 経済 国際経済,近畿大近大 経済学部 国際経済学科 
3647190101,近畿大学 経営 経営,近畿大近大 経営学部 経営学科 
3647190201,近畿大学 経営 商,近畿大近大 経営学部 商学科 
3647190801,近畿大学 経営 会計,近畿大近大 経営学部 会計学科 
3647190901,近畿大学 経営 キャリア・マ,近畿大近大 経営学部 キャリア・マネジメント学科 
3647270101,近畿大学 総合社会 総合／社会マ,近畿大近大 総合社会学部 総合社会学科 社会・マスメディア系専攻 
3647270201,近畿大学 総合社会 総合／心理系,近畿大近大 総合社会学部 総合社会学科 心理系専攻 
3647270301,近畿大学 総合社会 総合／環境ま,近畿大近大 総合社会学部 総合社会学科 環境・まちづくり系専攻 
3647330102,近畿大学 国際 国際／グロー,近畿大近大 国際学部 国際学科 グローバル専攻 
3647330301,近畿大学 国際 国際／中国語,近畿大近大 国際学部 国際学科 東アジア専攻 中国語コース
3647330401,近畿大学 国際 国際／韓国語,近畿大近大 国際学部 国際学科 東アジア専攻 韓国語コース
3647370103,近畿大学 情報 情報,近畿大近大 情報学部 情報学科 
3647460102,近畿大学 工 機械工,近畿大近大 工学部 機械工学科 
3647460202,近畿大学 工 ロボティクス,近畿大近大 工学部 ロボティクス学科 
3647460302,近畿大学 工 情報,近畿大近大 工学部 情報学科 
3647460402,近畿大学 工 建築,近畿大近大 工学部 建築学科 
3647460502,近畿大学 工 化学生命工,近畿大近大 工学部 化学生命工学科 
3647460602,近畿大学 工 電子情報工,近畿大近大 工学部 電子情報工学科 
3647470305,近畿大学 産業理工 生物環境化,近畿大近大 産業理工学部 生物環境化学科 
3647470802,近畿大学 産業理工 電気電子工,近畿大近大 産業理工学部 電気電子工学科 
3647470902,近畿大学 産業理工 建築・デザイ,近畿大近大 産業理工学部 建築・デザイン学科 
3647471002,近畿大学 産業理工 情報,近畿大近大 産業理工学部 情報学科 
3647471102,近畿大学 産業理工 経営ビジネス,近畿大近大 産業理工学部 経営ビジネス学科 
3647480102,近畿大学 理工 応用化,近畿大近大 理工学部 応用化学科 
3647481202,近畿大学 理工 理／数学,近畿大近大 理工学部 理学科 数学コース 
3647481302,近畿大学 理工 理／物理学,近畿大近大 理工学部 理学科 物理学コース 
3647481802,近畿大学 理工 機械工,近畿大近大 理工学部 機械工学科 
3647482302,近畿大学 理工 理／化学,近畿大近大 理工学部 理学科 化学コース 
3647482402,近畿大学 理工 生命科学,近畿大近大 理工学部 生命科学科 
3647483102,近畿大学 理工 社会環境工,近畿大近大 理工学部 社会環境工学科 
3647483202,近畿大学 理工 電気電子通信,近畿大近大 理工学部 電気電子通信工学科 
3647483301,近畿大学 理工 エネルギー物,近畿大近大 理工学部 エネルギー物質学科 
3647490101,近畿大学 建築 建築,近畿大近大 建築学部 建築学科 
3647550101,近畿大学 医 医,近畿大近大 医学部 医学科 
3647610302,近畿大学 薬 医療薬,近畿大近大 薬学部 医療薬学科 
3647610401,近畿大学 薬 創薬科学,近畿大近大 薬学部 創薬科学科 
3647640101,近畿大学 看護 看護,近畿大近大 看護学部 看護学科 
3647720202,近畿大学 農 食品栄養,近畿大近大 農学部 食品栄養学科 
3647720302,近畿大学 農 水産,近畿大近大 農学部 水産学科 
3647720801,近畿大学 農 農業生産科学,近畿大近大 農学部 農学科 
3647720901,近畿大学 農 応用生命化,近畿大近大 農学部 応用生命化学科 
3647721001,近畿大学 農 生物機能科学,近畿大近大 農学部 生物機能科学科 
3647721101,近畿大学 農 環境管理,近畿大近大 農学部 環境管理学科 
3647740202,近畿大学 生物理工 生物工,近畿大近大 生物理工学部 生物工学科 
3647740402,近畿大学 生物理工 遺伝子工,近畿大近大 生物理工学部 遺伝子工学科 
3647740601,近畿大学 生物理工 食品安全工,近畿大近大 生物理工学部 食品・生命科学科 
3647740701,近畿大学 生物理工 人間環境デザ,近畿大近大 生物理工学部 建築・人間工学科 
3647740801,近畿大学 生物理工 生命情報工,近畿大近大 生物理工学部 情報学科 
3647740901,近畿大学 生物理工 医用工,近畿大近大 生物理工学部 医用工学科 
3648010102,四天王寺大学 文 日本,四天王寺大 文学部 日本学科 
3648010202,四天王寺大学 文 国際コミュニ,四天王寺大 文学部 国際コミュニケーション学科 
3648190202,四天王寺大学 経営 経営／公共経,四天王寺大 経営学部 経営学科 公共経営専攻 
3648190302,四天王寺大学 経営 経営／企業経,四天王寺大 経営学部 経営学科 企業経営専攻 
3648250101,四天王寺大学 社会 社会,四天王寺大 社会学部 社会学科 
3648250201,四天王寺大学 社会 人間福祉,四天王寺大 四天王寺大学 社会 人間福祉
3648300601,四天王寺大学 教育 教育／幼児教,四天王寺大 教育学部 教育学科 幼児教育保育コース 
3648300702,四天王寺大学 教育 教育／学校教,四天王寺大 教育学部 教育学科 学校教育コース 
3648640102,四天王寺大学 看護 看護,四天王寺大 看護学部 看護学科 
3649120101,摂南大学 法 法律,摂南大 法学部 法律学科 
3649180101,摂南大学 経済 経済,摂南大 経済学部 経済学科 
3649190201,摂南大学 経営 経営,摂南大 経営学部 経営学科 
3649270102,摂南大学 現代社会 現代社会,摂南大 現代社会学部 現代社会学科 
3649330101,摂南大学 国際 国際,摂南大 国際学部 国際学科 
3649470101,摂南大学 理工 都市環境工,摂南大 理工学部 都市環境工学科 
3649470201,摂南大学 理工 建築,摂南大 理工学部 建築学科 
3649470301,摂南大学 理工 電気電子情報,摂南大 理工学部 電気電子情報工学科 
3649470401,摂南大学 理工 機械工,摂南大 理工学部 機械工学科 
3649470500,摂南大学 理工 住環境デザイ,摂南大 理工学部 住環境デザイン学科 
3649470601,摂南大学 理工 生命科学,摂南大 理工学部 生命科学科 
3649610201,摂南大学 薬 薬,摂南大 薬学部 薬学科 
3649640101,摂南大学 看護 看護,摂南大 看護学部 看護学科 
3649720101,摂南大学 農 農業生産,摂南大 農学部 農業生産学科 
3649720201,摂南大学 農 応用生物科学,摂南大 農学部 応用生物科学科 
3649720301,摂南大学 農 食品栄養,摂南大 農学部 食品栄養学科 
3649720402,摂南大学 農 食農ビジネス,摂南大 農学部 食農ビジネス学科 
3650020701,相愛大学 人文 人文,相愛大 人文学部 人文学科 
3650790201,相愛大学 人間発達 管理栄養,相愛大 人間発達学部 管理栄養学科 
3650831701,相愛大学 音楽 音楽／声楽,相愛大 音楽学部 音楽学科 演奏コース 声楽専攻
3650831801,相愛大学 音楽 音楽／ピアノ,相愛大 音楽学部 音楽学科 演奏コース ピアノ専攻
3650831901,相愛大学 音楽 音楽／創作演,相愛大 音楽学部 音楽学科 演奏コース 創作演奏専攻
3650832001,相愛大学 音楽 音楽／オルガ,相愛大 音楽学部 音楽学科 演奏コース オルガン専攻
3650832401,相愛大学 音楽 音楽／古楽器,相愛大 音楽学部 音楽学科 演奏コース 古楽器専攻
3650833101,相愛大学 音楽 音楽／管弦打,相愛大 音楽学部 音楽学科 演奏コース 管弦打楽器専攻
3650833301,相愛大学 音楽 音楽／音楽創,相愛大 音楽学部 音楽学科 音楽創造コース 
3650833401,相愛大学 音楽 音楽／音楽学,相愛大 音楽学部 音楽学科 音楽文化コース 音楽学専攻
3650833501,相愛大学 音楽 音楽／音楽療,相愛大 音楽学部 音楽学科 音楽文化コース 音楽療法専攻
3651030102,帝塚山学院大学 総合心理 総合心理,帝塚山学院大 総合心理学部 総合心理学科 
3651380101,帝塚山学院大学 リベラル リベラルアー,帝塚山学院大 リベラルアーツ学部 リベラルアーツ学科 
3651740102,帝塚山学院大学 食環境 食イノベーシ,帝塚山学院大 食環境学部 食イノベーション学科 
3651740202,帝塚山学院大学 食環境 管理栄養,帝塚山学院大 食環境学部 管理栄養学科 
3652030101,梅花女子大学 文化表現 国際教養,梅花女子大 文化表現学部 国際教養学科 
3652030301,梅花女子大学 文化表現 日本文化,梅花女子大 文化表現学部 日本文化学科 
3652030401,梅花女子大学 文化表現 情報メディア,梅花女子大 梅花女子大学 文化表現 情報メディア
3652030501,梅花女子大学 文化表現 舞台芸術表現,梅花女子大 文化表現学部 舞台芸術表現学科 
3652640101,梅花女子大学 看護保健 看護,梅花女子大 看護保健学部 看護学科 
3652640201,梅花女子大学 看護保健 口腔保健,梅花女子大 看護保健学部 口腔保健学科 
3652790101,梅花女子大学 心理こど こども教育,梅花女子大 梅花女子大学 心理こど こども教育
3652790201,梅花女子大学 心理こど 心理,梅花女子大 梅花女子大学 心理こど 心理
3652800101,梅花女子大学 食文化 食文化,梅花女子大 食文化学部 食文化学科 
3652800201,梅花女子大学 食文化 管理栄養,梅花女子大 食文化学部 管理栄養学科 
3653180104,阪南大学 経済 経済,阪南大 経済学部 経済学科 
3653190101,阪南大学 経営 経営,阪南大 経営学部 経営学科 
3653330101,阪南大学 国際 国際コミュニ,阪南大 国際学部 国際コミュニケーション学科 
3653330201,阪南大学 国際 国際観光,阪南大 国際学部 国際観光学科 
3653380101,阪南大学 総合情報 総合情報,阪南大 総合情報学部 総合情報学科 
3654120103,桃山学院大学 法 法律,桃山学院大 法学部 法律学科 
3654180102,桃山学院大学 経済 経済,桃山学院大 経済学部 経済学科 
3654190102,桃山学院大学 経営 経営,桃山学院大 経営学部 経営学科 
3654210201,桃山学院大学 ビジネス ビジ／ビジネ,桃山学院大 ビジネスデザイン学部 ビジネスデザイン学科 ビジネス創造コース 
3654210301,桃山学院大学 ビジネス ビジ／情報テ,桃山学院大 ビジネスデザイン学部 ビジネスデザイン学科 情報テクノロジーコース 
3654250102,桃山学院大学 社会 社会,桃山学院大 社会学部 社会学科 
3654250204,桃山学院大学 社会 ソーシャルデ,桃山学院大 社会学部 社会福祉学科 
3654310101,桃山学院大学 人間教育 人間／幼児教,桃山学院大 人間教育学部 人間教育学科 幼児教育課程 
3654310201,桃山学院大学 人間教育 人間／小学校,桃山学院大 人間教育学部 人間教育学科 小学校教育課程 
3654310301,桃山学院大学 人間教育 人間／健康ス,桃山学院大 人間教育学部 人間教育学科 健康・スポーツ教育課程 
3654370101,桃山学院大学 国際教養 英語・国際文,桃山学院大 国際教養学部 英語・国際文化学科 
3654460101,桃山学院大学 工 工,桃山学院大 工学部 工学科 
3656030101,関西福祉科学大学 心理科学 心理科学,関西福祉科学大 心理科学部 心理科学科 
3656260102,関西福祉科学大学 社会福祉 福祉創造,関西福祉科学大 社会福祉学部 福祉創造学科 
3656300301,関西福祉科学大学 教育 教育,関西福祉科学大 教育学部 教育学科 
3656640101,関西福祉科学大学 保健医療 リハ／理学療,関西福祉科学大 保健医療学部 リハビリテーション学科 理学療法学専攻 
3656640201,関西福祉科学大学 保健医療 リハ／作業療,関西福祉科学大 保健医療学部 リハビリテーション学科 作業療法学専攻 
3656640301,関西福祉科学大学 保健医療 リハ／言語聴,関西福祉科学大 保健医療学部 リハビリテーション学科 言語聴覚学専攻 
3656650101,関西福祉科学大学 健康福祉 健康科学,関西福祉科学大 健康福祉学部 健康科学科 
3656650201,関西福祉科学大学 健康福祉 福祉栄養,関西福祉科学大 健康福祉学部 福祉栄養学科 
3657190102,太成学院大学 経営 現代ビジネス,太成学院大 経営学部 現代ビジネス学科 
3657370301,太成学院大学 人間 子ども発達,太成学院大 人間学部 子ども発達学科 
3657370401,太成学院大学 人間 健康スポーツ,太成学院大 人間学部 健康スポーツ学科 
3657370501,太成学院大学 人間 心理カウンセ,太成学院大 人間学部 心理カウンセリング学科 
3657640103,太成学院大学 看護 看護,太成学院大 看護学部 看護学科 
3658310101,大阪常磐会大学 こども教 こども教育,大阪常磐会大 こども教育学部 こども教育学科 
3659270101,大阪観光大学 観光 観光,大阪観光大 観光学部 観光学科 
3660030100,大阪人間科学大学 心理 心理,大阪人間科学大 心理学部 心理学科 
3660370100,大阪人間科学大学 人間科学 社会福祉,大阪人間科学大 人間科学部 社会福祉学科 
3660370800,大阪人間科学大学 人間科学 子ども教育,大阪人間科学大 人間科学部 子ども教育学科 
3660371200,大阪人間科学大学 人間科学 医療福祉,大阪人間科学大 人間科学部 医療福祉学科 
3660371300,大阪人間科学大学 人間科学 社会創造,大阪人間科学大 人間科学部 社会創造学科 
3660640100,大阪人間科学大学 保健医療 理学療法,大阪人間科学大 保健医療学部 理学療法学科 
3660640200,大阪人間科学大学 保健医療 作業療法,大阪人間科学大 保健医療学部 作業療法学科 
3660640300,大阪人間科学大学 保健医療 言語聴覚,大阪人間科学大 保健医療学部 言語聴覚学科 
3661280301,羽衣国際大学 現代社会 放送／放送メ,羽衣国際大 現代社会学部 放送・メディア映像学科 放送・メディアコース 
3661280401,羽衣国際大学 現代社会 放送／映像コ,羽衣国際大 現代社会学部 放送・メディア映像学科 映像コンテンツコース 
3661280501,羽衣国際大学 現代社会 放送／情報シ,羽衣国際大 羽衣国際大学 現代社会 放送／情報シ
3661280601,羽衣国際大学 現代社会 現代／経済経,羽衣国際大 現代社会学部 現代社会学科 経済・経営コース 
3661280701,羽衣国際大学 現代社会 現代／国際英,羽衣国際大 現代社会学部 現代社会学科 国際英語コース 
3661280801,羽衣国際大学 現代社会 現代／観光,羽衣国際大 現代社会学部 現代社会学科 観光コース 
3661280901,羽衣国際大学 現代社会 現代／スポー,羽衣国際大 現代社会学部 現代社会学科 スポーツコース 
3661790601,羽衣国際大学 人間生活 人間／食クリ,羽衣国際大 人間生活学部 人間生活学科 食クリエイトコース 
3661790701,羽衣国際大学 人間生活 人間／ファッ,羽衣国際大 人間生活学部 人間生活学科 ファッションデザインコース 
3661790801,羽衣国際大学 人間生活 人間／住空間,羽衣国際大 人間生活学部 人間生活学科 住空間デザインコース 
3661790901,羽衣国際大学 人間生活 人間／こども,羽衣国際大 人間生活学部 人間生活学科 こども教育コース 
3661791001,羽衣国際大学 人間生活 食物／医療栄,羽衣国際大 人間生活学部 食物栄養学科 医療栄養コース 
3661791101,羽衣国際大学 人間生活 食物／フード,羽衣国際大 人間生活学部 食物栄養学科 フードデザイン・食育コース 
3661791201,羽衣国際大学 人間生活 食物／スポー,羽衣国際大 人間生活学部 食物栄養学科 スポーツ栄養コース 
3661791301,羽衣国際大学 人間生活 食物／グロー,羽衣国際大 人間生活学部 食物栄養学科 グローバル栄養コース 
3662190301,大阪成蹊大学 経営 スポーツマネ,大阪成蹊大 経営学部 スポーツマネジメント学科 
3662190402,大阪成蹊大学 経営 経営／経営,大阪成蹊大 大阪成蹊大学 経営 経営／経営
3662190502,大阪成蹊大学 経営 経営／公共政,大阪成蹊大 大阪成蹊大学 経営 経営／公共政
3662190602,大阪成蹊大学 経営 経営／食ビジ,大阪成蹊大 大阪成蹊大学 経営 経営／食ビジ
3662190701,大阪成蹊大学 経営 経営／会計,大阪成蹊大 大阪成蹊大学 経営 経営／会計
3662190801,大阪成蹊大学 経営 経営／国際,大阪成蹊大 大阪成蹊大学 経営 経営／国際
3662270102,大阪成蹊大学 国際観光 国際観光,大阪成蹊大 国際観光学部 国際観光学科 
3662300203,大阪成蹊大学 教育 教育／初等教,大阪成蹊大 教育学部 教育学科 初等教育専攻 初等教育コース
3662300301,大阪成蹊大学 教育 教育／幼児教,大阪成蹊大 教育学部 教育学科 初等教育専攻 幼児教育コース
3662300403,大阪成蹊大学 教育 教育／英語教,大阪成蹊大 教育学部 教育学科 中等教育専攻 英語教育コース
3662300503,大阪成蹊大学 教育 教育／保健体,大阪成蹊大 教育学部 教育学科 中等教育専攻 保健体育教育コース
3662370101,大阪成蹊大学 データサ データサイエ,大阪成蹊大 データサイエンス学部 データサイエンス学科 
3662640101,大阪成蹊大学 看護 看護,大阪成蹊大 看護学部 看護学科 
3662832600,大阪成蹊大学 芸術 造形／マンガ,大阪成蹊大 芸術学部 造形芸術学科 マンガ・デジタルアートコース 
3662832700,大阪成蹊大学 芸術 造形／アニメ,大阪成蹊大 大阪成蹊大学 芸術 造形／アニメ
3662833000,大阪成蹊大学 芸術 造形／建築イ,大阪成蹊大 芸術学部 造形芸術学科 建築・インテリアデザインコース 
3662833400,大阪成蹊大学 芸術 造形／ゲーム,大阪成蹊大 芸術学部 造形芸術学科 ゲーム・ＣＧデザインコース 
3662833600,大阪成蹊大学 芸術 造形／映像ボ,大阪成蹊大 芸術学部 造形芸術学科 映像・ボイスクリエイターコース 
3662833700,大阪成蹊大学 芸術 造形／イラス,大阪成蹊大 芸術学部 造形芸術学科 イラストレーション・美術コース 
3662833800,大阪成蹊大学 芸術 造形／ファッ,大阪成蹊大 芸術学部 造形芸術学科 ファッション・コスチュームデザインコース 
3662833900,大阪成蹊大学 芸術 造形／グラフ,大阪成蹊大 芸術学部 造形芸術学科 グラフィックデザインコース 
3663300102,千里金蘭大学 教育 教育,千里金蘭大 教育学部 教育学科 
3663640104,千里金蘭大学 看護 看護,千里金蘭大 看護学部 看護学科 
3663800102,千里金蘭大学 栄養 栄養,千里金蘭大 栄養学部 栄養学科 
3664790100,東大阪大学 こども こども,東大阪大 こども学部 こども学科 
3664790201,東大阪大学 こども 国際教養こど,東大阪大 こども学部 国際教養こども学科 
3665640101,関西医療大学 保健医療 はり灸・スポ,関西医療大 保健医療学部 はり灸・スポーツトレーナー学科 
3665640402,関西医療大学 保健医療 理学療法,関西医療大 保健医療学部 理学療法学科 
3665640501,関西医療大学 保健医療 ヘルスプロモ,関西医療大 保健医療学部 ヘルスプロモーション整復学科 
3665640601,関西医療大学 保健医療 臨床検査,関西医療大 保健医療学部 臨床検査学科 
3665640702,関西医療大学 保健医療 作業療法,関西医療大 保健医療学部 作業療法学科 
3665650101,関西医療大学 保健看護 保健看護,関西医療大 保健看護学部 保健看護学科 
3666330106,大阪女学院大学 国際英語 国際・英語,大阪女学院大大阪女学院大学 国際英語 国際・英語
3667640201,藍野大学 医療保健 理学療法,藍野大 医療保健学部 理学療法学科 
3667640301,藍野大学 医療保健 作業療法,藍野大 医療保健学部 作業療法学科 
3667640404,藍野大学 医療保健 臨床工,藍野大 医療保健学部 臨床工学科 
3667640501,藍野大学 医療保健 健康科学,藍野大 医療保健学部 健康科学科 
3667650101,藍野大学 看護 看護,藍野大 看護学部 看護学科 
3668310101,大阪青山大学 子ども教 子ども教育,大阪青山大 子ども教育学部 子ども教育学科 
3668640101,大阪青山大学 健康科学 健康栄養,大阪青山大 健康科学部 健康栄養学科 
3668650101,大阪青山大学 看護 看護,大阪青山大 看護学部 看護学科 
3669640101,四條畷学園大学 リハビリ リハ／理学療,四條畷学園大 リハビリテーション学部 リハビリテーション学科 理学療法学専攻 
3669640201,四條畷学園大学 リハビリ リハ／作業療,四條畷学園大 リハビリテーション学部 リハビリテーション学科 作業療法学専攻 
3669650101,四條畷学園大学 看護 看護,四條畷学園大 看護学部 看護学科 
3670790102,大阪総合保育大学 児童保育 児童保育,大阪総合保育大 児童保育学部 児童保育学科 
3670790201,大阪総合保育大学 児童保育 乳児保育,大阪総合保育大 児童保育学部 乳児保育学科 
3671640101,和泉大学 リハビリ リハ／理学療,和泉大 リハビリテーション学部 リハビリテーション学科 理学療法学専攻 
3671640201,和泉大学 リハビリ リハ／作業療,和泉大 リハビリテーション学部 リハビリテーション学科 作業療法学専攻 
3671640301,和泉大学 リハビリ リハ／言語聴,和泉大 リハビリテーション学部 リハビリテーション学科 言語聴覚学専攻 
3671640401,和泉大学 リハビリ リハ／ヘルス,和泉大 リハビリテーション学部 リハビリテーション学科 ヘルスプロモーション専攻 
3672640103,森ノ宮医療大学 医療技術 鍼灸,森ノ宮医療大 医療技術学部 鍼灸学科 
3672640502,森ノ宮医療大学 医療技術 臨床検査,森ノ宮医療大 医療技術学部 臨床検査学科 
3672640701,森ノ宮医療大学 医療技術 臨床工,森ノ宮医療大 医療技術学部 臨床工学科 
3672640801,森ノ宮医療大学 医療技術 診療放射線,森ノ宮医療大 医療技術学部 診療放射線学科 
3672650101,森ノ宮医療大学 看護 看護,森ノ宮医療大 看護学部 看護学科 
3672660101,森ノ宮医療大学 総合リハ 理学療法,森ノ宮医療大 総合リハビリテーション学部 理学療法学科 
3672660201,森ノ宮医療大学 総合リハ 作業療法,森ノ宮医療大 総合リハビリテーション学部 作業療法学科 
3672660301,森ノ宮医療大学 総合リハ 言語聴覚,森ノ宮医療大 総合リハビリテーション学部 言語聴覚学科 
3673640101,大阪保健医療大学 保健医療 リハ／理学療,大阪保健医療大 保健医療学部 リハビリテーション学科 理学療法学専攻 
3673640201,大阪保健医療大学 保健医療 リハ／作業療,大阪保健医療大 保健医療学部 リハビリテーション学科 作業療法学専攻 
3674640102,大阪物療大学 保健医療 診療放射技術,大阪物療大 保健医療学部 診療放射線技術学科 
3675640104,大阪行岡医療大学 医療 理学療法,大阪行岡医療大 医療学部 理学療法学科 
3677130101,大和大学 政治経済 政治・政策,大和大 政治経済学部 政治・政策学科 
3677130201,大和大学 政治経済 経済経営,大和大 政治経済学部 経済経営学科 
3677130301,大和大学 政治経済 グローバルビ,大和大 政治経済学部 グローバルビジネス学科 
3677250101,大和大学 社会 社会,大和大 社会学部 社会学科 
3677300201,大和大学 教育 教育／初等幼,大和大 教育学部 教育学科 初等幼児教育専攻 
3677300301,大和大学 教育 教育／国語,大和大 教育学部 教育学科 国語教育専攻 
3677300401,大和大学 教育 教育／数学,大和大 教育学部 教育学科 数学教育専攻 
3677300501,大和大学 教育 教育／英語,大和大 教育学部 教育学科 英語教育専攻 
3677370102,大和大学 情報 情報,大和大 情報学部 情報学科 
3677470102,大和大学 理工 理工／機械シ,大和大 理工学部 理工学科 機械システム工学専攻 
3677470202,大和大学 理工 理工／電気電,大和大 理工学部 理工学科 電気電子情報工学専攻 
3677470402,大和大学 理工 理工／建築学,大和大 理工学部 理工学科 建築学専攻 
3677470501,大和大学 理工 理工／数理科,大和大 理工学部 理工学科 数理科学専攻 
3677470701,大和大学 理工 理工／生物生,大和大 理工学部 理工学科 生物生命科学専攻 
3677640102,大和大学 保健医療 看護,大和大 保健医療学部 看護学科 
3677640202,大和大学 保健医療 総合／理学療,大和大 保健医療学部 総合リハビリテーション学科 理学療法学専攻 
3677640302,大和大学 保健医療 総合／作業療,大和大 保健医療学部 総合リハビリテーション学科 作業療法学専攻 
3677640402,大和大学 保健医療 総合／言語聴,大和大 保健医療学部 総合リハビリテーション学科 言語聴覚学専攻 
3680640102,滋慶医療科学大学 医療科学 臨床工,滋慶医療科学大 医療科学部 臨床工学科 
3680640201,滋慶医療科学大学 医療科学 診療放射線,滋慶医療科学大 医療科学部 診療放射線学科 
3682300102,大阪信愛学院大学 教育 教育,大阪信愛学院大 教育学部 教育学科 
3682640102,大阪信愛学院大学 看護 看護,大阪信愛学院大 看護学部 看護学科 
3683640101,大阪医療大学 医療看護 理学療法,大阪医療大 医療看護学部 理学療法学科 
3683640201,大阪医療大学 医療看護 看護,大阪医療大 医療看護学部 看護学科 
3691310201,芦屋大学 臨床教育 教育,芦屋大 環境教育学部 環境教育学科 
3691320101,芦屋大学 経営教育 経営教育,芦屋大 経営教育学部 経営教育学科 
3693190101,大手前大学 経営 経営,大手前大 経営学部 経営学科 
3693280101,大手前大学 現代社会 現代社会,大手前大 現代社会学部 現代社会学科 
3693330101,大手前大学 国際日本 国際日本,大手前大 国際日本学部 国際日本学科 
3693640102,大手前大学 健康栄養 管理栄養,大手前大 健康栄養学部 管理栄養学科 
3693650102,大手前大学 国際看護 看護,大手前大 国際看護学部 看護学科 
3693830101,大手前大学 建築＆芸 建築＆芸術,大手前大 建築＆芸術学部 建築＆芸術学科 
3694011601,関西学院大学 文 総合心理科学,関西学院大 関学 文学部 総合心理科学科 
3694011901,関西学院大学 文 文学／日本文,関西学院大 関学 文学部 文学言語学科 日本文学日本語学専修 
3694012001,関西学院大学 文 文学／英米文,関西学院大 関学 文学部 文学言語学科 英米文学英語学専修 
3694012101,関西学院大学 文 文学／フラン,関西学院大 関学 文学部 文学言語学科 フランス文学フランス語学専修 
3694012201,関西学院大学 文 文学／ドイツ,関西学院大 関学 文学部 文学言語学科 ドイツ文学ドイツ語学専修 
3694012501,関西学院大学 文 文化／哲学倫,関西学院大 関学 文学部 文化歴史学科 哲学倫理学専修 
3694012601,関西学院大学 文 文化／美学芸,関西学院大 関学 文学部 文化歴史学科 美学芸術学専修 
3694012701,関西学院大学 文 文化／地理学,関西学院大 関学 文学部 文化歴史学科 地理学地域文化学専修 
3694012801,関西学院大学 文 文化／日本史,関西学院大 関学 文学部 文化歴史学科 日本史学専修 
3694012901,関西学院大学 文 文化／アジア,関西学院大 関学 文学部 文化歴史学科 アジア史学専修 
3694013001,関西学院大学 文 文化／西洋史,関西学院大 関学 文学部 文化歴史学科 西洋史学専修 
3694030000,関西学院大学 神 ,関西学院大 関学 神学部 
3694120102,関西学院大学 法 政治,関西学院大 関学 法学部 政治学科 
3694120202,関西学院大学 法 法律,関西学院大 関学 法学部 法律学科 
3694130000,関西学院大学 総合政策 ,関西学院大 関学 総合政策学部 
3694180000,関西学院大学 経済 ,関西学院大 関学 経済学部 
3694200000,関西学院大学 商 ,関西学院大 関学 商学部 
3694250101,関西学院大学 社会 社会,関西学院大 関学 社会学部 社会学科 
3694270102,関西学院大学 人間福祉 社会福祉,関西学院大 関学 人間福祉学部 社会福祉学科 
3694270202,関西学院大学 人間福祉 社会起業,関西学院大 関学 人間福祉学部 社会起業学科 
3694270302,関西学院大学 人間福祉 人間科学,関西学院大 関学 人間福祉学部 人間科学科 
3694300401,関西学院大学 教育 教育／幼児教,関西学院大 関学 教育学部 教育学科 幼児教育学コース 
3694300500,関西学院大学 教育 教育／初等教,関西学院大 関学 教育学部 教育学科 初等教育学コース 
3694300601,関西学院大学 教育 教育／教育科,関西学院大 関学 教育学部 教育学科 教育科学コース 
3694330102,関西学院大学 国際 国際,関西学院大 関学 国際学部 国際学科 
3694370102,関西学院大学 生命環境 生物科学,関西学院大 関学 生命環境学部 生物科学科 
3694370202,関西学院大学 生命環境 生命医科学,関西学院大 関学 生命環境学部 生命医科学科 
3694370302,関西学院大学 生命環境 環境応用化,関西学院大 関学 生命環境学部 環境応用化学科 
3694420102,関西学院大学 理 化学,関西学院大 関学 理学部 化学科 
3694420302,関西学院大学 理 数理科学,関西学院大 関学 理学部 数理科学科 
3694420402,関西学院大学 理 物理・宇宙,関西学院大 関学 理学部 物理・宇宙学科 
3694460102,関西学院大学 工 物質工学,関西学院大 関学 工学部 物質工学課程 
3694460202,関西学院大学 工 電気電子応用,関西学院大 関学 工学部 電気電子応用工学課程 
3694460302,関西学院大学 工 情報工学,関西学院大 関学 工学部 情報工学課程 
3694460402,関西学院大学 工 知能・機械工,関西学院大 関学 工学部 知能・機械工学課程 
3694480102,関西学院大学 建築 建築,関西学院大 関学 建築学部 建築学科 
3695030101,甲子園大学 心理 現代応用心理,甲子園大 心理 現代応用心理 '28 0
3695790101,甲子園大学 栄養 栄養,甲子園大 栄養 栄養 '28 0
3695790302,甲子園大学 栄養 食創造,甲子園大甲子園大学 栄養 食創造
3696010101,甲南大学 文 英語英米文,甲南大 文学部 英語英米文学科 
3696010201,甲南大学 文 日本語日本文,甲南大 文学部 日本語日本文学科 
3696010301,甲南大学 文 社会,甲南大 文学部 社会学科 
3696010401,甲南大学 文 人間科学,甲南大 文学部 人間科学科 
3696010501,甲南大学 文 歴史文化,甲南大 文学部 歴史文化学科 
3696120201,甲南大学 法 法,甲南大 法学部 法学科 
3696180101,甲南大学 経済 経済,甲南大 経済学部 経済学科 
3696190101,甲南大学 経営 経営,甲南大 経営学部 経営学科 
3696220301,甲南大学 マネジメ マネジメント,甲南大 マネジメント創造学部 マネジメント創造学科 
3696430102,甲南大学 フロンテ 生命化,甲南大 フロンティアサイエンス学部 生命化学科 
3696470101,甲南大学 理工 宇宙理学・量,甲南大 理工学部 宇宙理学・量子物理工学科 
3696470201,甲南大学 理工 生物,甲南大 理工学部 生物学科 
3696470301,甲南大学 理工 物質化学,甲南大 理工学部 物質化学科 
3696470501,甲南大学 理工 環境・エネル,甲南大 理工学部 環境・エネルギー工学科 
3696480101,甲南大学 知能情報 知能情報,甲南大 知能情報学部 知能情報学科 
3696880000,甲南大学 グローバ ,甲南大 グローバル教養学環 
3697010201,甲南女子大学 文 日本語日本文,甲南女子大 文学部 日本文化学科 
3697010601,甲南女子大学 文 メディア表現,甲南女子大 文学部 メディア表現学科 
3697030101,甲南女子大学 心理 心理,甲南女子大 心理学部 心理学科 
3697250101,甲南女子大学 社会 総合／メディ,甲南女子大 社会学部 総合社会学科 メディア社会学専攻 
3697250201,甲南女子大学 社会 総合／ビジネ,甲南女子大 社会学部 総合社会学科 ビジネス社会専攻 
3697250301,甲南女子大学 社会 総合／生活環,甲南女子大 社会学部 総合社会学科 生活環境学専攻 
3697300101,甲南女子大学 教育 子ども教育,甲南女子大 教育学部 子ども教育学科 
3697330101,甲南女子大学 国際 国際英語,甲南女子大 甲南女子大学 国際 国際英語
3697330201,甲南女子大学 国際 多文化コミュ,甲南女子大 甲南女子大学 国際 多文化コミュ
3697640102,甲南女子大学 看護リハ 看護,甲南女子大 看護リハビリテーション学部 看護学科 
3697640202,甲南女子大学 看護リハ 理学療法,甲南女子大 看護リハビリテーション学部 理学療法学科 
3697790102,甲南女子大学 医療栄養 医療栄養,甲南女子大 医療栄養学部 医療栄養学科 
3699020402,神戸学院大学 人文 人文,神戸学院大 人文学部 人文学科 
3699030102,神戸学院大学 心理 心理,神戸学院大 心理学部 心理学科 
3699120201,神戸学院大学 法 法律,神戸学院大 法学部 法律学科 
3699180201,神戸学院大学 経済 経済,神戸学院大 経済学部 経済学科 
3699190202,神戸学院大学 経営 経営／経営会,神戸学院大 経営学部 経営学科 経営・会計専攻 
3699190302,神戸学院大学 経営 経営／データ,神戸学院大 経営学部 経営学科 データサイエンス専攻 
3699270101,神戸学院大学 現代社会 現代社会,神戸学院大 現代社会学部 現代社会学科 
3699270201,神戸学院大学 現代社会 社会防災,神戸学院大 現代社会学部 社会防災学科 
3699330101,神戸学院大学 グローバ グロ／英語,神戸学院大 グローバル・コミュニケーション学部 グローバル・コミュニケーション学科 英語コース 
3699330201,神戸学院大学 グローバ グロ／中国語,神戸学院大 グローバル・コミュニケーション学部 グローバル・コミュニケーション学科 中国語コース 
3699610201,神戸学院大学 薬 薬,神戸学院大 薬学部 薬学科 
3699640101,神戸学院大学 総合リハ 社会リハビリ,神戸学院大 総合リハビリテーション学部 社会リハビリテーション学科 
3699640402,神戸学院大学 総合リハ 理学療法,神戸学院大 総合リハビリテーション学部 理学療法学科 
3699640502,神戸学院大学 総合リハ 作業療法,神戸学院大 総合リハビリテーション学部 作業療法学科 
3699790203,神戸学院大学 栄養 栄養／管理栄,神戸学院大 栄養学部 栄養学科 管理栄養学専攻 
3699790303,神戸学院大学 栄養 栄養／臨床検,神戸学院大 栄養学部 栄養学科 臨床検査学専攻 
3700470701,神戸芸術工科大学 芸術工 ビジュアルデ,神戸芸術工科大 芸術工学部 ビジュアルデザイン学科 
3700471401,神戸芸術工科大学 芸術工 建築・環境デ,神戸芸術工科大 芸術工学部 建築・環境デザイン学科 
3700471501,神戸芸術工科大学 芸術工 生産・工芸デ,神戸芸術工科大 芸術工学部 生産・工芸デザイン学科 
3700471601,神戸芸術工科大学 芸術工 メディア芸術,神戸芸術工科大 芸術工学部 メディア芸術学科 
3701180100,神戸国際大学 経済 経済経営,神戸国際大 経済学部 経済経営学科 
3701180200,神戸国際大学 経済 国際文化ビジ,神戸国際大 経済学部 国際文化ビジネス・観光学科 
3701640101,神戸国際大学 リハビリ 理学療法,神戸国際大 リハビリテーション学部 理学療法学科 
3702010201,神戸女学院大学 文 総合文化,神戸女学院大 文学部 総合文化学科 
3702030101,神戸女学院大学 心理 心理,神戸女学院大 心理学部 心理学科 
3702330101,神戸女学院大学 国際 英語,神戸女学院大 国際学部 英語学科 
3702330201,神戸女学院大学 国際 グローバルス,神戸女学院大 国際学部 グローバル・スタディーズ学科 
3702370501,神戸女学院大学 生命環境 生命環境,神戸女学院大 生命環境学部 生命環境学科 
3702830701,神戸女学院大学 音楽 音楽／音楽表,神戸女学院大 音楽学部 音楽学科 音楽表現専攻 
3702830802,神戸女学院大学 音楽 音楽／音楽キ,神戸女学院大 音楽学部 音楽学科 音楽キャリアデザイン専攻 
3703010202,神戸女子大学 文 史学,神戸女子大 文学部 史学科 
3703010602,神戸女子大学 文 日本語日本文,神戸女子大 文学部 日本語日本文学科 
3703010702,神戸女子大学 文 英語英米文,神戸女子大 文学部 英語英米文学科 
3703010802,神戸女子大学 文 国際教養,神戸女子大 文学部 国際教養学科 
3703030102,神戸女子大学 心理 心理,神戸女子大 心理学部 心理学科 
3703300102,神戸女子大学 教育 教育,神戸女子大 教育学部 教育学科 
3703640102,神戸女子大学 健康福祉 社会福祉,神戸女子大 神戸女子大学 健康福祉 社会福祉
3703640201,神戸女子大学 健康福祉 健康スポーツ,神戸女子大 神戸女子大学 健康福祉 健康スポーツ
3703650101,神戸女子大学 看護 看護,神戸女子大 看護学部 看護学科 
3703790100,神戸女子大学 家政 家政,神戸女子大 家政学部 家政学科 
3703790202,神戸女子大学 家政 管理栄養士,神戸女子大 家政学部 管理栄養士養成課程 
3704610201,神戸薬科大学 薬 薬,神戸薬大 薬学部 薬学科 
3705010902,神戸松蔭大学 文 人文社会,神戸松蔭大 文学部 人文社会学科 
3705011002,神戸松蔭大学 文 グローバルコ,神戸松蔭大 文学部 グローバルコミュニケーション学科 
3705300103,神戸松蔭大学 教育 教育発達,神戸松蔭大 神戸松蔭大学 教育 教育発達
3705370101,神戸松蔭大学 人間科学 心理,神戸松蔭大 人間科学部 心理学科 
3705370402,神戸松蔭大学 人間科学 ファッション,神戸松蔭大 人間科学部 ファッション・ウェルネスデザイン学科 
3705370603,神戸松蔭大学 人間科学 人間科学,神戸松蔭大 人間科学部 人間科学科 
3706010502,神戸親和大学 文 国際文化,神戸親和大 文学部 国際文化学科 
3706010801,神戸親和大学 文 心理,神戸親和大 神戸親和大学 文 心理
3706300101,神戸親和大学 教育 スポーツ教育,神戸親和大 教育学部 スポーツ教育学科 
3706300201,神戸親和大学 教育 教育,神戸親和大 教育学部 教育学科 
3708190102,園田学園大学 経営 ビジネス,園田学園大 経営学部 ビジネス学科 
3708640201,園田学園大学 人間健康 食マネジメン,園田学園大 人間健康学部 食マネジメント学科 
3708640401,園田学園大学 人間健康 人間看護,園田学園大 人間健康学部 人間看護学科 
3708640501,園田学園大学 人間健康 総合／養護,園田学園大 人間健康学部 総合健康学科 養護コース 
3708640601,園田学園大学 人間健康 総合／健康ス,園田学園大 人間健康学部 総合健康学科 健康スポーツコース 
3708790101,園田学園大学 こども こども,園田学園大 こども学部 こども学科 
3709640101,宝塚大学 看護 看護,宝塚大 看護学部 看護学科 
3709850101,宝塚大学 東京メデ メディア芸術,宝塚大 東京メディア芸術学部 メディア芸術学科 
3710640103,姫路獨協大学 医療保健 理学療法,姫路獨協大 医療保健学部 理学療法学科 
3710640203,姫路獨協大学 医療保健 作業療法,姫路獨協大 医療保健学部 作業療法学科 
3710640303,姫路獨協大学 医療保健 言語聴覚療法,姫路獨協大 医療保健学部 言語聴覚療法学科 
3710640502,姫路獨協大学 医療保健 臨床工,姫路獨協大 医療保健学部 臨床工学科 
3710650101,姫路獨協大学 看護 看護,姫路獨協大 看護学部 看護学科 
3710910301,姫路獨協大学 人間社会 産業経営学類,姫路獨協大 人間社会学群 産業経営学類 
3711550100,兵庫医科大学 医 医,兵庫医大 医学部 医学科 
3711610101,兵庫医科大学 薬 医療薬,兵庫医大 薬学部 医療薬学科 
3711640101,兵庫医科大学 看護 看護,兵庫医大 看護学部 看護学科 
3711650101,兵庫医科大学 リハビリ 理学療法,兵庫医大 リハビリテーション学部 理学療法学科 
3711650201,兵庫医科大学 リハビリ 作業療法,兵庫医大 リハビリテーション学部 作業療法学科 
3712220102,兵庫大学 現代ビジ 現代ビジネス,兵庫大 現代ビジネス学部 現代ビジネス学科 
3712300102,兵庫大学 教育 教育,兵庫大 教育学部 教育学科 
3712640101,兵庫大学 健康科学 栄養,兵庫大 健康科学部 栄養学科 
3712640201,兵庫大学 健康科学 健康スポーツ,兵庫大 健康科学部 健康スポーツ学科 
3712650102,兵庫大学 生涯福祉 社会福祉,兵庫大 生涯福祉学部 社会福祉学科 
3712660102,兵庫大学 看護 看護,兵庫大 看護学部 看護学科 
3713010401,武庫川女子大学 文 日本語日本文,武庫川女子大 文学部 日本語日本文学科 
3713010901,武庫川女子大学 文 歴史文化,武庫川女子大 文学部 歴史文化学科 
3713011001,武庫川女子大学 文 英語／英語文,武庫川女子大 文学部 英語グローバル学科 英語文化専攻 
3713011101,武庫川女子大学 文 英語／グロー,武庫川女子大 文学部 英語グローバル学科 グローバル・コミュニケーション専攻 
3713030102,武庫川女子大学 心理社会 心理,武庫川女子大 心理・社会福祉学部 心理学科 
3713030202,武庫川女子大学 心理社会 社会福祉,武庫川女子大 心理・社会福祉学部 社会福祉学科 
3713190101,武庫川女子大学 経営 経営,武庫川女子大 経営学部 経営学科 
3713270102,武庫川女子大学 社会情報 社会／情報メ,武庫川女子大 社会情報学部 社会情報学科 社会・メディア専攻 
3713270202,武庫川女子大学 社会情報 社会／情報サ,武庫川女子大 社会情報学部 社会情報学科 コンピュータ・ＡＩ専攻 
3713300101,武庫川女子大学 教育 教育,武庫川女子大 教育学部 教育学科 
3713470101,武庫川女子大学 建築 建築,武庫川女子大 建築学部 建築学科 
3713470201,武庫川女子大学 建築 景観建築,武庫川女子大 建築学部 景観建築学科 
3713610201,武庫川女子大学 薬 薬,武庫川女子大 薬学部 薬学科 
3713610301,武庫川女子大学 薬 健康生命薬科,武庫川女子大 薬学部 健康生命薬科学科 
3713640101,武庫川女子大学 健康スポ 健康・スポー,武庫川女子大 健康・スポーツ科学部 健康・スポーツ科学科 
3713640202,武庫川女子大学 健康スポ スポーツマネ,武庫川女子大 健康・スポーツ科学部 スポーツマネジメント学科 
3713650101,武庫川女子大学 看護 看護,武庫川女子大 看護学部 看護学科 
3713790201,武庫川女子大学 生活環境 生活環境,武庫川女子大 生活環境学部 生活環境学科 
3713800101,武庫川女子大学 食物栄養 食物栄養,武庫川女子大 食物栄養科学部 食物栄養学科 
3713800201,武庫川女子大学 食物栄養 食創造科学,武庫川女子大 食物栄養科学部 食創造科学科 
3713810101,武庫川女子大学 環境共生 環境共生,武庫川女子大 環境共生学部 環境共生学科 
3713830904,武庫川女子大学 音楽 演奏,武庫川女子大 音楽学部 演奏学科 
3713831001,武庫川女子大学 音楽 応用音楽,武庫川女子大 音楽学部 応用音楽学科 
3714180101,流通科学大学 経済 経済,流通科学大 経済学部 経済学科 
3714180201,流通科学大学 経済 経済情報,流通科学大 経済学部 経済情報学科 
3714200101,流通科学大学 商 経営,流通科学大 商学部 経営学科 
3714200601,流通科学大学 商 マーケティン,流通科学大 商学部 マーケティング学科 
3714270101,流通科学大学 人間社会 心理社会,流通科学大 人間社会学部 心理社会学科 
3714270201,流通科学大学 人間社会 観光,流通科学大 人間社会学部 観光学科 
3714270301,流通科学大学 人間社会 人間健康,流通科学大 人間社会学部 人間健康学科 
3715260100,関西福祉大学 社会福祉 社会福祉,関西福祉大 社会福祉学部 社会福祉学科 
3715300101,関西福祉大学 教育 児童教育,関西福祉大 教育学部 児童教育学科 
3715300201,関西福祉大学 教育 保健教育,関西福祉大 教育学部 保健教育学科 
3715640101,関西福祉大学 看護 看護,関西福祉大 看護学部 看護学科 
3716030100,関西国際大学 心理 心理,関西国際大 心理学部 心理学科 
3716190803,関西国際大学 経営 経営,関西国際大 経営学部 経営学科 
3716300603,関西国際大学 教育 教育福祉,関西国際大 教育学部 教育福祉学科 
3716330103,関西国際大学 グローバ グローバル,関西国際大 グローバル学部 グローバル学科 
3716390103,関西国際大学 情報 情報デザイン,関西国際大 情報学部 情報デザイン学科 
3716640104,関西国際大学 保健医療 看護,関西国際大 保健医療学部 看護学科 
3718270105,神戸医療未来大学 人間社会 未来社会,神戸医療未来大 人間社会学部 未来社会学科 
3718270305,神戸医療未来大学 人間社会 経営デ・大阪,神戸医療未来大 人間社会学部 経営データビジネス学科大阪天王寺 
3718270401,神戸医療未来大学 人間社会 経営デ・姫路,神戸医療未来大 人間社会学部 経営データビジネス学科姫路 
3718640101,神戸医療未来大学 健康スポ 健康スポーツ,神戸医療未来大 健康スポーツ学部 健康スポーツコミュニケーション学科 
3720640101,関西看護医療大学 看護 看護,関西看護医療大 看護学部 看護学科 
3722300301,姫路大学 教育 こども未来,姫路大 教育学部 こども未来学科 
3722640103,姫路大学 看護 看護,姫路大 看護学部 看護学科 
3724300101,神戸常盤大学 教育 こども教育,神戸常盤大 教育学部 こども教育学科 
3724640201,神戸常盤大学 保健科学 医療検査,神戸常盤大 保健科学部 医療検査学科 
3724640301,神戸常盤大学 保健科学 診療放射線,神戸常盤大 保健科学部 診療放射線学科 
3724640401,神戸常盤大学 保健科学 口腔保健,神戸常盤大 保健科学部 口腔保健学科 
3724650101,神戸常盤大学 看護 看護,神戸常盤大 看護学部 看護学科 
3725270101,宝塚医療大学 観光 観光,宝塚医療大 観光学部 観光学科 
3725640101,宝塚医療大学 保健医療 理学療法,宝塚医療大 保健医療学部 理学療法学科 
3725640401,宝塚医療大学 保健医療 鍼灸,宝塚医療大 保健医療学部 鍼灸学科 
3725640501,宝塚医療大学 保健医療 柔道整復,宝塚医療大 保健医療学部 柔道整復学科 
3725640601,宝塚医療大学 保健医療 口腔保健,宝塚医療大 保健医療 口腔保健 '28 0
3725650201,宝塚医療大学 和歌山保 リハ／理学療,宝塚医療大 和歌山保健医療学部 リハビリテーション学科 理学療法学専攻 
3725650301,宝塚医療大学 和歌山保 リハ／作業療,宝塚医療大 和歌山保健医療学部 リハビリテーション学科 作業療法学専攻 
3725650401,宝塚医療大学 和歌山保 看護,宝塚医療大 和歌山保健医療学部 看護学科 
3731010101,帝塚山大学 文 日本文化,帝塚山大 文学部 日本文化学科 
3731040103,帝塚山大学 心理 心理,帝塚山大 心理学部 心理学科 
3731120103,帝塚山大学 法 法,帝塚山大 法学部 法学科 
3731220101,帝塚山大学 経済経営 経済経営,帝塚山大 経済経営学部 経済経営学科 
3731300101,帝塚山大学 教育 こども教育,帝塚山大 教育学部 こども教育学科 
3731790103,帝塚山大学 現代生活 食物栄養,帝塚山大 現代生活学部 食物栄養学科 
3731790203,帝塚山大学 現代生活 居住空間デザ,帝塚山大 現代生活学部 居住空間デザイン学科 
3732020101,天理大学 人文 宗教,天理大 人文学部 宗教学科 
3732020201,天理大学 人文 国文学国語,天理大 人文学部 国文学国語学科 
3732020301,天理大学 人文 歴史文化,天理大 人文学部 歴史文化学科 
3732020401,天理大学 人文 心理,天理大 人文学部 心理学科 
3732020501,天理大学 人文 社会教育,天理大 人文学部 社会教育学科 
3732020601,天理大学 人文 社会福祉,天理大 人文学部 社会福祉学科 
3732340601,天理大学 国際 外国語,天理大 国際学部 外国語学科 
3732340701,天理大学 国際 韓国・朝鮮語,天理大 国際学部 韓国・朝鮮語学科 
3732340801,天理大学 国際 中国語,天理大 国際学部 中国語学科 
3732340901,天理大学 国際 英米語,天理大 国際学部 英米語学科 
3732341001,天理大学 国際 国際文化,天理大 国際学部 国際文化学科 
3732640102,天理大学 体育 体育,天理大 体育学部 体育学科 
3732650102,天理大学 医療 看護,天理大 医療学部 看護学科 
3732650202,天理大学 医療 臨床検査,天理大 医療学部 臨床検査学科 
3733010103,奈良大学 文 国文,奈良大 文学部 国文学科 
3733010203,奈良大学 文 史学,奈良大 文学部 史学科 
3733010303,奈良大学 文 地理,奈良大 文学部 地理学科 
3733010403,奈良大学 文 文化財,奈良大 文学部 文化財学科 
3733250303,奈良大学 社会 心理,奈良大 社会学部 心理学科 
3733250403,奈良大学 社会 総合社会,奈良大 社会学部 総合社会学科 
3734310201,奈良学園大学 人間教育 人間／人間教,奈良学園大 人間教育学部 人間教育学科 人間教育学専攻 
3734310401,奈良学園大学 人間教育 人間／中等数,奈良学園大 人間教育学部 人間教育学科 中等数学・音楽専攻 中等数学専修
3734310501,奈良学園大学 人間教育 人間／中等音,奈良学園大 人間教育学部 人間教育学科 中等数学・音楽専攻 中等音楽専修
3734640102,奈良学園大学 保健医療 看護,奈良学園大 保健医療学部 看護学科 
3734640201,奈良学園大学 保健医療 リハ／理学療,奈良学園大 保健医療学部 リハビリテーション学科 理学療法学専攻 
3734640301,奈良学園大学 保健医療 リハ／作業療,奈良学園大 保健医療学部 リハビリテーション学科 作業療法学専攻 
3735300100,畿央大学 教育 現代教育,畿央大 教育学部 現代教育学科 
3735640100,畿央大学 健康科学 理学療法,畿央大 健康科学部 理学療法学科 
3735640400,畿央大学 健康科学 健康栄養,畿央大 健康科学部 健康栄養学科 
3735640600,畿央大学 健康科学 看護医療,畿央大 健康科学部 看護医療学科 
3735650101,畿央大学 健康工 建築・造形デ,畿央大畿央大学 健康工 建築・造形デ
3735650201,畿央大学 健康工 健康イノベー,畿央大畿央大学 健康工 健康イノベー
3746010901,高野山大学 文 密教,高野山大 文学部 密教学科 
3747300102,和歌山信愛大学 教育 子ども教育,和歌山信愛大 教育学部 子ども教育学科 
3748640101,和歌山リハビリテーション専門職大学 健康科学 リハ／理学療,和歌山リハ職大 健康科学部 リハビリテーション学科 理学療法学専攻 
3748640201,和歌山リハビリテーション専門職大学 健康科学 リハ／作業療,和歌山リハ職大 健康科学部 リハビリテーション学科 作業療法学専攻 
3757640101,鳥取看護大学 看護 看護,鳥取看護大 看護学部 看護学科 
3776120101,岡山商科大学 法 法,岡山商大 法学部 法学科 
3776180101,岡山商科大学 経済 経済,岡山商大 経済学部 経済学科 
3776190101,岡山商科大学 経営 経営,岡山商大 経営学部 経営学科 
3776190301,岡山商科大学 経営 商／ファイナ,岡山商大 経営学部 商学科 ファイナンシャル・プランニングコース 
3776190401,岡山商科大学 経営 商,岡山商大 経営学部 商学科 
3777190101,岡山理科大学 経営 経営,岡山理大 経営学部 経営学科 
3777300502,岡山理科大学 教育 初等教育,岡山理大 教育学部 初等教育学科 
3777300701,岡山理科大学 教育 中等教育,岡山理大 教育学部 中等教育学科 
3777420301,岡山理科大学 理 物理,岡山理大 理学部 物理学科 
3777420401,岡山理科大学 理 化学,岡山理大 理学部 化学科 
3777420501,岡山理科大学 理 基礎理,岡山理大 理学部 基礎理学科 
3777420701,岡山理科大学 理 応用数,岡山理大 理学部 応用数学科 
3777421101,岡山理科大学 理 動物,岡山理大 理学部 動物学科 
3777430101,岡山理科大学 生物地球 生物地球,岡山理大 生物地球学部 生物地球学科 
3777430201,岡山理科大学 生物地球 恐竜,岡山理大 生物地球学部 恐竜学科 
3777460501,岡山理科大学 工 情報工,岡山理大 工学部 情報工学科 
3777460601,岡山理科大学 工 電気電子シス,岡山理大 工学部 電気電子システム学科 
3777460701,岡山理科大学 工 応用化,岡山理大 工学部 応用化学科 
3777460801,岡山理科大学 工 機械シス工,岡山理大 工学部 機械システム工学科 
3777461301,岡山理科大学 工 建築,岡山理大 工学部 建築学科 
3777470101,岡山理科大学 情報理工 情報理工,岡山理大 情報理工学部 情報理工学科 
3777740102,岡山理科大学 獣医 獣医,岡山理大 獣医学部 獣医学科 
3777740202,岡山理科大学 獣医 獣医保健看護,岡山理大 獣医学部 獣医保健看護学科 
3777750101,岡山理科大学 生命科学 生物／バイオ,岡山理大 生命科学部 生物科学科 バイオサイエンスコース 
3777750201,岡山理科大学 生命科学 生物／生物生,岡山理大 生命科学部 生物科学科 生物生産コース 
3777750301,岡山理科大学 生命科学 生物／コスメ,岡山理大 生命科学部 生物科学科 コスメ・食品コース 
3777750401,岡山理科大学 生命科学 生物／環境科,岡山理大 生命科学部 生物科学科 環境科学コース 
3777750501,岡山理科大学 生命科学 生物／医用生,岡山理大 生命科学部 生物科学科 医用生物学コース 
3777750601,岡山理科大学 生命科学 医療技術,岡山理大 生命科学部 医療技術学科 
3777880000,岡山理科大学 アクティ ,岡山理大 アクティブラーナーズコース 
3778550100,川崎医科大学 医 医,川崎医大 医学部 医学科 
3779640100,川崎医療福祉大学 医療福祉 医療福祉,川崎医療福祉大 医療福祉学部 医療福祉学科 
3779640300,川崎医療福祉大学 医療福祉 臨床心理,川崎医療福祉大 医療福祉学部 臨床心理学科 
3779640601,川崎医療福祉大学 医療福祉 医療保育,川崎医療福祉大 医療福祉学部 医療保育学科 
3779650400,川崎医療福祉大学 医療技術 健康体育,川崎医療福祉大 医療技術学部 健康体育学科 
3779650700,川崎医療福祉大学 医療技術 臨床栄養,川崎医療福祉大 医療技術学部 臨床栄養学科 
3779650801,川崎医療福祉大学 医療技術 臨床工,川崎医療福祉大 医療技術学部 臨床工学科 
3779650901,川崎医療福祉大学 医療技術 臨床検査,川崎医療福祉大 医療技術学部 臨床検査学科 
3779651001,川崎医療福祉大学 医療技術 診療放射技術,川崎医療福祉大 医療技術学部 診療放射線技術学科 
3779660201,川崎医療福祉大学 医療マネ 医療コミュニ,川崎医療福祉大 医療福祉マネジメント学部 医療コミュニケーション学科 
3779660304,川崎医療福祉大学 医療マネ 医療福祉デザ,川崎医療福祉大 医療福祉マネジメント学部 医療福祉デザイン学科 
3779660401,川崎医療福祉大学 医療マネ 医療データサ,川崎医療福祉大 医療福祉マネジメント学部 医療データサイエンス学科 
3779670101,川崎医療福祉大学 保健看護 保健看護,川崎医療福祉大 保健看護学部 保健看護学科 
3779680101,川崎医療福祉大学 リハビリ 理学療法,川崎医療福祉大 リハビリテーション学部 理学療法学科 
3779680201,川崎医療福祉大学 リハビリ 作業療法,川崎医療福祉大 リハビリテーション学部 作業療法学科 
3779680301,川崎医療福祉大学 リハビリ 言語聴覚療法,川崎医療福祉大 リハビリテーション学部 言語聴覚療法学科 
3779680401,川崎医療福祉大学 リハビリ 視能療法,川崎医療福祉大 リハビリテーション学部 視能療法学科 
3780080101,吉備国際大学 外国語 外国,吉備国際大 外国語 外国 '33 0
3780270101,吉備国際大学 社会科学 経営社会,吉備国際大 社会科学部 経営社会学科 
3780270301,吉備国際大学 社会科学 スポーツ社会,吉備国際大 社会科学部 スポーツ社会学科 
3780370101,吉備国際大学 人間科学 人間／心理学,吉備国際大 人間科学部 人間科学科 心理学専攻 
3780370201,吉備国際大学 人間科学 人間／理学療,吉備国際大 人間科学部 人間科学科 理学療法学専攻 
3780370301,吉備国際大学 人間科学 人間／作業療,吉備国際大 人間科学部 人間科学科 作業療法学専攻 
3780640101,吉備国際大学 看護 看護,吉備国際大 看護学部 看護学科 
3780720101,吉備国際大学 農 農業資源生物,吉備国際大 農学部 農業資源生物学科 
3780720301,吉備国際大学 農 海洋水産生物,吉備国際大 農学部 海洋水産生物学科 
3780720401,吉備国際大学 農 アクアグリー,吉備国際大 農学部 アクアグリーンフィールド学科 
3780830101,吉備国際大学 アニメー アニメーショ,吉備国際大 アニメーション学部 アニメーション学科 
3781740104,倉敷芸術科学大学 生命科学 環境生命科学,倉敷芸術科学大 生命科学部 環境生命科学科 
3781740204,倉敷芸術科学大学 生命科学 健康科学,倉敷芸術科学大 生命科学部 健康科学科 
3781740304,倉敷芸術科学大学 生命科学 動物生命科学,倉敷芸術科学大 生命科学部 動物生命科学科 
3781740404,倉敷芸術科学大学 生命科学 生命医科学,倉敷芸術科学大 生命科学部 生命医科学科 
3781830801,倉敷芸術科学大学 芸術 芸術,倉敷芸術科学大 芸術学部 芸術学科 
3782310101,くらしき作陽大学 子ども教 子ども教育,くらしき作陽大 子ども教育学部 子ども教育学科 
3782640101,くらしき作陽大学 健康スポ 健康スポーツ,くらしき作陽大 健康スポーツ教育学部 健康スポーツ教育学科 
3782790101,くらしき作陽大学 食文化 食マネジメン,くらしき作陽大 食文化学部 食マネジメント学科 
3782790301,くらしき作陽大学 食文化 栄養,くらしき作陽大 食文化学部 栄養学科 
3782830401,くらしき作陽大学 音楽 音楽／モスク,くらしき作陽大 音楽学部 音楽学科 モスクワ音楽院特別演奏コース 
3782830501,くらしき作陽大学 音楽 音楽／演奏芸,くらしき作陽大 音楽学部 音楽学科 演奏芸術コース 
3782830601,くらしき作陽大学 音楽 音楽／教育文,くらしき作陽大 音楽学部 音楽学科 教育文化コース 
3783210101,山陽学園大学 地域マネ 地域マネジメ,山陽学園大 地域経営学部 地域経営学科 
3783370101,山陽学園大学 総合人間 ビジネス心理,山陽学園大 総合人間学部 ビジネス心理学科 
3783370201,山陽学園大学 総合人間 言語文化,山陽学園大 総合人間学部 言語文化学科 
3783640101,山陽学園大学 看護 看護,山陽学園大 看護学部 看護学科 
3784030102,就実大学 人文科学 実践英語,就実大 人文科学部 実践英語学科 
3784030202,就実大学 人文科学 総合歴史,就実大 人文科学部 総合歴史学科 
3784030302,就実大学 人文科学 表現文化,就実大 人文科学部 表現文化学科 
3784040102,就実大学 心理 心理,就実大 心理学部 心理学科 
3784190102,就実大学 経営 経営,就実大 経営学部 経営学科 
3784300102,就実大学 教育 教育,就実大 教育学部 教育学科 
3784610302,就実大学 薬 薬,就実大 薬学部 薬学科 
3785010102,ノートルダム清心女子大学 文 英語英文,清心女子大 文学部 英語英文学科 
3785010202,ノートルダム清心女子大学 文 日本語日本文,清心女子大 文学部 日本語日本文学科 
3785010301,ノートルダム清心女子大学 文 現代社会,清心女子大 文学部 現代社会学科 
3785330101,ノートルダム清心女子大学 国際文化 国際文化,清心女子大 国際文化学部 国際文化学科 
3785370101,ノートルダム清心女子大学 情報デザ 情報デザイン,清心女子大 情報デザイン学部 情報デザイン学科 
3785790102,ノートルダム清心女子大学 人間生活 人間生活,清心女子大 人間生活学部 人間生活学科 
3785790202,ノートルダム清心女子大学 人間生活 児童,清心女子大 人間生活学部 児童学科 
3785790602,ノートルダム清心女子大学 人間生活 食品栄養,清心女子大 人間生活学部 食品栄養学科 
3786790102,美作大学 生活科学 食物,美作大 生活科学部 食物学科 
3786790202,美作大学 生活科学 児童,美作大 生活科学部 児童学科 
3786790601,美作大学 生活科学 社会福祉,美作大 生活科学部 社会福祉学科 
3787790101,岡山学院大学 デジタル フードマネジ,岡山学院大 岡山学院大学 デジタル フードマネジ
3788370101,中国学園大学 国際教養 国際教養,中国学園大 国際教養学部 国際教養学科 
3788790101,中国学園大学 現代生活 人間栄養,中国学園大 現代生活学部 人間栄養学科 
3788800101,中国学園大学 子ども 子ども,中国学園大 子ども学部 子ども学科 
3789210401,環太平洋大学 経済経営 現代経営,環太平洋大 経済経営学部 現代経営学科 
3789220101,環太平洋大学 国際経済 国際経済経営,環太平洋大 国際経済経営学部 国際経済経営学科 
3789310101,環太平洋大学 次世代教 こども発達,環太平洋大 次世代教育学部 こども発達学科 
3789310201,環太平洋大学 次世代教 教育,環太平洋大 次世代教育学部 教育学科 
3789640101,環太平洋大学 体育 体育,環太平洋大 体育学部 体育学科 
3789640201,環太平洋大学 体育 健康科学,環太平洋大 体育学部 健康科学科 
3789640401,環太平洋大学 体育 競技スポーツ,環太平洋大 体育学部 競技スポーツ科学科 
3790640102,岡山医療専門職大学 健康科学 理学療法,岡山医療職大 健康科学部 理学療法学科 
3790640202,岡山医療専門職大学 健康科学 作業療法,岡山医療職大 健康科学部 作業療法学科 
3796830500,エリザベト音楽大学 音楽 音楽文化,エリザベト音大 音楽学部 音楽文化学科 
3796830600,エリザベト音楽大学 音楽 演奏,エリザベト音大 音楽学部 演奏学科 
3797030101,広島文化学園大学 学芸 子ども,広島文化学園大 学芸学部 子ども教育学科 
3797030201,広島文化学園大学 学芸 音楽,広島文化学園大 学芸学部 音楽学科 
3797640101,広島文化学園大学 看護 看護,広島文化学園大 看護学部 看護学科 
3797650101,広島文化学園大学 人間健康 スポーツ健康,広島文化学園大 人間健康学部 スポーツ健康福祉学科 
3798030401,比治山大学 現代文化 言語文化,比治山大 現代文化学部 言語文化学科 
3798030601,比治山大学 現代文化 マスコミュニ,比治山大 現代文化学部 社会デザイン学科 
3798030701,比治山大学 現代文化 社会臨床心理,比治山大 現代文化学部 社会臨床心理学科 
3798030801,比治山大学 現代文化 子ども発達教,比治山大 現代文化学部 子ども発達教育学科 
3798640101,比治山大学 健康栄養 健康栄養,比治山大 健康栄養学部 健康栄養学科 
3799180201,広島経済大学 経済 経済,広島経大 経済学部 経済学科 
3799190101,広島経済大学 経営 経営,広島経大 経営学部 経営学科 
3799190201,広島経済大学 経営 スポーツ経営,広島経大 経営学部 スポーツ経営学科 
3799210101,広島経済大学 メディア ビジネス情報,広島経大 メディアビジネス学部 ビジネス情報学科 
3799210201,広島経済大学 メディア メディアビジ,広島経大 メディアビジネス学部 メディアビジネス学科 
3800460302,広島工業大学 工 電気シス工,広島工大 工学部 電気システム工学科 
3800460602,広島工業大学 工 機械情報工,広島工大 工学部 機械情報工学科 
3800460801,広島工業大学 工 建築工,広島工大 工学部 建築工学科 
3800461001,広島工業大学 工 環境土木工,広島工大 工学部 環境土木工学科 
3800461101,広島工業大学 工 電子／電子情,広島工大 工学部 電子情報工学科 電子情報工学コース 
3800461201,広島工業大学 工 電子／臨床工,広島工大 工学部 電子情報工学科 臨床工学コース 
3800470401,広島工業大学 環境 地球環境,広島工大 環境学部 地球環境学科 
3800470501,広島工業大学 環境 建築デザイン,広島工大 環境学部 建築デザイン学科 
3800470601,広島工業大学 環境 食健康科学,広島工大 環境学部 食健康科学科 
3800480101,広島工業大学 情報 情報工,広島工大 情報学部 情報工学科 
3800480501,広島工業大学 情報 情報システム,広島工大 情報学部 情報システム学科 
3800480601,広島工業大学 情報 情報マネジメ,広島工大 情報学部 情報マネジメント学科 
3801020106,広島修道大学 人文 英語英文,広島修道大 人文学部 英語英文学科 
3801020506,広島修道大学 人文 教育,広島修道大 人文学部 教育学科 
3801020606,広島修道大学 人文 社会,広島修道大 人文学部 社会学科 
3801120206,広島修道大学 法 法律,広島修道大 法学部 法律学科 
3801200206,広島修道大学 商 経営,広島修道大 商学部 経営学科 
3801200306,広島修道大学 商 商,広島修道大 商学部 商学科 
3801210106,広島修道大学 経済科学 現代経済,広島修道大 経済科学部 現代経済学科 
3801210207,広島修道大学 経済科学 経済情報,広島修道大 経済科学部 経済情報学科 
3801270107,広島修道大学 国際コミ 国際政治,広島修道大 国際コミュニティ学部 国際政治学科 
3801270207,広島修道大学 国際コミ 地域行政,広島修道大 国際コミュニティ学部 地域行政学科 
3801370106,広島修道大学 人間環境 人間環境,広島修道大 広島修道大学 人間環境 人間環境
3801640107,広島修道大学 健康科学 心理,広島修道大 健康科学部 心理学科 
3801640207,広島修道大学 健康科学 健康栄養,広島修道大 健康科学部 健康栄養学科 
3802020101,広島女学院大学 人文 国際英語,広島女学院大広島女学院大学 人文 国際英語
3802020201,広島女学院大学 人文 日本文化,広島女学院大広島女学院大学 人文 日本文化
3802800103,広島女学院大学 人間生活 生活デザイン,広島女学院大 人間生活学部 生活デザイン学科 
3802800203,広島女学院大学 人間生活 管理栄養,広島女学院大 人間生活学部 管理栄養学科 
3802800401,広島女学院大学 人間生活 児童教育,広島女学院大 人間生活学部 子ども教育学科 
3804300100,広島文教大学 教育 教育／初等教,広島文教大 教育学部 教育学科 初等教育専攻 
3804300200,広島文教大学 教育 教育／中等教,広島文教大 教育学部 教育学科 中等教育専攻 
3804370102,広島文教大学 人間科学 グローバルコ,広島文教大 人間科学部 グローバルコミュニケーション学科 
3804370402,広島文教大学 人間科学 人間福祉,広島文教大 人間科学部 人間福祉学科 
3804370502,広島文教大学 人間科学 心理,広島文教大 人間科学部 心理学科 
3804370601,広島文教大学 人間科学 人間栄養,広島文教大 人間科学部 人間栄養学科 
3805180100,福山大学 経済 経済,福山大 経済学部 経済学科 
3805180200,福山大学 経済 国際経済,福山大 経済学部 国際経済学科 
3805180301,福山大学 経済 税務会計,福山大 経済学部 税務会計学科 
3805370100,福山大学 人間文化 人間文化,福山大 人間文化学部 人間文化学科 
3805370301,福山大学 人間文化 心理,福山大 人間文化学部 心理学科 
3805370401,福山大学 人間文化 メディア・映,福山大 人間文化学部 メディア・映像学科 
3805460100,福山大学 工 機械シス工,福山大 工学部 機械システム工学科 
3805460400,福山大学 工 情報工,福山大 工学部 情報工学科 
3805460600,福山大学 工 電気電子工,福山大 工学部 電気電子工学科 
3805460901,福山大学 工 建築,福山大 工学部 建築学科 
3805470100,福山大学 生命工 生物科学,福山大 生命工学部 生物科学科 
3805470300,福山大学 生命工 海洋生物科学,福山大 生命工学部 海洋生物科学科 
3805470401,福山大学 生命工 健康栄養科学,福山大 生命工学部 健康栄養科学科 
3805610201,福山大学 薬 薬,福山大 薬学部 薬学科 
3806190100,福山平成大学 経営 経営,福山平成大 経営学部 経営学科 
3806640101,福山平成大学 福祉健康 福祉,福山平成大 福祉健康学部 福祉学科 
3806640201,福山平成大学 福祉健康 健康スポーツ,福山平成大 福祉健康学部 健康スポーツ科学科 
3806640501,福山平成大学 福祉健康 こども,福山平成大 福祉健康学部 こども学科 
3806650101,福山平成大学 看護 看護,福山平成大 看護学部 看護学科 
3807010101,安田女子大学 文 英語英米文,安田女子大 文学部 英語英米文学科 
3807010301,安田女子大学 文 日本文,安田女子大 文学部 日本文学科 
3807010801,安田女子大学 文 書道,安田女子大 文学部 書道学科 
3807030101,安田女子大学 心理 現代心理,安田女子大 心理学部 現代心理学科 
3807030201,安田女子大学 心理 ビジネス心理,安田女子大 心理学部 ビジネス心理学科 
3807210100,安田女子大学 現代ビジ 現代ビジネス,安田女子大 現代ビジネス学部 現代ビジネス学科 
3807210201,安田女子大学 現代ビジ 国際観光ビジ,安田女子大 現代ビジネス学部 国際観光ビジネス学科 
3807210301,安田女子大学 現代ビジ 公共経営,安田女子大 現代ビジネス学部 公共経営学科 
3807300101,安田女子大学 教育 児童教育,安田女子大 教育学部 児童教育学科 
3807300201,安田女子大学 教育 幼児教育,安田女子大 教育学部 幼児教育学科 
3807470101,安田女子大学 理工 生物科学,安田女子大 理工学部 生物科学科 
3807470201,安田女子大学 理工 情報科学,安田女子大 理工学部 情報科学科 
3807470301,安田女子大学 理工 建築,安田女子大 理工学部 建築学科 
3807610101,安田女子大学 薬 薬,安田女子大 薬学部 薬学科 
3807640101,安田女子大学 看護 看護,安田女子大 看護学部 看護学科 
3807790101,安田女子大学 家政 生活デザイン,安田女子大 家政学部 生活デザイン学科 
3807790201,安田女子大学 家政 管理栄養,安田女子大 家政学部 管理栄養学科 
3807790302,安田女子大学 家政 造形デザイン,安田女子大 家政学部 造形デザイン学科 
3808610101,広島国際大学 薬 薬,広島国際大 薬学部 薬学科 
3808640201,広島国際大学 保健医療 診療放射線,広島国際大 保健医療学部 診療放射線学科 
3808640901,広島国際大学 保健医療 医療／臨床工,広島国際大 保健医療学部 医療技術学科 臨床工学専攻 
3808641001,広島国際大学 保健医療 医療／臨床検,広島国際大 保健医療学部 医療技術学科 臨床検査学専攻 
3808641201,広島国際大学 保健医療 救急救命,広島国際大 保健医療学部 救急救命学科 
3808660101,広島国際大学 看護 看護,広島国際大 看護学部 看護学科 
3808670101,広島国際大学 総合リハ リハ／理学療,広島国際大 総合リハビリテーション学部 リハビリテーション学科 理学療法学専攻 
3808670201,広島国際大学 総合リハ リハ／作業療,広島国際大 総合リハビリテーション学部 リハビリテーション学科 作業療法学専攻 
3808670301,広島国際大学 総合リハ リハ／言語聴,広島国際大 総合リハビリテーション学部 リハビリテーション学科 言語聴覚療法学専攻 
3808670701,広島国際大学 総合リハ リハ／義肢装,広島国際大 総合リハビリテーション学部 リハビリテーション学科 義肢装具学専攻 
3808680101,広島国際大学 健康スポ 健康スポーツ,広島国際大 健康スポーツ学部 健康スポーツ学科 
3808690101,広島国際大学 健康科学 心理,広島国際大 健康科学部 心理学科 
3808690201,広島国際大学 健康科学 医療栄養,広島国際大 健康科学部 医療栄養学科 
3808690301,広島国際大学 健康科学 医療経営,広島国際大 健康科学部 医療経営学科 
3808690501,広島国際大学 健康科学 社会／地域創,広島国際大 健康科学部 社会学科 地域創生学専攻 
3808690601,広島国際大学 健康科学 社会／社会福,広島国際大 健康科学部 社会学科 社会福祉学専攻 
3810640100,日本赤十字広島看護大学 看護 看護,日赤広島看護大 看護学部 看護学科 
3811310101,広島都市学園大学 子ども教 子ども教育,広島都市学園大 子ども教育学部 子ども教育学科 
3811640101,広島都市学園大学 健康科学 看護,広島都市学園大 健康科学部 看護学科 
3811640201,広島都市学園大学 健康科学 リハ／理学療,広島都市学園大 健康科学部 リハビリテーション学科 理学療法学専攻 
3811640301,広島都市学園大学 健康科学 リハ／作業療,広島都市学園大 健康科学部 リハビリテーション学科 作業療法学専攻 
3816380201,東亜大学 人間科学 スポーツ健康,東亜大 人間科学部 スポーツ健康学科 
3816380301,東亜大学 人間科学 心理臨床・子,東亜大 人間科学部 心理臨床・子ども学科 
3816380401,東亜大学 人間科学 国際教養,東亜大 人間科学部 国際教養学科 
3816640101,東亜大学 医療 医療工,東亜大 医療学部 医療工学科 
3816640201,東亜大学 医療 健康栄養,東亜大 医療学部 健康栄養学科 
3816830101,東亜大学 芸術 アート・デザ,東亜大 芸術学部 アート・デザイン学科 
3816830201,東亜大学 芸術 トータルビュ,東亜大 芸術学部 トータルビューティ学科 
3818330101,梅光学院大学 国際 国際／英語コ,梅光学院大 国際学部 国際言語文化学科 英語コミュニケーション専攻 
3818330201,梅光学院大学 国際 国際／国際ビ,梅光学院大 国際学部 国際言語文化学科 国際ビジネス専攻 
3818330301,梅光学院大学 国際 国際／東アジ,梅光学院大 梅光学院大学 国際 国際／東アジ
3818330401,梅光学院大学 国際 国際／国際教,梅光学院大 国際学部 国際言語文化学科 国際教養専攻 
3818330501,梅光学院大学 国際 国際／国際観,梅光学院大 国際学部 国際言語文化学科 国際観光マネジメント専攻 
3818790201,梅光学院大学 子ども 子ど／児童教,梅光学院大 子ども学部 子ども未来学科 児童教育専攻 
3818790301,梅光学院大学 子ども 子ど／幼児保,梅光学院大 子ども学部 子ども未来学科 幼児保育専攻 
3820270101,至誠館大学 現代社会 現代社会,至誠館大 現代社会学部 現代社会学科 
3821030102,宇部フロンティア大学 心理 心理,フロンティア大 心理学部 心理学科 
3821640101,宇部フロンティア大学 看護 看護,フロンティア大 看護学部 看護学科 
3822300101,山口学芸大学 教育 教育,山口学芸大 教育学部 教育学科 
3831010101,四国大学 文 国際文化,四国大 文学部 国際文化学科 
3831010401,四国大学 文 日本文,四国大 文学部 日本文学科 
3831010501,四国大学 文 書道文化,四国大 文学部 書道文化学科 
3831210101,四国大学 経営情報 経営情報,四国大 経営情報学部 経営情報学科 
3831370101,四国大学 デジタル デジタル創生,四国大 デジタル創生学部 デジタル創生学科 
3831640101,四国大学 看護 看護,四国大 看護学部 看護学科 
3831790301,四国大学 生活科学 健康栄養,四国大 生活科学部 健康栄養学科 
3831790401,四国大学 生活科学 児童,四国大 生活科学部 児童学科 
3831790501,四国大学 生活科学 人間生活科学,四国大 生活科学部 人間生活科学科 
3832010101,徳島文理大学 文 英語英米文化,徳島文理大 文学部 英語英米文化学科 
3832010301,徳島文理大学 文 日本文,徳島文理大 文学部 日本文学科 
3832010401,徳島文理大学 文 文化財,徳島文理大 文学部 文化財学科 
3832130101,徳島文理大学 総合政策 総合政策,徳島文理大 総合政策学部 総合政策学科 
3832130202,徳島文理大学 総合政策 経営,徳島文理大 総合政策学部 経営学科 
3832470101,徳島文理大学 理工 ロボット創造,徳島文理大 理工学部 ロボット創造工学科 
3832470201,徳島文理大学 理工 電子情報工,徳島文理大 理工学部 電子情報工学科 
3832470301,徳島文理大学 理工 ナノ物質工,徳島文理大 理工学部 応用生命化学科 
3832610203,徳島文理大学 薬 薬,徳島文理大 薬学部 薬学科 
3832620102,徳島文理大学 香川薬 薬,徳島文理大 香川薬学部 薬学科 
3832640101,徳島文理大学 保健福祉 人間福祉,徳島文理大 保健福祉学部 人間福祉学科 
3832640201,徳島文理大学 保健福祉 看護,徳島文理大 保健福祉学部 看護学科 
3832640301,徳島文理大学 保健福祉 理学療法,徳島文理大 保健福祉学部 理学療法学科 
3832640401,徳島文理大学 保健福祉 診療放射線,徳島文理大 保健福祉学部 診療放射線学科 
3832640501,徳島文理大学 保健福祉 臨床工,徳島文理大 保健福祉学部 臨床工学科 
3832640601,徳島文理大学 保健福祉 口腔保健,徳島文理大 保健福祉学部 口腔保健学科 
3832790301,徳島文理大学 人間生活 児童,徳島文理大 人間生活学部 児童学科 
3832790501,徳島文理大学 人間生活 心理,徳島文理大 人間生活学部 心理学科 
3832790601,徳島文理大学 人間生活 人間生活,徳島文理大 人間生活学部 人間生活学科 
3832790701,徳島文理大学 人間生活 食物栄養,徳島文理大 人間生活学部 食物栄養学科 
3832790901,徳島文理大学 人間生活 建築デザイン,徳島文理大 人間生活学部 建築デザイン学科 
3832791101,徳島文理大学 人間生活 メディアデザ,徳島文理大 人間生活学部 メディアデザイン学科 
3832830102,徳島文理大学 音楽 音楽,徳島文理大 音楽学部 音楽学科 
3841250300,四国学院大学 社会 カルチュラル,四国学院大 社会学部 カルチュラル・マネジメント学科 
3841260101,四国学院大学 社会福祉 社会福祉,四国学院大 社会福祉学部 社会福祉学科 
3841370101,四国学院大学 現代教養 現代教養,四国学院大 現代教養学部 現代教養学科 
3842190101,高松大学 経営 経営,高松大 経営学部 経営学科 
3842370101,高松大学 発達科学 子ども発達,高松大 発達科学部 子ども発達学科 
3851640601,聖カタリナ大学 健康社会 健康スポーツ,聖カタリナ大 健康社会学部 健康スポーツ学科 
3851640901,聖カタリナ大学 健康社会 現代人間,聖カタリナ大 健康社会学部 現代人間学科 
3851650102,聖カタリナ大学 看護 看護,聖カタリナ大 看護学部 看護学科 
3852020102,松山大学 人文 英語英米文,松山大 人文学部 グローバル・コミュニケーション学科 
3852020201,松山大学 人文 社会,松山大 人文学部 社会学科 
3852120102,松山大学 法 法,松山大 法学部 法学科 
3852180102,松山大学 経済 経済,松山大 経済学部 経済学科 
3852190102,松山大学 経営 経営,松山大 経営学部 経営学科 
3852370102,松山大学 情報 情報,松山大 情報学部 情報学科 
3852610101,松山大学 薬 医療薬,松山大 薬学部 医療薬学科 
3853030101,松山東雲女子大学 人文科学 心理／子ども,松山東雲女子大 人文科学部 心理子ども学科 子ども専攻 
3853030201,松山東雲女子大学 人文科学 心理／社会福,松山東雲女子大 人文科学部 心理子ども学科 社会福祉専攻 
3853030401,松山東雲女子大学 人文科学 心理／地域イ,松山東雲女子大 人文科学部 心理子ども学科 地域イノベーション専攻 
3863640101,高知リハビリテーション専門職大学 リハビリ リハ／理学療,高知リハ職大 リハビリテーション学部 リハビリテーション学科 理学療法学専攻 
3863640201,高知リハビリテーション専門職大学 リハビリ リハ／作業療,高知リハ職大 リハビリテーション学部 リハビリテーション学科 作業療法学専攻 
3863640301,高知リハビリテーション専門職大学 リハビリ リハ／言語聴,高知リハ職大 リハビリテーション学部 リハビリテーション学科 言語聴覚学専攻 
3864640101,高知学園大学 健康科学 管理栄養,高知学園大 健康科学部 管理栄養学科 
3864640201,高知学園大学 健康科学 臨床検査,高知学園大 健康科学部 臨床検査学科 
3865640101,高知健康科学大学 健康科学 リハ／理学療,高知健康科学大 健康科学部 リハビリテーション学科 理学療法学専攻 
3865640201,高知健康科学大学 健康科学 リハ／作業療,高知健康科学大 健康科学部 リハビリテーション学科 作業療法学専攻 
3871180302,九州共立大学 経済 経済・経営,九州共立大 経済学部 経済・経営学科 
3871180401,九州共立大学 経済 地域創造,九州共立大 経済学部 地域創造学科 
3871640101,九州共立大学 スポーツ スポーツ,九州共立大 スポーツ学部 スポーツ学科 
3871640202,九州共立大学 スポーツ こどもスポー,九州共立大 スポーツ学部 こどもスポーツ教育学科 
3872120103,九州国際大学 法 法律,九州国際大 法学部 法律学科 
3872220101,九州国際大学 現代ビジ 地域経済,九州国際大 現代ビジネス学部 地域経済学科 
3872220201,九州国際大学 現代ビジ 国際社会,九州国際大 現代ビジネス学部 国際社会学科 
3873180104,九州産業大学 経済 経済,九州産大 経済学部 経済学科 
3873200303,九州産業大学 商 経営・流通,九州産大 商学部 経営・流通学科 
3873200403,九州産業大学 商 経営／グロー,九州産大 商学部 経営・流通学科 グローバル・フードビジネス・プログラム 
3873270103,九州産業大学 地域共創 観光,九州産大 地域共創学部 観光学科 
3873270203,九州産業大学 地域共創 地域づくり,九州産大 地域共創学部 地域づくり学科 
3873270303,九州産業大学 地域共創 観光／グロー,九州産大 地域共創学部 観光学科 グローバル・フードビジネス・プログラム 
3873270403,九州産業大学 地域共創 地域／グロー,九州産大 地域共創学部 地域づくり学科 グローバル・フードビジネス・プログラム 
3873330103,九州産業大学 国際文化 国際文化,九州産大 国際文化学部 国際文化学科 
3873330203,九州産業大学 国際文化 日本文化,九州産大 国際文化学部 日本文化学科 
3873330403,九州産業大学 国際文化 国際／グロー,九州産大 国際文化学部 国際文化学科 グローバル・フードビジネス・プログラム 
3873380103,九州産業大学 人間科学 臨床心理,九州産大 人間科学部 臨床心理学科 
3873380203,九州産業大学 人間科学 子ども教育,九州産大 人間科学部 子ども教育学科 
3873380303,九州産業大学 人間科学 スポーツ健康,九州産大 人間科学部 スポーツ健康科学科 
3873470104,九州産業大学 理工 情報科学,九州産大 理工学部 情報科学科 
3873470401,九州産業大学 理工 機械電気創造,九州産大 理工学部 機械電気創造工学科 
3873470501,九州産業大学 理工 スマートコミ,九州産大 理工学部 スマートコミュニケーション工学科 
3873480104,九州産業大学 建築都市 建築,九州産大 建築都市工学部 建築学科 
3873480204,九州産業大学 建築都市 住居・インテ,九州産大 建築都市工学部 住居・インテリア学科 
3873480304,九州産業大学 建築都市 都市デザイン,九州産大 建築都市工学部 都市デザイン工学科 
3873740104,九州産業大学 生命科学 生命科学,九州産大 生命科学部 生命科学科 
3873740203,九州産業大学 生命科学 生命／グロー,九州産大 生命科学部 生命科学科 グローバル・フードビジネス・プログラム 
3873830701,九州産業大学 芸術 芸術表現,九州産大 芸術学部 芸術表現学科 
3873830801,九州産業大学 芸術 写真・映像メ,九州産大 芸術学部 写真・映像メディア学科 
3873830901,九州産業大学 芸術 ビジュアルデ,九州産大 芸術学部 ビジュアルデザイン学科 
3873831001,九州産業大学 芸術 生活環境デザ,九州産大 芸術学部 生活環境デザイン学科 
3873831101,九州産業大学 芸術 ソーシャルデ,九州産大 芸術学部 ソーシャルデザイン学科 
3873831203,九州産業大学 芸術 ソー／グロー,九州産大 芸術学部 ソーシャルデザイン学科 グローバル・フードビジネス・プログラム 
3874370501,九州女子大学 人間科学 児童・幼児教,九州女子大 人間科学部 児童・幼児教育学科 
3874370601,九州女子大学 人間科学 心理・文化,九州女子大 人間科学部 心理・文化学科 
3874790401,九州女子大学 家政 栄養,九州女子大 家政学部 栄養学科 
3874790501,九州女子大学 家政 生活デザイン,九州女子大 家政学部 生活デザイン学科 
3875010301,久留米大学 文 社会福祉,久留米大久留米大学 文 社会福祉
3875010401,久留米大学 文 心理,久留米大久留米大学 文 心理
3875010501,久留米大学 文 情報社会,久留米大久留米大学 文 情報社会
3875010601,久留米大学 文 国際／英語コ,久留米大久留米大学 文 国際／英語コ
3875010701,久留米大学 文 国際／国際文,久留米大久留米大学 文 国際／国際文
3875120000,久留米大学 法 ,久留米大 法学部 
3875180000,久留米大学 経済 ,久留米大 経済学部 
3875200101,久留米大学 商 商,久留米大 商学部 商学科 
3875550100,久留米大学 医 医,久留米大 医学部 医学科 
3875550200,久留米大学 医 看護,久留米大 医学部 看護学科 
3875550301,久留米大学 医 医療検査,久留米大 医学部 医療検査学科 
3875640101,久留米大学 人間健康 総合子ども,久留米大久留米大学 人間健康 総合子ども
3875640201,久留米大学 人間健康 スポーツ医科,久留米大 人間健康学部 スポーツ医科学科 
3876460101,久留米工業大学 工 機械シス工,久留米工大 工学部 機械システム工学科 
3876460201,久留米工業大学 工 建築・設備工,久留米工大 工学部 建築・設備工学科 
3876460301,久留米工業大学 工 交通機械工,久留米工大 工学部 交通機械工学科 
3876460401,久留米工業大学 工 情報ネットワ,久留米工大 工学部 情報ネットワーク工学科 
3876460601,久留米工業大学 工 教育創造工,久留米工大 工学部 教育創造工学科 
3877550101,産業医科大学 医 医,産業医大 医学部 医学科 
3877640173,産業医科大学 産業保健 看護,産業医大 産業保健学部 看護学科 
3877640472,産業医科大学 産業保健 産業衛生科学,産業医大 産業保健学部 産業衛生科学科 
3878030100,西南学院大学 神 神,西南学院大 神学部 神学科 
3878080102,西南学院大学 外国語 外国語,西南学院大 外国語学部 外国語学科 
3878120100,西南学院大学 法 国際関係法,西南学院大 法学部 国際関係法学科 
3878120200,西南学院大学 法 法律,西南学院大 法学部 法律学科 
3878180301,西南学院大学 経済 経済,西南学院大 経済学部 経済学科 
3878180401,西南学院大学 経済 国際経済,西南学院大 経済学部 国際経済学科 
3878200100,西南学院大学 商 経営,西南学院大 商学部 経営学科 
3878200200,西南学院大学 商 商,西南学院大 商学部 商学科 
3878330101,西南学院大学 国際文化 国際文化,西南学院大 国際文化学部 国際文化学科 
3878370101,西南学院大学 人間科学 児童教育,西南学院大 人間科学部 児童教育学科 
3878370201,西南学院大学 人間科学 社会福祉,西南学院大 人間科学部 社会福祉学科 
3878370301,西南学院大学 人間科学 心理,西南学院大 人間科学部 心理学科 
3879020201,西南女学院大学 人文 英語,西南女学院大 人文学部 英語学科 
3879020301,西南女学院大学 人文 観光文化,西南女学院大 人文学部 観光文化学科 
3879640100,西南女学院大学 保健福祉 看護,西南女学院大 保健福祉学部 看護学科 
3879640300,西南女学院大学 保健福祉 栄養,西南女学院大 保健福祉 栄養 '40 0
3879640401,西南女学院大学 保健福祉 福祉／福祉養,西南女学院大 保健福祉学部 福祉学科 福祉・養護教諭コース 
3879640501,西南女学院大学 保健福祉 福祉／子ども,西南女学院大 保健福祉学部 福祉学科 子ども家庭福祉コース 
3880180200,日本経済大学 経済 経済,日本経大 経済学部 経済学科 
3880180401,日本経済大学 経済 商・福岡,日本経大 経済学部 商学科福岡キャンパス 
3880180701,日本経済大学 経済 商・神戸,日本経大 経済学部 商学科神戸三宮キャンパス 
3880180801,日本経済大学 経済 健康スポーツ,日本経大 経済学部 健康スポーツ経営学科 
3880190101,日本経済大学 経営 経営・福岡,日本経大 経営学部 経営学科福岡キャンパス 
3880190201,日本経済大学 経営 経営・東京,日本経大 経営学部 経営学科東京渋谷キャンパス 
3880190301,日本経済大学 経営 グロー・福岡,日本経大 経営学部 グローバルビジネス学科福岡キャンパス 
3880190401,日本経済大学 経営 グロー・東京,日本経大 経営学部 グローバルビジネス学科東京渋谷キャンパス 
3880190501,日本経済大学 経営 芸創プ・福岡,日本経大 経営学部 芸創プロデュース学科福岡キャンパス 
3880190601,日本経済大学 経営 芸創プ・東京,日本経大 経営学部 芸創プロデュース学科東京渋谷キャンパス 
3880190701,日本経済大学 経営 デジタルビジ,日本経大 経営学部 ＡＩ・デジタルビジネス学科 
3881610301,第一薬科大学 薬 薬,第一薬大 薬学部 薬学科 
3881610401,第一薬科大学 薬 漢方薬,第一薬大 薬学部 漢方薬学科 
3881610501,第一薬科大学 薬 薬科／医療デ,第一薬大 薬学部 薬科学科 医療データサイエンスコース 
3881610601,第一薬科大学 薬 薬科／コスメ,第一薬大 薬学部 薬科学科 コスメ＆ヘルスケアマネジメントコース 
3881640101,第一薬科大学 看護 看護,第一薬大 看護学部 看護学科 
3882010102,筑紫女学園大学 文 英語,筑紫女学園大筑紫女学園大学 文 英語
3882010202,筑紫女学園大学 文 日本語・日本,筑紫女学園大筑紫女学園大学 文 日本語・日本
3882010302,筑紫女学園大学 文 アジア文化,筑紫女学園大筑紫女学園大学 文 アジア文化
3882270101,筑紫女学園大学 現代社会 現代社会,筑紫女学園大筑紫女学園大学 現代社会 現代社会
3882370101,筑紫女学園大学 人間科学 人間／心理,筑紫女学園大筑紫女学園大学 人間科学 人間／心理
3882370201,筑紫女学園大学 人間科学 人間／社会福,筑紫女学園大筑紫女学園大学 人間科学 人間／社会福
3882370301,筑紫女学園大学 人間科学 人間／初等教,筑紫女学園大筑紫女学園大学 人間科学 人間／初等教
3882370401,筑紫女学園大学 人間科学 人間／幼児保,筑紫女学園大筑紫女学園大学 人間科学 人間／幼児保
3884210100,中村学園大学 流通科学 流通科学,中村学園大 流通科学部 流通科学科 
3884300101,中村学園大学 教育 児童幼児教育,中村学園大 教育学部 児童幼児教育学科 
3884800100,中村学園大学 栄養科学 栄養科学,中村学園大 栄養科学部 栄養科学科 
3884800201,中村学園大学 栄養科学 フード・マネ,中村学園大 栄養科学部 フード・マネジメント学科 
3885460601,西日本工業大学 工 総合／機械工,西日本工大 工 総合／機械工 '40 0
3885461501,西日本工業大学 工 総合／電気情,西日本工大 工 総合／電気情 '40 0
3885461601,西日本工業大学 工 総合／土木工,西日本工大 工 総合／土木工 '40 0
3885461701,西日本工業大学 工 情報マネジメ,西日本工大 工学部 情報マネジメント学科 
3885830101,西日本工業大学 デザイン 建築,西日本工大 デザイン学部 建築学科 
3885830201,西日本工業大学 デザイン 情報デザイン,西日本工大 デザイン学部 情報デザイン学科 
3886020100,福岡大学 人文 英語,福岡大 人文学部 英語学科 
3886020200,福岡大学 人文 ドイツ語,福岡大 人文学部 ドイツ語学科 
3886020300,福岡大学 人文 日本語日本文,福岡大 人文学部 日本語日本文学科 
3886020400,福岡大学 人文 フランス語,福岡大 人文学部 フランス語学科 
3886020500,福岡大学 人文 文化,福岡大 人文学部 文化学科 
3886020600,福岡大学 人文 歴史,福岡大 人文学部 歴史学科 
3886020700,福岡大学 人文 東アジア地域,福岡大 人文学部 東アジア地域言語学科 
3886020801,福岡大学 人文 教育・臨床心,福岡大 人文学部 教育・臨床心理学科 
3886120100,福岡大学 法 経営法,福岡大 法学部 経営法学科 
3886120200,福岡大学 法 法律,福岡大 法学部 法律学科 
3886180100,福岡大学 経済 経済,福岡大 経済学部 経済学科 
3886180200,福岡大学 経済 産業経済,福岡大 経済学部 産業経済学科 
3886200101,福岡大学 商 商,福岡大 商学部 商学科 
3886200201,福岡大学 商 貿易,福岡大 商学部 貿易学科 
3886200301,福岡大学 商 経営,福岡大 商学部 経営学科 
3886200401,福岡大学 商 経営／会計専,福岡大 商学部 経営学科 会計専門職プログラム 
3886240100,福岡大学 商二 商,福岡大 商学部第二部 商学科 
3886240202,福岡大学 商二 商／会計専門,福岡大 商学部第二部 商学科 会計専門職プログラム 
3886420100,福岡大学 理 応用数,福岡大 理学部 応用数学科 
3886420201,福岡大学 理 物理科学,福岡大 理学部 物理科学科 
3886420301,福岡大学 理 化学,福岡大 理学部 化学科 
3886420400,福岡大学 理 地球圏科学,福岡大 理学部 地球圏科学科 
3886420501,福岡大学 理 社会数理・情,福岡大 理学部 社会数理・情報インスティテュート 
3886460100,福岡大学 工 化学シス工,福岡大 工学部 化学システム工学科 
3886460200,福岡大学 工 機械工,福岡大 工学部 機械工学科 
3886460300,福岡大学 工 建築,福岡大 工学部 建築学科 
3886460400,福岡大学 工 電気工,福岡大 工学部 電気工学科 
3886460600,福岡大学 工 社会デザイン,福岡大 工学部 社会デザイン工学科 
3886460700,福岡大学 工 電子情報工,福岡大 工学部 電子情報工学科 
3886550101,福岡大学 医 医,福岡大 医学部 医学科 
3886550201,福岡大学 医 看護,福岡大 医学部 看護学科 
3886610301,福岡大学 薬 薬,福岡大 薬学部 薬学科 
3886650100,福岡大学 スポーツ スポーツ科学,福岡大 スポーツ科学部 スポーツ科学科 
3886650200,福岡大学 スポーツ 健康運動科学,福岡大 スポーツ科学部 健康運動科学科 
3887270101,福岡工業大学 社会環境 社会環境,福岡工大 社会環境学部 社会環境学科 
3887460301,福岡工業大学 工 電気工,福岡工大福岡工業大学 工 電気工
3887460401,福岡工業大学 工 知能機械工,福岡工大福岡工業大学 工 知能機械工
3887460501,福岡工業大学 工 電子情報工,福岡工大福岡工業大学 工 電子情報工
3887460701,福岡工業大学 工 生命環境化,福岡工大福岡工業大学 工 生命環境化
3887470101,福岡工業大学 情報工 情報工,福岡工大 情報工学部 情報工学科 
3887470201,福岡工業大学 情報工 情報通信工,福岡工大 情報工学部 情報通信工学科 
3887470301,福岡工業大学 情報工 情報シス工,福岡工大 情報工学部 情報システム工学科 
3887470401,福岡工業大学 情報工 情報マネジメ,福岡工大 情報工学部 情報マネジメント学科 
3888590101,福岡歯科大学 口腔歯 口腔歯,福岡歯大 口腔歯学部 口腔歯学科 
3889020302,福岡女学院大学 人文 現代文化,福岡女学院大 人文学部 現代文化学科 
3889020603,福岡女学院大学 人文 言語芸術,福岡女学院大福岡女学院大学 人文 言語芸術
3889020703,福岡女学院大学 人文 メディア・コ,福岡女学院大福岡女学院大学 人文 メディア・コ
3889090103,福岡女学院大学 国際キャ 国際英語,福岡女学院大 国際キャリア学部 国際英語学科 
3889090203,福岡女学院大学 国際キャ 国際キャリア,福岡女学院大 国際キャリア学部 国際キャリア学科 
3889370102,福岡女学院大学 人間関係 心理,福岡女学院大 人間関係学部 心理学科 
3889370202,福岡女学院大学 人間関係 子ども発達,福岡女学院大 人間関係学部 子ども発達学科 
3890210101,九州情報大学 経営情報 経営情報,九州情報大 経営情報学部 経営情報学科 
3890210201,九州情報大学 経営情報 情報ネットワ,九州情報大 経営情報学部 情報ネットワーク学科 
3892310101,九州栄養福祉大学 こども教 こども教育,九州栄養福祉大 こども教育学部 こども教育学科 
3892640101,九州栄養福祉大学 リハビリ 理学療法,九州栄養福祉大 リハビリテーション学部 理学療法学科 
3892640201,九州栄養福祉大学 リハビリ 作業療法,九州栄養福祉大 リハビリテーション学部 作業療法学科 
3892790100,九州栄養福祉大学 食物栄養 食物栄養,九州栄養福祉大 食物栄養学部 食物栄養学科 
3892790201,九州栄養福祉大学 食物栄養 食環境データ,九州栄養福祉大 食物栄養学部 食環境データサイエンス学科 
3893640100,日本赤十字九州国際看護大学 看護 看護,日赤九州看護大 看護学部 看護学科 
3895640101,聖マリア学院大学 看護 看護,聖マリア学院大 看護学部 看護学科 
3896640101,福岡女学院看護大学 看護 看護,福岡女学看護大 看護学部 看護学科 
3898640101,純真学園大学 保健医療 看護,純真学園大 保健医療学部 看護学科 
3898640201,純真学園大学 保健医療 放射線技術科,純真学園大 保健医療学部 放射線技術科学科 
3898640301,純真学園大学 保健医療 検査科学,純真学園大 保健医療学部 検査科学科 
3898640401,純真学園大学 保健医療 医療工,純真学園大 保健医療学部 医療工学科 
3899640101,福岡看護大学 看護 看護,福岡看護大 看護学部 看護学科 
3900640101,福岡国際医療福祉大学 医療 理学療法,福岡国際医福大 医療学部 理学療法学科 
3900640201,福岡国際医療福祉大学 医療 作業療法,福岡国際医福大 医療学部 作業療法学科 
3900640301,福岡国際医療福祉大学 医療 視能訓練,福岡国際医福大 医療学部 視能訓練学科 
3900640401,福岡国際医療福祉大学 医療 言語聴覚,福岡国際医福大 医療学部 言語聴覚学科 
3900640501,福岡国際医療福祉大学 医療 診療放射線,福岡国際医福大 医療学部 診療放射線学科 
3900650101,福岡国際医療福祉大学 看護 看護,福岡国際医福大 看護学部 看護学科 
3902640101,令和健康科学大学 看護 看護,令和健康科学大 看護学部 看護学科 
3902650101,令和健康科学大学 リハビリ 理学療法,令和健康科学大 リハビリテーション学部 理学療法学科 
3902650201,令和健康科学大学 リハビリ 作業療法,令和健康科学大 リハビリテーション学部 作業療法学科 
3904830101,福岡国際音楽大学 音楽 音楽,福岡国際音大 音楽 音楽 '40 0
3905640101,西日本看護医療大学 看護 看護,西日本看護医大 看護学部 看護学科 
3906640100,西九州大学 健康福祉 社会福祉,西九州大 健康福祉学部 社会福祉学科 
3906640301,西九州大学 健康福祉 スポーツ健康,西九州大 健康福祉学部 スポーツ健康福祉学科 
3906650101,西九州大学 リハビリ リハ／理学療,西九州大 リハビリテーション学部 リハビリテーション学科 理学療法学専攻 
3906650201,西九州大学 リハビリ リハ／作業療,西九州大 リハビリテーション学部 リハビリテーション学科 作業療法学専攻 
3906660101,西九州大学 健康栄養 健康栄養,西九州大 健康栄養学部 健康栄養学科 
3906670101,西九州大学 看護 看護,西九州大 看護学部 看護学科 
3906800101,西九州大学 子ども 子ども,西九州大 子ども学部 子ども学科 
3906800201,西九州大学 子ども 心理カウンセ,西九州大 子ども学部 心理カウンセリング学科 
3906880000,西九州大学 デジタル ,西九州大西九州大学 デジタル 
3907270102,武雄アジア大学 東ア共創 東ア地域共創,武雄アジア大 東アジア地域共創学部 東アジア地域共創学科 
3916330301,活水女子大学 国際文化 国際文化,活水女子大 国際文化学部 国際文化学科 
3916640101,活水女子大学 看護 看護,活水女子大 看護学部 看護学科 
3916790102,活水女子大学 健康生活 食生活健康,活水女子大 健康生活学部 食生活健康学科 
3916790201,活水女子大学 健康生活 生活デザイン,活水女子大 健康生活学部 生活デザイン学科 
3916790301,活水女子大学 健康生活 子ども,活水女子大 健康生活学部 子ども学科 
3917020101,長崎純心大学 人文 福祉・心理,長崎純心大 人文学部 福祉・心理学科 
3917020500,長崎純心大学 人文 こども教育保,長崎純心大 人文学部 こども教育保育学科 
3917020601,長崎純心大学 人文 言語文化情報,長崎純心大 人文学部 言語文化情報学科 
3918390101,長崎総合科学大学 総合情報 総合／知能情,長崎総合科学大 総合情報学部 総合情報学科 知能情報コース 
3918390201,長崎総合科学大学 総合情報 総合／経営情,長崎総合科学大 総合情報学部 総合情報学科 経営情報コース 
3918390301,長崎総合科学大学 総合情報 総合／環境デ,長崎総合科学大長崎総合科学大学 総合情報 総合／環境デ
3918460701,長崎総合科学大学 工 工／船舶工学,長崎総合科学大長崎総合科学大学 工 工／船舶工学
3918460801,長崎総合科学大学 工 工／機械工学,長崎総合科学大長崎総合科学大学 工 工／機械工学
3918460901,長崎総合科学大学 工 工／建築学,長崎総合科学大 工学部 工学科 建築コース 
3918461001,長崎総合科学大学 工 工／電気電子,長崎総合科学大長崎総合科学大学 工 工／電気電子
3918461101,長崎総合科学大学 工 工／医療工学,長崎総合科学大 工学部 工学科 医療情報工学コース 
3919270102,長崎国際大学 人間社会 国際観光,長崎国際大 人間社会学部 国際観光学科 
3919270202,長崎国際大学 人間社会 社会福祉,長崎国際大 人間社会学部 社会福祉学科 
3919610102,長崎国際大学 薬 薬,長崎国際大 薬学部 薬学科 
3919790101,長崎国際大学 健康管理 健康栄養,長崎国際大 健康管理学部 健康栄養学科 
3920080101,長崎外国語大学 外国語 国際コミュニ,長崎外大 外国語学部 国際コミュニケーション学科 
3920080201,長崎外国語大学 外国語 現代英語,長崎外大 外国語学部 現代英語学科 
3921270201,鎮西学院大学 総合社会 社会福祉,鎮西学院大 総合社会学部 社会福祉学科 
3921270301,鎮西学院大学 総合社会 経済政策,鎮西学院大 総合社会学部 経済政策学科 
3921270401,鎮西学院大学 総合社会 多文化コミュ,鎮西学院大 総合社会学部 多文化コミュニケーション学科 
3932080101,熊本学園大学 外国語 英米,熊本学園大 外国語学部 英米学科 
3932080201,熊本学園大学 外国語 東アジア,熊本学園大 外国語学部 東アジア学科 
3932180101,熊本学園大学 経済 経済,熊本学園大 経済学部 経済学科 
3932180301,熊本学園大学 経済 リーガルエコ,熊本学園大 経済学部 リーガルエコノミクス学科 
3932200201,熊本学園大学 商 商,熊本学園大 商学部 商学科 
3932200301,熊本学園大学 商 ホスピタリテ,熊本学園大 商学部 ホスピタリティ・マネジメント学科 
3932260101,熊本学園大学 社会福祉 社会福祉,熊本学園大 社会福祉学部 社会福祉学科 
3932260301,熊本学園大学 社会福祉 子ども家庭福,熊本学園大 社会福祉学部 子ども家庭福祉学科 
3932260401,熊本学園大学 社会福祉 ライフ・ウェ,熊本学園大 社会福祉学部 ライフ・ウェルネス学科 
3932290100,熊本学園大学 社福二 社会福祉,熊本学園大 社福二 社会福祉 '43 0
3933460201,崇城大学 工 機械工,崇城大 工学部 機械工学科 
3933460301,崇城大学 工 建築,崇城大 工学部 建築学科 
3933460401,崇城大学 工 ナノサイエン,崇城大 工学部 ナノサイエンス学科 
3933461201,崇城大学 工 宇宙／宇宙航,崇城大 工学部 宇宙航空システム工学科 宇宙航空システム専攻 
3933461501,崇城大学 工 宇宙／航空整,崇城大 工学部 宇宙航空システム工学科 航空整備学専攻 
3933461601,崇城大学 工 宇宙／航空操,崇城大 工学部 宇宙航空システム工学科 航空操縦学専攻 
3933470401,崇城大学 情報 情報,崇城大 情報学部 情報学科 
3933610101,崇城大学 薬 薬,崇城大 薬学部 薬学科 
3933740301,崇城大学 生物生命 生物生命,崇城大 生物生命学部 生物生命学科 
3933830101,崇城大学 芸術 美術,崇城大 芸術学部 美術学科 
3933830201,崇城大学 芸術 デザイン,崇城大 芸術学部 デザイン学科 
3934040101,尚絅大学 現代文化 文化コミュニ,尚絅大 現代文化学部 文化コミュニケーション学科 
3934310101,尚絅大学 こども教 こども教育,尚絅大 こども教育学部 こども教育学科 
3934790101,尚絅大学 生活科学 栄養科学,尚絅大 生活科学部 栄養科学科 
3935020201,九州ルーテル学院大学 人文 心理臨床,九州ルーテル大 人文学部 心理臨床学科 
3935020401,九州ルーテル学院大学 人文 人文／キャリ,九州ルーテル大 人文学部 人文学科 キャリア・イングリッシュ専攻 
3935020701,九州ルーテル学院大学 人文 人文／保育幼,九州ルーテル大 人文学部 人文学科 保育・幼児教育専攻 
3935020801,九州ルーテル学院大学 人文 人文／児童教,九州ルーテル大 人文学部 人文学科 児童教育専攻 
3936640100,九州看護福祉大学 看護福祉 看護,九州看護福祉大 看護福祉学部 看護学科 
3936640200,九州看護福祉大学 看護福祉 社会福祉,九州看護福祉大 看護福祉学部 社会福祉学科 
3936640301,九州看護福祉大学 看護福祉 社会／介護福,九州看護福祉大 看護福祉 社会／介護福 '43 0
3936640401,九州看護福祉大学 看護福祉 リハビリテー,九州看護福祉大 看護福祉学部 リハビリテーション学科 
3936640501,九州看護福祉大学 看護福祉 口腔保健,九州看護福祉大 看護福祉学部 口腔保健学科 
3936640601,九州看護福祉大学 看護福祉 鍼灸スポーツ,九州看護福祉大 看護福祉学部 鍼灸スポーツ学科 
3937830102,平成音楽大学 音楽 音楽,平成音大 音楽学部 音楽学科 
3937830203,平成音楽大学 音楽 未来創造,平成音大 音楽学部 未来創造学科 
3938640100,熊本保健科学大学 保健科学 医学検査,熊本保健科学大 保健科学部 医学検査学科 
3938640200,熊本保健科学大学 保健科学 看護,熊本保健科学大 保健科学部 看護学科 
3938640301,熊本保健科学大学 保健科学 リハ／理学療,熊本保健科学大 保健科学部 リハビリテーション学科 理学療法学専攻 
3938640401,熊本保健科学大学 保健科学 リハ／作業療,熊本保健科学大 保健科学部 リハビリテーション学科 作業療法学専攻 
3938640501,熊本保健科学大学 保健科学 リハ／言語聴,熊本保健科学大 保健科学部 リハビリテーション学科 言語聴覚学専攻 
3946220102,日本文理大学 経営経済 経営経済,日本文理大 経営経済学部 経営経済学科 
3946370000,日本文理大学 社会デザ ,日本文理大 社会デザイン学環 
3946460302,日本文理大学 工 建築,日本文理大 工学部 建築学科 
3946461302,日本文理大学 工 航空宇宙工,日本文理大 工学部 航空宇宙工学科 
3946461402,日本文理大学 工 情報メディア,日本文理大 工学部 情報メディア学科 
3946461701,日本文理大学 工 機械電気工,日本文理大 工学部 機械電気工学科 
3946640101,日本文理大学 保健医療 保健／診療放,日本文理大 保健医療学部 保健医療学科 診療放射線学コース 
3946640201,日本文理大学 保健医療 保健／臨床検,日本文理大 保健医療学部 保健医療学科 臨床検査学コース 
3946640301,日本文理大学 保健医療 保健／臨床医,日本文理大 保健医療学部 保健医療学科 臨床医工学コース 
3947010601,別府大学 文 人間関係,別府大 文学部 人間関係学科 
3947011101,別府大学 文 国際言語・文,別府大 文学部 国際言語・文化学科 
3947011201,別府大学 文 史学・文化財,別府大 文学部 史学・文化財学科 
3947210101,別府大学 国際経営 国際経営,別府大 国際経営学部 国際経営学科 
3947640102,別府大学 看護 看護,別府大 看護学部 看護学科 
3947790100,別府大学 食物栄養 食物栄養,別府大 食物栄養科学部 食物栄養学科 
3947790201,別府大学 食物栄養 発酵食品,別府大 食物栄養科学部 発酵食品学科 
3948210000,立命館アジア太平洋大学 国際経営 ,立命館アジア大 国際経営学部 
3948270000,立命館アジア太平洋大学 サステイ ,立命館アジア大 サステイナビリティ観光学部 
3948330000,立命館アジア太平洋大学 太平洋 ,立命館アジア大 アジア太平洋学部 
3956640101,南九州大学 健康栄養 管理栄養,南九州大 健康栄養学部 管理栄養学科 
3956640201,南九州大学 健康栄養 食品開発科学,南九州大南九州大学 健康栄養 食品開発科学
3956760101,南九州大学 環境園芸 環境園芸,南九州大 環境園芸学部 環境園芸学科 
3956790201,南九州大学 人間発達 子ども教育,南九州大 人間発達学部 子ども教育学科 
3957300101,宮崎国際大学 教育 児童教育,宮崎国際大 教育学部 児童教育学科 
3957370102,宮崎国際大学 国際教養 比較文化,宮崎国際大 国際教養学部 比較文化学科 
3958120101,宮崎産業経営大学 法 法律,宮崎産業経営大 法学部 法律学科 
3958190101,宮崎産業経営大学 経営 経営,宮崎産業経営大 経営学部 経営学科 
3958190201,宮崎産業経営大学 経営 エコノデータ,宮崎産業経営大 経営学部 エコノデータサイエンス学科 
3959030101,九州医療科学大学 臨床心理 臨床心理,九州医療科学大 臨床心理学部 臨床心理学科 
3959260501,九州医療科学大学 社会福祉 スポーツ健康,九州医療科学大 社会福祉学部 スポーツ健康福祉学科 
3959470101,九州医療科学大学 生命医科 生命医科学,九州医療科学大 生命医科学部 生命医科学科 
3959610100,九州医療科学大学 薬 薬,九州医療科学大 薬学部 薬学科 
3959610201,九州医療科学大学 薬 動物生命薬科,九州医療科学大 薬学部 動物生命薬科学科 
3966180101,鹿児島国際大学 経済 経営,鹿児島国際大 経済学部 経営学科 
3966180201,鹿児島国際大学 経済 経済,鹿児島国際大 経済学部 経済学科 
3966270201,鹿児島国際大学 福祉社会 社会福祉,鹿児島国際大 福祉社会学部 社会福祉学科 
3966270301,鹿児島国際大学 福祉社会 児童,鹿児島国際大 福祉社会学部 児童学科 
3966330401,鹿児島国際大学 国際文化 国際文化,鹿児島国際大 国際文化学部 国際文化学科 
3966640101,鹿児島国際大学 看護 看護,鹿児島国際大 看護学部 看護学科 
3967310101,鹿児島純心大学 人間教育 教育・心理,鹿児島純心大 人間教育学部 教育・心理学科 
3967640100,鹿児島純心大学 看護栄養 看護,鹿児島純心大 看護栄養学部 看護学科 
3967640200,鹿児島純心大学 看護栄養 健康栄養,鹿児島純心大 看護栄養学部 健康栄養学科 
3968120000,志學館大学 法 ,志学館大 法学部 
3968370101,志學館大学 人間関係 心理臨床,志学館大 人間関係学部 心理臨床学科 
3968370201,志學館大学 人間関係 人間文化,志学館大 人間関係学部 人間文化学科 
3969460100,第一工科大学 工 機械シス工,第一工科大 工学部 機械システム工学科 
3969460200,第一工科大学 工 建築デザイン,第一工科大 工学部 建築デザイン学科 
3969460500,第一工科大学 工 環境エンジニ,第一工科大 工学部 環境エンジニアリング学科 
3969460901,第一工科大学 工 情報・鹿児島,第一工科大 工学部 情報・ＡＩ・データサイエンス学科鹿児島 
3969461001,第一工科大学 工 情報・東京,第一工科大 工学部 情報・ＡＩ・データサイエンス学科東京上野 
3969470101,第一工科大学 航空工 航空／航空操,第一工科大 航空工学部 航空工学科 航空操縦学専攻 
3969470401,第一工科大学 航空工 航空／航空エ,第一工科大 航空工学部 航空工学科 航空エンジニアリング 
3976020100,沖縄大学 人文 国際コミュニ,沖縄大 人文学部 国際コミュニケーション学科 
3976020301,沖縄大学 人文 こども文化,沖縄大 人文学部 こども文化学科 
3976020401,沖縄大学 人文 福祉／社会福,沖縄大 人文学部 福祉文化学科 社会福祉専攻 
3976020503,沖縄大学 人文 福祉／健康ス,沖縄大 人文学部 福祉文化学科 健康スポーツ福祉専攻 
3976210101,沖縄大学 経法商 経法商,沖縄大 経法商学部 経法商学科 
3976640101,沖縄大学 健康栄養 管理栄養,沖縄大 健康栄養学部 管理栄養学科 
3977030101,沖縄国際大学 総合文化 英米言語文化,沖縄国際大 総合文化学部 英米言語文化学科 
3977030201,沖縄国際大学 総合文化 日本文化,沖縄国際大 総合文化学部 日本文化学科 
3977030301,沖縄国際大学 総合文化 社会文化,沖縄国際大 総合文化学部 社会文化学科 
3977030401,沖縄国際大学 総合文化 人間／社会福,沖縄国際大 総合文化学部 人間福祉学科 社会福祉専攻 
3977030501,沖縄国際大学 総合文化 人間／心理カ,沖縄国際大 総合文化学部 人間福祉学科 心理カウンセリング専攻 
3977120101,沖縄国際大学 法 法律,沖縄国際大 法学部 法律学科 
3977120201,沖縄国際大学 法 地域行政,沖縄国際大 法学部 地域行政学科 
3977180101,沖縄国際大学 経済 経済,沖縄国際大 経済学部 経済学科 
3977180201,沖縄国際大学 経済 地域環境政策,沖縄国際大 経済学部 地域環境政策学科 
3977220101,沖縄国際大学 産業情報 企業システム,沖縄国際大 産業情報学部 企業システム学科 
3977220201,沖縄国際大学 産業情報 産業情報,沖縄国際大 産業情報学部 産業情報学科 
3979020101,沖縄キリスト教学院大学 人文 英語コミュニ,沖縄キリスト大 人文学部 英語コミュニケーション学科 
3979020201,沖縄キリスト教学院大学 人文 観光文化,沖縄キリスト大 人文学部 観光文化学科 
4147000100,防衛医科大学校 医,防衛医科大学校 医学科 
4147000200,防衛医科大学校 看護／自衛官,防衛医科大学校 看護学科 自衛官コース 
4147000300,防衛医科大学校 看護／技官,防衛医科大学校 看護学科 技官コース 
4191000000,気象大学校 ,気象大学校 
4231000200,航空保安大学校 航空情報,航空保安大学校 航空情報科 
4231000300,航空保安大学校 航空電子,航空保安大学校 航空電子科 
4234000000,国立看護大学校 ,国立看護大学校 
4362001800,職業能開大学校 総合／機械工,職業能開大学校 総合課程 機械工学専攻 
4362001900,職業能開大学校 総合／電気工,職業能開大学校 総合課程 電気工学専攻 
4362002000,職業能開大学校 総合／電子情,職業能開大学校 総合課程 電子情報工学専攻 
4362002100,職業能開大学校 総合／建築工,職業能開大学校 総合課程 建築工学専攻 
4363000101,防衛大学校 人文・社会科,防衛大学校 人文・社会科学専攻 
4363000201,防衛大学校 理工学,防衛大学校 理工学専攻 
4796000000,海上保安大学校 ,海上保安大学校 
4816000100,水産大学校 海洋機械工,水産大学校 海洋機械工学科 
4816000200,水産大学校 海洋生産管理,水産大学校 海洋生産管理学科 
4816000300,水産大学校 食品科学,水産大学校 食品科学科 
4816000400,水産大学校 生物生産,水産大学校 生物生産学科 
4816000600,水産大学校 水産流通経営,水産大学校 水産流通経営学科 
5003000102,旭川市立大学短期大学部 食物栄養,旭川市立大短大 食物栄養学科 
5003000202,旭川市立大学短期大学部 こども地域,旭川市立大短大 こども地域学科 
5056000101,岩手県立大学宮古短期大学部 経営情報,岩手県大宮古短 経営情報学科 
5057000171,岩手県立大学盛岡短期大学部 生活／食物栄,岩手県大盛岡短 生活科学科 食物栄養学専攻 
5057000271,岩手県立大学盛岡短期大学部 生活／生活デ,岩手県大盛岡短 生活科学科 生活デザイン専攻 
5057000571,岩手県立大学盛岡短期大学部 国際文化,岩手県大盛岡短 国際文化学科 
5090000171,山形県立米沢女子短期大学 英語英文,山形県米沢女短 英語英文学科 
5090000371,山形県立米沢女子短期大学 国語国文,山形県米沢女短 国語国文学科 
5090000471,山形県立米沢女子短期大学 社会情報,山形県米沢女短 社会情報学科 
5090000571,山形県立米沢女子短期大学 日本史,山形県米沢女短 日本史学科 
5098000101,会津大学短期大学部 産業情報,会津大短大部 産業情報学科 
5098000300,会津大学短期大学部 食物栄養,会津大短大部 食物栄養学科 
5098000601,会津大学短期大学部 幼児教育・福,会津大短大部 幼児教育・福祉学科 
5451000100,大月短期大学 経済,大月短 経済科 
5481000901,岐阜市立女子短期大学 国際コミュニ,岐阜市立女短 国際コミュニケーション学科 
5481001001,岐阜市立女子短期大学 健康栄養,岐阜市立女短 健康栄養学科 
5481001101,岐阜市立女子短期大学 デザイン環境,岐阜市立女短 デザイン環境学科 
5501000571,静岡県立大学短期大学部 歯科衛生,静岡県大短大部 歯科衛生学科 
5501000671,静岡県立大学短期大学部 社会／社会福,静岡県大短大部 社会福祉学科 社会福祉専攻 
5501000771,静岡県立大学短期大学部 社会／介護福,静岡県大短大部 社会福祉学科 介護福祉専攻 
5501000871,静岡県立大学短期大学部 こども,静岡県大短大部 こども学科 
5502000101,静岡県立農林環境専門職大学短期大学部 生産科学,静岡農林職大短 生産科学科 
5571000500,津市立三重短期大学 法経,津市立三重短 法経科 
5571000600,津市立三重短期大学 法経２,津市立三重短 法経科第２部 
5571000701,津市立三重短期大学 生活科学,津市立三重短 生活科学科 
5571000801,津市立三重短期大学 食物栄養,津市立三重短 食物栄養学科 
5767000272,島根県立大学短期大学部 文化情報,島根県大短大部 文化情報学科 
5767000371,島根県立大学短期大学部 保育,島根県大短大部 保育学科 
5778000100,倉敷市立短期大学 服飾美術,倉敷市立短 服飾美術学科 
5778000200,倉敷市立短期大学 保育,倉敷市立短 保育学科 
5946000400,大分県立芸術文化短期大学 情報コミュニ,大分県芸文化短 情報コミュニケーション学科 
5946000500,大分県立芸術文化短期大学 美術／デザイ,大分県芸文化短 美術科 デザイン専攻 
5946000600,大分県立芸術文化短期大学 美術／美術,大分県芸文化短 美術科 美術専攻 
5946000801,大分県立芸術文化短期大学 国際総合,大分県芸文化短 国際総合学科 
5946000901,大分県立芸術文化短期大学 音楽／声楽,大分県芸文化短 音楽科 声楽コース 
5946001001,大分県立芸術文化短期大学 音楽／ピアノ,大分県芸文化短 音楽科 ピアノコース 
5946001100,大分県立芸術文化短期大学 音楽／管弦打,大分県芸文化短 音楽科 管弦打コース 
5946001200,大分県立芸術文化短期大学 音楽／音楽総,大分県芸文化短 音楽科 音楽総合コース 
5966000171,鹿児島県立短期大学 商経／経営情,鹿児島県立短 商経学科 経営情報専攻 
5966000271,鹿児島県立短期大学 商経／経済,鹿児島県立短 商経学科 経済専攻 
5966000371,鹿児島県立短期大学 生活／食物栄,鹿児島県立短 生活科学科 食物栄養専攻 
5966000471,鹿児島県立短期大学 生活／生活科,鹿児島県立短 生活科学科 生活科学専攻 
5966000571,鹿児島県立短期大学 文／英語英文,鹿児島県立短 文学科 英語英文学専攻 
5966000671,鹿児島県立短期大学 文／日本語日,鹿児島県立短 文学科 日本語日本文学専攻 
5966000700,鹿児島県立短期大学 第二商経,鹿児島県立短 第二部商経学科 
6003000200,帯広大谷短期大学 社会／介護福,帯広大谷短 帯広大谷短期大学 社会／介護福
6003000300,帯広大谷短期大学 社会／子ども,帯広大谷短 帯広大谷短期大学 社会／子ども
6003000601,帯広大谷短期大学 看護,帯広大谷短 看護学科 
6003000701,帯広大谷短期大学 地域／キャリ,帯広大谷短 帯広大谷短期大学 地域／キャリ
6003000801,帯広大谷短期大学 地域／食と栄,帯広大谷短 帯広大谷短期大学 地域／食と栄
6005000100,光塩学園短期大学 食物栄養,光塩学園短 光塩学園短期大学 食物栄養
6006000100,國學院大學北海道短期大学部 総合教養,国学院北海道短 総合教養学科 
6006000200,國學院大學北海道短期大学部 国文,国学院北海道短 国文学科 
6006000401,國學院大學北海道短期大学部 幼児／幼児保,国学院北海道短 幼児・児童教育学科 幼児保育コース 
6006000501,國學院大學北海道短期大学部 幼児／児童教,国学院北海道短 幼児・児童教育学科 児童教育コース 
6008000300,札幌大谷大学短期大学部 保育,札幌大谷大短大 こども学科 
6015000100,函館短期大学 食物栄養,函館短函館短期大学 食物栄養
6015000201,函館短期大学 保育,函館短函館短期大学 保育
6016000100,函館大谷短期大学 ビジネス情報,函館大谷短 ビジネス情報学科 
6016000200,函館大谷短期大学 こども,函館大谷短 こども学科 
6022000400,北翔大学短期大学部 こども,北翔大短大部 こども学科 
6025000200,北海道武蔵女子短期大学 教養,北海道武蔵女短 教養学科 
6043000200,青森中央短期大学 食物栄養,青森中央短 食物栄養学科 
6043000300,青森中央短期大学 幼児保育,青森中央短 幼児保育学科 
6044000200,八戸学院大学短期大学部 こども教育,八戸学院大短大 こども教育学科 
6044000501,八戸学院大学短期大学部 介護福祉,八戸学院大短大 介護福祉学科 
6045000100,柴田学園大学短期大学部 生活,柴田学園大短大 生活科 
6045000301,柴田学園大学短期大学部 保育,柴田学園大短大 保育科 
6047000401,弘前医療福祉大学短期大学部 救急救命,弘前医療福祉短 救急救命学科 
6047000501,弘前医療福祉大学短期大学部 口腔衛生,弘前医療福祉短 口腔衛生学科 
6056000200,修紅短期大学 幼児教育,修紅短 幼児教育学科 
6059000200,盛岡大学短期大学部 幼児教育,盛岡大短大部 幼児教育科 
6067000401,聖和学園短期大学 キャリア開発,聖和学園短 キャリア開発総合学科 
6067000701,聖和学園短期大学 保育,聖和学園短 こども未来総合学科 
6069000203,仙台青葉学院短期大学 ビジネスキャ,仙台青葉学院短 ビジネスキャリア学科 
6069000602,仙台青葉学院短期大学 こども,仙台青葉学院短 こども学科 
6069000701,仙台青葉学院短期大学 歯科衛生,仙台青葉学院短 歯科衛生学科 
6069000801,仙台青葉学院短期大学 栄養,仙台青葉学院短 栄養学科 
6069000901,仙台青葉学院短期大学 観光ビジネス,仙台青葉学院短 観光ビジネス学科 
6069001001,仙台青葉学院短期大学 現代英語,仙台青葉学院短 現代英語学科 
6069001101,仙台青葉学院短期大学 言語聴覚,仙台青葉学院短 言語聴覚学科 
6069001201,仙台青葉学院短期大学 救急救命,仙台青葉学院短 救急救命学科 
6070000301,東北生活文化大学短期大学部 生活／子ども,東北生活文化短東北生活文化大学短期大学部 生活／子ども
6070000401,東北生活文化大学短期大学部 生活／食物栄,東北生活文化短東北生活文化大学短期大学部 生活／食物栄
6071000101,仙台赤門短期大学 看護,仙台赤門短 看護学科 
6071000201,仙台赤門短期大学 鍼灸手技療法,仙台赤門短 鍼灸手技療法学科 
6072000200,宮城誠真短期大学 保育,宮城誠真短 保育科 
6081000401,秋田栄養短期大学 栄養,秋田栄養短 栄養学科 
6082000400,聖霊女子短期大学 生活／生活文,聖霊女短 生活文化科 生活文化専攻 
6082000601,聖霊女子短期大学 生活／生活こ,聖霊女短 生活文化科 生活こども専攻 
6082000901,聖霊女子短期大学 生活／健康栄,聖霊女短 生活文化科 健康栄養専攻 
6083000100,聖園学園短期大学 保育,聖園学園短 保育科 
6085000200,日本赤十字東北看護大学介護福祉短期大学部 介護福祉,日赤東北看護短日本赤十字東北看護大学介護福祉短期大学部 介護福祉
6091000100,羽陽学園短期大学 幼児教育,羽陽学園短 幼児教育科 
6092000302,東北文教大学短期大学部 子ども,東北文教大短大 子ども学科 
6098000200,いわき短期大学 子ども未来,いわき短 子ども未来科 
6099000903,郡山女子大学短期大学部 健康栄養,郡山女大短大部 健康栄養学科 
6099001003,郡山女子大学短期大学部 地域創成,郡山女大短大部 地域創成学科 
6099001101,郡山女子大学短期大学部 幼児／幼児教,郡山女大短大部 幼児教育学科 幼児教育コース 
6099001201,郡山女子大学短期大学部 幼児／チャイ,郡山女大短大部 幼児教育学科 チャイルド・ミュージックコース 
6100000701,桜の聖母短期大学 キャリア教養,桜の聖母短 キャリア教養学科 
6100000801,桜の聖母短期大学 生活科学,桜の聖母短 生活科学科 
6101000100,福島学院大学短期大学部 食物栄養,福島学院大短大 食物栄養 '07 0
6101000400,福島学院大学短期大学部 保育,福島学院大短大 保育学科 
6106000300,茨城女子短期大学 こども,茨城女短 こども学科 
6106000400,茨城女子短期大学 表現文化,茨城女短 表現文化学科 
6109000400,つくば国際短期大学 保育,つくば国際短 保育科 
6111000500,常磐短期大学 幼児教育保育,常磐短 幼児教育保育学科 
6120000100,宇都宮短期大学 音楽,宇都宮短 音楽科 
6120000200,宇都宮短期大学 人間／社会福,宇都宮短 人間／社会福 '09 0
6120000300,宇都宮短期大学 人間／介護福,宇都宮短 人間／介護福 '09 0
6120000602,宇都宮短期大学 食物栄養,宇都宮短 食物栄養学科 
6123000300,作新学院大学短期大学部 幼児教育,作新学院大短大 幼児教育科 
6124000801,佐野日本大学短期大学 総合キャリア,佐野日本大短 総合キャリア教育学科 
6127000101,那須短期大学 看護,那須短 看護学科 
6132000201,育英短期大学 保育,育英短 保育学科 
6132000500,育英短期大学 現代コミュニ,育英短 現代コミュニケーション学科 
6135000203,ぐんま未来大学短期大学部 アート・デザ,ぐんま未来大短 アート・デザイン学科 
6138000200,高崎商科大学短期大学部 経営,高崎商大短大部 経営学科 
6139000202,新島学園短期大学 コミュニティ,新島学園短 コミュニティ子ども学科 
6139000401,新島学園短期大学 キャ／フード,新島学園短 キャリアデザイン学科 フードビジネス専攻 
6139000501,新島学園短期大学 キャ／キャリ,新島学園短 キャリアデザイン学科 キャリアデザイン専攻 
6141000400,群馬医療福祉大学短期大学部 医療福祉,群馬医療福祉短 医療福祉学科 
6147000302,秋草学園短期大学 幼児教育,秋草学園短 幼児教育学科 
6147000502,秋草学園短期大学 地域保育,秋草学園短 地域保育学科 
6147000701,秋草学園短期大学 文化表現,秋草学園短 文化表現学科 
6149000200,上野学園短期大学 音楽,上野学園短 音楽科 
6151000100,川口短期大学 ビジネス実務,川口短 ビジネス実務学科 
6151000201,川口短期大学 こども,川口短 こども学科 
6153000200,国際学院埼玉短期大学 幼児保育,国際学院埼玉短 幼児保育学科 
6153000301,国際学院埼玉短期大学 健康／食物栄,国際学院埼玉短 健康栄養学科 食物栄養専攻 
6153000401,国際学院埼玉短期大学 健康／調理製,国際学院埼玉短 健康栄養学科 調理製菓専攻 
6155000100,武蔵野短期大学 看護,埼玉医大短 看護学科 
6156000501,埼玉純真短期大学 こども,埼玉純真短 こども学科 
6157000100,埼玉女子短期大学 国際コミュニ,埼玉女短 国際コミュニケーション学科 
6157000200,埼玉女子短期大学 商,埼玉女短 商学科 
6160000101,埼玉東萌短期大学 幼児保育,埼玉東萌短 幼児保育学科 
6163000100,武蔵丘短期大学 健康／健康栄,武蔵丘短 健康生活学科 健康栄養専攻 
6163000200,武蔵丘短期大学 健康／健康ス,武蔵丘短 健康生活学科 健康スポーツ専攻 
6164000201,武蔵野短期大学 幼児教育,武蔵野短 幼児教育学科 
6165000201,山村学園短期大学 子ども,山村学園短 山村学園短期大学 子ども
6194000300,昭和学院短期大学 ヘルスケア栄,昭和学院短 ヘルスケア栄養学科 
6194000400,昭和学院短期大学 人間／キャリ,昭和学院短 人間生活学科 キャリア創造専攻 
6194000500,昭和学院短期大学 人間／こども,昭和学院短 人間生活学科 こども発達専攻 
6195001108,聖徳大学短期大学部 保育,聖徳大短大部 保育科 
6195001208,聖徳大学短期大学部 保育二,聖徳大短大部聖徳大学短期大学部 保育二
6195001708,聖徳大学短期大学部 総合文化,聖徳大短大部 総合文化学科 
6196000301,清和大学短期大学部 こども,清和大短大部 こども学科 
6198000201,敬愛短期大学 現代子ども,敬愛短 現代子ども学科 
6199000502,千葉経済大学短期大学部 ビジネスライ,千葉経済大短大 ビジネスライフ学科 
6199000702,千葉経済大学短期大学部 こど／初等教,千葉経済大短大 こども学科 初等教育コース 
6199000802,千葉経済大学短期大学部 こど／保育,千葉経済大短大 こども学科 保育コース 
6199000901,千葉経済大学短期大学部 こど／キッズ,千葉経済大短大 こども学科 キッズビジネスコース 
6200000100,千葉明徳短期大学 保育創造,千葉明徳短 保育創造学科 
6231000101,愛国学園短期大学 家政／生活デ,愛国学園短 家政科 生活プロデュース専攻 
6231000201,愛国学園短期大学 家政／食物栄,愛国学園短 家政科 食物栄養専攻 
6237000200,大妻女子大学短期大学部 家政／家政総,大妻女大短大部 家政科 家政総合コース 
6237000300,大妻女子大学短期大学部 家政／食と栄,大妻女大短大部 家政科 食と栄養コース 
6239000101,有明教育芸術短期大学 子ども教育,有明教育芸術短有明教育芸術短期大学 子ども教育
6241000102,共立女子短期大学 生活科学,共立女短 生活科学科 
6241000601,共立女子短期大学 文,共立女短 文科 
6245000301,国際短期大学 国際コミュニ,国際短 国際コミュニケーション学科 
6248000400,駒沢女子短期大学 保育,駒沢女短 保育科 
6253000100,日本栄養大学短期大学部 食物栄養,日本栄養大短大 食物栄養学科 
6254001000,女子美術大学短期大学部 造形,女子美大短大部 造形学科 
6255000300,白梅学園短期大学 保育,白梅学園短 保育科 
6266000101,フェリシアこども短期大学 国際こども教,フェリシア短 国際こども教育学科 
6267000101,帝京短期大学 生活科学,帝京短 生活科学科 
6267000501,帝京短期大学 こども教育,帝京短 こども教育学科 
6267000801,帝京短期大学 ライ／臨床検,帝京短 ライフケア学科 臨床検査専攻 
6267000901,帝京短期大学 ライ／柔道整,帝京短 ライフケア学科 柔道整復専攻 
6267001001,帝京短期大学 ライ／柔道二,帝京短 ライフケア学科 柔道整復専攻二部 
6268000100,帝京大学短期大学 人間文化,帝京大短 人間文化学科 
6268000200,帝京大学短期大学 現代ビジネス,帝京大短 現代ビジネス学科 
6269000101,戸板女子短期大学 国際コミュニ,戸板女短 国際コミュニケーション学科 
6269000301,戸板女子短期大学 服飾芸術,戸板女短 ファッション・ビューティ総合学科 
6273000101,東京歯科大学短期大学 歯科衛生,東京歯大短 歯科衛生学科 
6274000100,東京交通短期大学 運輸,東京交通短 運輸科 
6275000101,ヤマザキ動物看護専門職短期大学 動物トータル,ヤマザキ動職短 動物トータルケア学科 
6278000100,東京女子体育短期大学 こどもスポー,東京女子体育短 こどもスポーツ教育学科 
6279000301,東京成徳短期大学 幼児教育,東京成徳短 幼児教育科 
6282000101,新渡戸文化短期大学 臨床検査,新渡戸文化短 臨床検査学科 
6282000401,新渡戸文化短期大学 フードデザイ,新渡戸文化短 フードデザイン学科 
6283000301,東京立正短期大学 現代／現代コ,東京立正短 現代コミュニケーション学科 現代コミュニケーション専攻 
6283000401,東京立正短期大学 現代／幼児教,東京立正短 現代コミュニケーション学科 幼児教育専攻 
6284000100,東邦音楽短期大学 音楽,東邦音楽短 音楽科 
6285000100,桐朋学園芸術短期大学 芸術／演劇,桐朋学園芸術短 芸術科 演劇専攻 
6285000200,桐朋学園芸術短期大学 芸術／音楽,桐朋学園芸術短 芸術科 音楽専攻 
6292000200,日本大学短期大学部 建築・生活デ,日本大短大部 建築・生活デザイン学科 
6292000300,日本大学短期大学部 ものづくりサ,日本大短大部 ものづくり・サイエンス総合学科 
6292000401,日本大学短期大学部 ビジネス教養,日本大短大部 ビジネス教養学科 
6301000603,目白大学短期大学部 製菓,目白大短大部 製菓学科 
6301000702,目白大学短期大学部 ビジネス社会,目白大短大部 ビジネス社会学科 
6301000801,目白大学短期大学部 歯科衛生,目白大短大部 歯科衛生学科 
6302000801,山野美容芸術短期大学 美容総合,山野美容芸術短 美容総合学科 
6306000101,日本歯科大学東京短期大学 歯科技工,日本歯大東京短 歯科技工学科 
6306000202,日本歯科大学東京短期大学 歯科衛生,日本歯大東京短 歯科衛生学科 
6361000100,和泉短期大学 児童福祉,和泉短 児童福祉学科 
6362000100,小田原短期大学 食物栄養,小田原短 食物栄養学科 
6362000203,小田原短期大学 保育,小田原短 保育学科 
6364000203,鎌倉女子大学短期大学部 初等教育,鎌倉女大短大部 初等教育学科 
6370000201,神奈川歯科大学短期大学部 歯科衛生,神奈川歯大短大 歯科衛生学科 
6370000401,神奈川歯科大学短期大学部 看護,神奈川歯大短大 看護学科 
6372000201,湘北短期大学 生活プロデュ,湘北短 生活プロデュース学科 
6372000400,湘北短期大学 保育,湘北短 保育学科 
6372003401,湘北短期大学 総合ビジネス,湘北短 総合ビジネス・情報学科 
6373000301,昭和音楽大学短期大学部 音楽,昭和音大短大部 音楽科 
6375000300,洗足こども短期大学 幼児教育保育,洗足こども短洗足こども短期大学 幼児教育保育
6377000200,鶴見大学短期大学部 歯科衛生,鶴見大短大部 歯科衛生科 
6377000300,鶴見大学短期大学部 保育,鶴見大短大部 保育科 
6403000271,新潟青陵大学短期大学部 幼児教育,新潟青陵大短大 幼児教育学科 
6403000571,新潟青陵大学短期大学部 人間総合,新潟青陵大短大 人間総合学科 
6404000101,新潟中央短期大学 幼児教育,新潟中央短 幼児教育科 
6405000101,日本歯科大学新潟短期大学 歯科衛生,日本歯大新潟短 歯科衛生学科 
6405000201,日本歯科大学新潟短期大学 歯科技工,日本歯大新潟短 歯科技工学科 
6406000100,明倫短期大学 歯科技工士,明倫短 歯科技工士学科 
6406000200,明倫短期大学 歯科衛生士,明倫短 歯科衛生士学科 
6417000101,富山短期大学 経営情報,富山短 経営情報学科 
6417000201,富山短期大学 食物栄養,富山短 食物栄養学科 
6417000601,富山短期大学 幼児教育,富山短 幼児教育学科 
6417000701,富山短期大学 健康福祉,富山短富山短期大学 健康福祉
6418000101,富山福祉短期大学 社会福祉,富山福祉短 社会福祉学科 
6418000701,富山福祉短期大学 看護,富山福祉短 看護学科 
6418000801,富山福祉短期大学 幼児教育,富山福祉短 幼児教育学科 
6426001101,金沢学院短期大学 食物栄養,金沢学院短 食物栄養学科 
6426001301,金沢学院短期大学 現代教養,金沢学院短 現代教養学科 
6426001401,金沢学院短期大学 幼児教育,金沢学院短 幼児教育学科 
6427000100,金城大学短期大学部 ビジネス実務,金城大短大部 ビジネス実務学科 
6427000200,金城大学短期大学部 美術,金城大短大部 美術学科 
6427000300,金城大学短期大学部 幼児教育,金城大短大部金城大学短期大学部 幼児教育
6429000100,金沢星稜大学女子短期大学部 経営実務,金沢星稜大女短 経営実務科 
6441001000,仁愛女子短期大学 幼児教育,仁愛女短 幼児教育学科 
6441001501,仁愛女子短期大学 生活科学,仁愛女短 生活科学学科 
6451000100,帝京学園短期大学 保育,帝京学園短 こども学科 
6454000300,山梨学院短期大学 保育,山梨学院短 保育科 
6454000401,山梨学院短期大学 食物／栄養士,山梨学院短 食物栄養科 栄養士コース 
6454000501,山梨学院短期大学 食物／パティ,山梨学院短 食物栄養科 パティシエコース 
6461000100,飯田短期大学 生活／生活科,飯田短 生活科学学科 生活科学専攻 
6461000200,飯田短期大学 生活／食物栄,飯田短 生活科学学科 食物栄養専攻 
6461000500,飯田短期大学 看護,飯田短 看護学科 
6461000600,飯田短期大学 幼児教育,飯田短 幼児教育学科 
6461000700,飯田短期大学 生活／介護福,飯田短 生活科学学科 介護福祉専攻 
6462000100,上田短期大学 総合文化,上田短 総合文化学科 
6462000200,上田短期大学 幼児教育,上田短 幼児教育学科 
6464000300,信州豊南短期大学 言語コミュニ,信州豊南短 言語コミュニケーション学科 
6464000401,信州豊南短期大学 幼児教育,信州豊南短 信州豊南短期大学 幼児教育
6465000300,清泉大学短期大学部 こども,清泉大短大部 こども学科 
6468000101,長野短期大学 食物栄養,長野短 食物栄養学科 
6468000601,長野短期大学 幼児教育,長野短 幼児教育学科 
6469000100,松本大学松商短期大学部 経営情報,松本大松商短大 経営情報学科 
6469000200,松本大学松商短期大学部 商,松本大松商短大 商学科 
6470000100,松本短期大学 介護福祉,松本短 介護福祉学科 
6470000200,松本短期大学 幼児保育,松本短 幼児保育学科 
6481000100,大垣女子短期大学 音楽総合,大垣女短 音楽総合学科 
6481000300,大垣女子短期大学 歯科衛生,大垣女短 歯科衛生学科 
6481000400,大垣女子短期大学 デザイン美術,大垣女短 デザイン美術学科 
6481000500,大垣女子短期大学 幼児教育,大垣女短 幼児教育学科 
6483000100,正眼短期大学 禅・人間,正眼短 禅・人間学科 
6485000200,高山自動車短期大学 自動車工,高山自動車短 自動車工学科 
6486000302,中京学院大学短期大学部 保育,中京学院大短大 保育科 
6487000401,中部学院大学短期大学部 社会福祉,中部学院大短大 社会福祉学科 
6487000501,中部学院大学短期大学部 幼児教育,中部学院大短大 幼児教育学科 
6488000801,佐久大学信州短期大学部 幼児教育,東海学院大短大 幼児教育学科 
6489000101,中日本自動車短期大学 自動車工,中日本自動車短 自動車工学科 
6489000202,中日本自動車短期大学 モータースポ,中日本自動車短 モータースポーツエンジニアリング学科 
6491000101,平成医療短期大学 看護,平成医療短 看護学科 
6491000301,平成医療短期大学 リハ／理学療,平成医療短 リハビリテーション学科 理学療法専攻 
6491000401,平成医療短期大学 リハ／作業療,平成医療短 リハビリテーション学科 作業療法専攻 
6491000501,平成医療短期大学 リハ／視機能,平成医療短 リハビリテーション学科 視機能療法専攻 
6501000400,静岡英和学院大学短期大学部 食物栄養,静岡英和大短大 食物栄養 '22 0
6501000500,静岡英和学院大学短期大学部 現代コミュニ,静岡英和大短大 現代コミュニケーション学科 
6506000303,常葉大学短期大学部 日本語日本文,常葉大短大部 日本語日本文学科 
6506000503,常葉大学短期大学部 保育,常葉大短大部 保育科 
6508000301,浜松学院大学短期大学部 幼児教育,浜松学院大短大 幼児教育科 
6521000301,愛知学院大学短期大学部 歯科衛生,愛知学院大短大 歯科衛生学科 
6522000300,愛知学泉大学短期大学部 食物栄養,愛知学泉大短大 食物栄養学科 
6522000500,愛知学泉大学短期大学部 幼児教育,愛知学泉大短大 幼児教育学科 
6522000601,愛知学泉大学短期大学部 生活デザイン,愛知学泉大短大 生活デザイン総合学科 
6523000100,愛知工科大学自動車短期大学 自動車工,愛知自動車短愛知工科大学自動車短期大学 自動車工
6526000301,愛知大学短期大学部 ライフデザイ,愛知大短大部 ライフデザイン総合学科 
6528000100,愛知みずほ短期大学 生活／食物栄,愛知みずほ短 生活学科 食物栄養専攻 
6528000200,愛知みずほ短期大学 生活／生活文,愛知みずほ短 生活学科 生活文化専攻 
6528000501,愛知みずほ短期大学 現代幼児教育,愛知みずほ短 現代幼児教育学科 
6529000300,修文大学短期大学部 幼児教育,修文大短大部 幼児教育 '23 0
6529000402,修文大学短期大学部 生活文化,修文大短大部 生活文化学科 
6529000901,修文大学短期大学部 生活／製菓,修文大短大部 生活文化学科 製菓コース 
6532000300,岡崎短期大学 幼児教育,岡崎短 幼児教育学科 
6543000305,豊橋創造大学短期大学部 幼児教育・保,豊橋創造大短大 幼児教育・保育科 
6543000401,豊橋創造大学短期大学部 キャリアプラ,豊橋創造大短大 キャリアプランニング科 
6544000201,名古屋短期大学 現代教養,名古屋短 現代教養学科 
6544000301,名古屋短期大学 保育,名古屋短 保育科 
6546000606,名古屋経営短期大学 子ども,名古屋経営短 子ども学科 
6546000706,名古屋経営短期大学 介護福祉,名古屋経営短 介護福祉学科 
6546000806,名古屋経営短期大学 未来キャリア,名古屋経営短 未来キャリア学科 
6548000701,名古屋文化短期大学 生活／ビジネ,名古屋文化短 生活／ビジネ '23 0
6548000801,名古屋文化短期大学 生活／服飾美,名古屋文化短 生活／服飾美 '23 0
6548000901,名古屋文化短期大学 生活／フード,名古屋文化短 生活／フード '23 0
6551000701,名古屋文理大学短期大学部 食物／栄養士,名古屋文理大短名古屋文理大学短期大学部 食物／栄養士
6551000801,名古屋文理大学短期大学部 食物／製菓,名古屋文理大短名古屋文理大学短期大学部 食物／製菓
6558000100,名古屋柳城短期大学 保育,名古屋柳城短 保育科 
6573000200,高田短期大学 子ども,高田短 子ども学科 
6573000501,高田短期大学 キャ／オフィ,高田短 キャリア育成学科 オフィスワークコース 
6573000601,高田短期大学 キャ／介護福,高田短 キャリア育成学科 介護福祉コース 
6575000101,ユマニテク短期大学 幼児保育,ユマニテク短 幼児保育学科 
6581000300,滋賀短期大学 幼児教育保育,滋賀短 幼児教育保育学科 
6581001001,滋賀短期大学 デジ／食健康,滋賀短 デジタルライフビジネス学科 食健康コース 
6581001101,滋賀短期大学 デジ／製菓マ,滋賀短 デジタルライフビジネス学科 製菓マイスターコース 
6581001201,滋賀短期大学 デジ／総合医,滋賀短 デジタルライフビジネス学科 総合医療事務コース 
6581001301,滋賀短期大学 デジ／デジタ,滋賀短 デジタルライフビジネス学科 ビジネスコース 
6582000601,びわこ学院大学短期大学部 ライ／健康福,びわこ学院大短びわこ学院大学短期大学部 ライ／健康福
6582000701,びわこ学院大学短期大学部 ライ／児童学,びわこ学院大短びわこ学院大学短期大学部 ライ／児童学
6582000801,びわこ学院大学短期大学部 ライ／キャリ,びわこ学院大短びわこ学院大学短期大学部 ライ／キャリ
6593000703,華頂短期大学 幼児教育,華頂短華頂短期大学 幼児教育
6596000201,京都外国語短期大学 キャリア英夜,京都外語短 キャリア英夜 '26 0
6597000100,京都経済短期大学 経営情報,京都経済短 経営情報学科 
6602000502,京都光華大学短期大学部 ライフデザイ,京都光華大短大 ライフデザイン学科 
6602000702,京都光華大学短期大学部 歯科衛生,京都光華大短大 歯科衛生学科 
6603000300,嵯峨美術短期大学 美術,嵯峨美術短 美術学科 
6605000601,京都西山短期大学 共生／ビジネ,京都西山短 共生社会学科 ビジネス・ＩＴキャリアコース 
6605000701,京都西山短期大学 共生／こども,京都西山短 共生社会学科 こども教育コース 
6605000801,京都西山短期大学 共生／仏教,京都西山短 共生社会学科 仏教コース 
6625000102,藍野大学短期大学部 看護３年,藍野大短大部 看護学科３年課程 
6628002601,大阪音楽大学短期大学部 音楽,大阪音大短大部 音楽科 
6629000107,大阪学院大学短期大学部 経営実務,大阪学院大短大 経営実務科 
6630000300,大阪キリスト教短期大学 幼児教育,大阪キリスト短 幼児教育学科 
6633000801,大阪国際大学短期大学部 幼児保育,大阪国際大短大 幼児保育学科 
6633002401,大阪国際大学短期大学部 栄養,大阪国際大短大大阪国際大学短期大学部 栄養
6633002501,大阪国際大学短期大学部 ライ／観光英,大阪国際大短大 ライフデザイン学科 観光・英語コース 
6633002601,大阪国際大学短期大学部 ライ／キャリ,大阪国際大短大 ライフデザイン学科 キャリアデザインコース 
6635000201,大阪総合保育大学短期大学部 現代生活,大阪総合保育短大阪総合保育大学短期大学部 現代生活
6635000300,大阪総合保育大学短期大学部 総合保育,大阪総合保育短 総合保育学科 
6636000101,大阪女学院短期大学 国際コミュニ,大阪女学院短大阪女学院短期大学 国際コミュニ
6638000801,大阪夕陽丘学園短期大学 キャリア創造,夕陽丘学園短 キャリア創造 '27 0
6638001101,大阪夕陽丘学園短期大学 食物／栄養士,夕陽丘学園短 食物／栄養士 '27 0
6638001201,大阪夕陽丘学園短期大学 食物／製菓パ,夕陽丘学園短 食物／製菓パ '27 0
6640000900,大阪成蹊短期大学 幼児教育,大阪成蹊短 幼児教育学科 
6640001700,大阪成蹊短期大学 栄養,大阪成蹊短 栄養学科 
6640001800,大阪成蹊短期大学 調理・製菓,大阪成蹊短 調理・製菓学科 
6640001900,大阪成蹊短期大学 生活デザイン,大阪成蹊短 生活デザイン学科 
6641000200,大阪千代田短期大学 幼児教育,大阪千代田短 幼児教育科 
6646000100,関西外国語大学短期大学部 英米語,関西外大短大部 英米語学科 
6646000401,関西外国語大学短期大学部 未来キャリア,関西外大短大部 未来キャリア英語学科 
6647000100,関西女子短期大学 保育,関西女短 保育学科 
6647000200,関西女子短期大学 養護保健,関西女短 養護保健学科 
6647000401,関西女子短期大学 歯科衛生,関西女短 歯科衛生学科 
6647000701,関西女子短期大学 医療秘書,関西女短 医療秘書学科 
6650000101,近畿大学短期大学部 商経二,近畿大短大部 商経科二部 
6652000101,堺女子短期大学 美容生活文化,堺女短 美容生活文化学科 
6653000200,四條畷学園短期大学 保育,四條畷学園短 保育学科 
6653000901,四條畷学園短期大学 ライフデザイ,四條畷学園短 ライフデザイン総合学科 
6654000201,四天王寺大学短期大学部 ライフデザイ,四天王寺大短大四天王寺大学短期大学部 ライフデザイ
6654000301,四天王寺大学短期大学部 保育,四天王寺大短大 保育科 
6659000200,大阪常磐会大学短期大学部 乳幼児教育,大阪常磐会大短 乳幼児教育学科 
6660000202,大阪芸術大学短期大学部 メディア・芸,大阪芸術大短大 メディア・芸術学科 
6660000402,大阪芸術大学短期大学部 デザイン美術,大阪芸術大短大 デザイン美術学科 
6664001401,東大阪大学短期大学部 食物／栄養士,東大阪大短大部 実践食物学科 栄養士コース 
6664001501,東大阪大学短期大学部 食物／製菓衛,東大阪大短大部 実践食物学科 製菓衛生師コース 
6664001601,東大阪大学短期大学部 介護福祉,東大阪大短大部 介護福祉学科 
6668000102,大阪健康福祉短期大学 介護福祉,大阪健康福祉短 介護福祉学科 
6668000301,大阪健康福祉短期大学 子ども福祉,大阪健康福祉短 子ども福祉学科 
6668000401,大阪健康福祉短期大学 保育・幼児教,大阪健康福祉短 保育・幼児教育学科 
6668000801,大阪健康福祉短期大学 地域総合介護,大阪健康福祉短 地域総合介護福祉学科 
6693000200,豊岡短期大学 こども,豊岡短 こども学科 
6704000501,神戸教育短期大学 こども,神戸教育短 こども学科 
6707000203,関西学院短期大学 保育,関西学院短 保育科 
6709000100,東洋食品工業短期大学 包装食品工,東洋食品工業短 包装食品工学科 
6712000504,兵庫大学短期大学部 保育,兵庫大短大部 保育科 
6713001600,湊川短期大学 幼児教育保育,湊川短 幼児教育保育学科 
6713001701,湊川短期大学 人間生活,湊川短 人間健康教育学科 
6715000301,大手前短期大学 ライフデザイ,大手前短 ライフデザイン総合学科 
6715000401,大手前短期大学 歯科衛生,大手前短 歯科衛生学科 
6715000502,大手前短期大学 医療事務総合,大手前短 医療事務総合学科 
6734000901,奈良芸術短期大学 美術,奈良芸術短 美術科 
6737000401,大和大学白鳳短期大学部 総合／こども,大和大白鳳短大 総合人間学科 初等幼児教育専攻 
6737000901,大和大学白鳳短期大学部 総合／看護学,大和大白鳳短大 総合人間学科 看護学専攻 
6737001101,大和大学白鳳短期大学部 総合／理学療,大和大白鳳短大 総合人間学科 リハビリテーション学 理学療法学専攻
6737001201,大和大学白鳳短期大学部 総合／作業療,大和大白鳳短大 総合人間学科 リハビリテーション学 作業療法学専攻
6756000200,鳥取短期大学 生活／フード,鳥取短 生活学科 フードデザイン専攻 
6756000500,鳥取短期大学 幼児教育保育,鳥取短 幼児教育保育学科 
6756000600,鳥取短期大学 地域コミュニ,鳥取短 地域コミュニケーション学科 
6756000700,鳥取短期大学 生活／情報経,鳥取短 生活学科 情報・経営専攻 
6756000800,鳥取短期大学 生活／住居デ,鳥取短 生活学科 住居・デザイン専攻 
6776000500,岡山短期大学 幼児教育,岡山短 幼児教育学科 
6777000400,川崎医療短期大学 看護,川崎医療短 看護学科 
6777000800,川崎医療短期大学 医療介護福祉,川崎医療短 医療介護福祉学科 
6779000501,作陽短期大学 音楽／音楽,作陽短 音楽学科 音楽専攻 
6779000601,作陽短期大学 音楽／幼児教,作陽短 音楽学科 幼児教育専攻 
6780000100,山陽学園短期大学 健康栄養,山陽学園短 健康栄養学科 
6780000400,山陽学園短期大学 こども育成,山陽学園短 こども育成学科 
6783000400,中国短期大学 情報ビジネス,中国短 情報ビジネス学科 
6783000700,中国短期大学 保育,中国短 保育学科 
6783001100,中国短期大学 総合生活,中国短 総合生活学科 
6797001000,山陽女子短期大学 人間生活,山陽女短 人間生活学科 
6797001101,山陽女子短期大学 臨床検査,山陽女短 臨床検査学科 
6800000300,比治山大学短期大学部 美術,比治山大短大部比治山大学短期大学部 美術
6800000400,比治山大学短期大学部 幼児教育,比治山大短大部比治山大学短期大学部 幼児教育
6800000501,比治山大学短期大学部 総合生活デザ,比治山大短大部比治山大学短期大学部 総合生活デザ
6805000601,広島文化学園短期大学 保育,広島文化学園短 保育学科 
6805000700,広島文化学園短期大学 食物栄養,広島文化学園短 健康デザイン学科 
6805001000,広島文化学園短期大学 コミュニティ,広島文化学園短 コミュニティ生活学科 
6816000200,岩国短期大学 幼児教育,岩国短 幼児教育科 
6817000800,宇部フロンティア大学短期大学部 保育,フロンティア短 保育学科 
6817001200,宇部フロンティア大学短期大学部 食物栄養,フロンティア短 食物栄養学科 
6818000400,下関短期大学 保育,下関短 保育学科 
6823000100,山口短期大学 児童／初等教,山口短 児童教育学科 初等教育学専攻 
6823000200,山口短期大学 児童／幼児教,山口短 児童教育学科 幼児教育学専攻 
6823000300,山口短期大学 情報メディア,山口短 情報メディア学科 
6824000401,山口芸術短期大学 保育,山口芸術短 保育学科 
6824000801,山口芸術短期大学 芸術表現,山口芸術短 芸術表現学科 
6831001100,四国大学短期大学部 幼児教育保育,四国大短大部 幼児教育保育科 
6831001200,四国大学短期大学部 ビジネス・コ,四国大短大部 ビジネス・コミュニケーション科 
6832000100,徳島工業短期大学 自動車工,徳島工業短 自動車工業学科 
6833000100,徳島文理大学短期大学部 音楽,徳島文理大短大 音楽科 
6833000301,徳島文理大学短期大学部 商,徳島文理大短大 商科 
6833000401,徳島文理大学短期大学部 生活／食物,徳島文理大短大 生活科学科 食物専攻 
6833000501,徳島文理大学短期大学部 生活／生活科,徳島文理大短大 生活科学科 生活科学専攻 
6833000801,徳島文理大学短期大学部 保育,徳島文理大短大 保育科 
6833001101,徳島文理大学短期大学部 言語コミュニ,徳島文理大短大 言語コミュニケーション学科 
6841000101,香川短期大学 経営情報・デ,香川短 経営情報・デザイン学科 
6841000600,香川短期大学 子ども,香川短 子ども学科 
6841001101,香川短期大学 食物栄養,香川短 食物栄養学科 
6845000400,高松短期大学 ビジネスデザ,高松短 ビジネスデザイン学科 
6845000600,高松短期大学 保育,高松短 保育学科 
6846000101,せとうち観光専門職短期大学 観光振興,せとうち観職短 観光振興学科 
6851000101,今治明徳短期大学 ライフデザイ,今治明徳短 ライフデザイン学科 
6851000200,今治明徳短期大学 幼児教育,今治明徳短 幼児教育学科 
6853000801,聖カタリナ大学短期大学部 保育,聖カタリナ大短 保育学科 
6854000100,松山短期大学 商２,松山短 地域マネジメント学科 
6855000500,松山東雲短期大学 現代ビジネス,松山東雲短 松山東雲短期大学 現代ビジネス
6855000600,松山東雲短期大学 保育,松山東雲短 保育科 
6855001101,松山東雲短期大学 食物栄養,松山東雲短 食物栄養学科 
6861000800,高知学園短期大学 幼児保育,高知学園短 幼児保育学科 
6861000901,高知学園短期大学 看護,高知学園短 看護学科 
6861001101,高知学園短期大学 歯科衛生,高知学園短 歯科衛生学科 
6872000100,折尾愛真短期大学 経済,折尾愛真短 経済科 
6873000100,九州大谷短期大学 表現,九州大谷短 表現学科 
6873000200,九州大谷短期大学 仏教,九州大谷短 仏教学科 
6873000300,九州大谷短期大学 幼児教育,九州大谷短 幼児教育学科 
6874000801,九州女子短期大学 子ども健康,九州女短 子ども健康学科 
6875000401,九州産業大学造形短期大学部 造形芸術,九州産大造形短 造形芸術学科 
6878000102,近畿大学九州短期大学 生活福祉情報,近畿大九州短近畿大学九州短期大学 生活福祉情報
6878000202,近畿大学九州短期大学 保育,近畿大九州短 保育科 
6880000900,香蘭女子短期大学 保育,香蘭女短 保育学科 
6880001101,香蘭女子短期大学 ファッション,香蘭女短 ファッション総合学科 
6880001400,香蘭女子短期大学 ライフプラン,香蘭女短 ライフプランニング総合学科 
6880001500,香蘭女子短期大学 食物栄養,香蘭女短 食物栄養学科 
6883000100,精華女子短期大学 生活／食物栄,精華女短 生活科学科 食物栄養専攻 
6883000200,精華女子短期大学 生活／生活総,精華女短 生活科学科 生活総合ビジネス専攻 
6883000300,精華女子短期大学 幼児保育,精華女短 幼児保育学科 
6886000100,福岡こども短期大学 こども教育,福岡こども短 こども教育学科 
6889000200,中村学園大学短期大学部 食物栄養,中村学園大短大 食物栄養学科 
6889000300,中村学園大学短期大学部 幼児保育,中村学園大短大 幼児保育学科 
6889000401,中村学園大学短期大学部 キャリア開発,中村学園大短大 キャリア開発学科 
6890000100,西日本短期大学 緑地環境,西日本短 緑地環境学科 
6890000200,西日本短期大学 ビジネス法,西日本短 ビジネス法学科 
6890000400,西日本短期大学 社会福祉,西日本短 社会福祉学科 
6890000501,西日本短期大学 保育,西日本短 保育学科 
6890000701,西日本短期大学 メディア・プ,西日本短 メディア・プロモーション学科 
6891000101,東筑紫短期大学 食物栄養,東筑紫短 食物栄養学科 
6891000400,東筑紫短期大学 保育,東筑紫短 保育学科 
6892000201,福岡工業大学短期大学部 情報メディア,福岡工大短大部福岡工業大学短期大学部 情報メディア
6894001901,福岡短期大学 健康／栄養士,福岡短 健康栄養学科 栄養士コース 
6894002001,福岡短期大学 健康／調理師,福岡短 健康栄養学科 調理師コース 
6895000100,福岡医療短期大学 歯科衛生,福岡医療短 歯科衛生学科 
6907000301,西九州大学短期大学部 幼児保育,西九州大短大部 幼児保育学科 
6907000501,西九州大学短期大学部 地域生活支援,西九州大短大部 地域生活支援学科 
6908001101,佐賀女子短期大学 こども未来,佐賀女短 こども未来学科 
6908001401,佐賀女子短期大学 地域／介護福,佐賀女短 地域みらい学科 介護福祉フィールド 
6908001701,佐賀女子短期大学 地域／観光Ｉ,佐賀女短 地域みらい学科 観光・ＩＴビジネスフィールド 
6908001801,佐賀女子短期大学 地域／アート,佐賀女短 地域みらい学科 アート・デザインフィールド 
6908002001,佐賀女子短期大学 地域／司書ア,佐賀女短 地域みらい学科 司書アーカイブズフィールド 
6919000301,長崎短期大学 保育,長崎短 保育学科 
6919001001,長崎短期大学 地域／食物栄,長崎短 地域共生学科 食物栄養コース 
6919001201,長崎短期大学 地域／介護福,長崎短 地域共生学科 介護福祉コース 
6919001301,長崎短期大学 地域／国際コ,長崎短 地域共生学科 国際コミュニケーションコース 
6922000100,長崎女子短期大学 生活／栄養士,長崎女短 生活創造学科 栄養士コース 
6922000400,長崎女子短期大学 幼児教育,長崎女短 幼児教育学科 
6922000500,長崎女子短期大学 生活／地域未,長崎女短 生活創造学科 地域未来創生コース 
6935000300,尚絅大学短期大学部 幼児教育,尚絅大短大部 幼児教育学科 
6935000501,尚絅大学短期大学部 食物栄養,尚絅大短大部 食物栄養学科 
6946000100,大分短期大学 園芸,大分短 園芸科 
6947000300,東九州短期大学 幼児教育,東九州短 幼児教育学科 
6948000300,別府溝部学園短期大学 幼児教育,別府溝部学園短 幼児教育学科 
6948000400,別府溝部学園短期大学 介護福祉,別府溝部学園短 介護福祉学科 
6948000501,別府溝部学園短期大学 ライフデザイ,別府溝部学園短 ライフデザイン総合学科 
6948000601,別府溝部学園短期大学 食物栄養,別府溝部学園短 食物栄養学科 
6949000300,別府大学短期大学部 初等教育,別府大短大部 初等教育科 
6949000600,別府大学短期大学部 食物栄養,別府大短大部 食物栄養科 
6958000500,宮崎学園短期大学 保育,宮崎学園短 保育科 
6958000701,宮崎学園短期大学 現代ビジネス,宮崎学園短 現代ビジネス科 
6968000100,鹿児島女子短期大学 教養,鹿児島女短 教養学科 
6968000901,鹿児島女子短期大学 児童教育,鹿児島女短 児童教育学科 
6968001101,鹿児島女子短期大学 生活科学,鹿児島女短 生活科学科 
6969000100,第一幼児教育短期大学 幼児教育,第一幼児教育短 幼児教育科 
6976000200,沖縄キリスト教短期大学 地域こども保,沖縄キリスト短 地域こども保育学科 
6978000600,沖縄女子短期大学 総合ビジネス,沖縄女短 総合ビジネス学科 
6978000901,沖縄女子短期大学 児童／初等教,沖縄女短 児童教育学科 初等教育コース 
6978001001,沖縄女子短期大学 児童／心理福,沖縄女短 児童教育学科 心理教育・福祉教育コース 
9100000000,国公立４年制大学,その他 未定
9110000000,国公立４年制大(文系),その他 未定
9120000000,国公立４年制大(理系),その他 未定
9200000000,私立４年生大学,その他 未定
9210000000,私立４年生大学(文系),その他 未定
9220000000,私立４年生大学(理系),その他 未定
9300000000,海外大学,その他 未定
9400000000,短期大学,その他 未定
9500000000,専門学校,その他 未定
9510000000,専門（工業）,その他 未定
9520000000,専門（医療）,その他 未定
9530000000,専門（服飾）,その他 未定
9900000000,就職,その他 未定
9990000000,未回答,その他 未定
